date,temperature_2m,relative_humidity_2m,rain,surface_pressure
2023-01-01 00:00:00+00:00,11.25,94.19231,0.1,1000.8749
2023-01-01 01:00:00+00:00,11.9,85.24167,0.4,1001.67773
2023-01-01 02:00:00+00:00,11.0,80.37128,0.0,1002.66986
2023-01-01 03:00:00+00:00,10.4,78.38473,0.0,1003.66376
2023-01-01 04:00:00+00:00,10.25,77.29165,0.0,1004.2614
2023-01-01 05:00:00+00:00,10.05,79.143814,0.0,1004.9588
2023-01-01 06:00:00+00:00,9.8,80.20327,0.0,1005.556
2023-01-01 07:00:00+00:00,9.8,77.48729,0.0,1006.45435
2023-01-01 08:00:00+00:00,9.8,76.6885,0.0,1007.05316
2023-01-01 09:00:00+00:00,10.15,73.374054,0.0,1007.85376
2023-01-01 10:00:00+00:00,10.75,72.7258,0.0,1008.05756
2023-01-01 11:00:00+00:00,11.4,73.59907,0.0,1008.1618
2023-01-01 12:00:00+00:00,11.4,79.071976,0.0,1007.9622
2023-01-01 13:00:00+00:00,11.45,80.16124,0.1,1008.06226
2023-01-01 14:00:00+00:00,10.95,82.30104,0.1,1007.65985
2023-01-01 15:00:00+00:00,10.6,84.525444,0.0,1007.358
2023-01-01 16:00:00+00:00,10.3,85.940475,0.1,1007.2562
2023-01-01 17:00:00+00:00,10.05,87.091484,0.3,1007.1545
2023-01-01 18:00:00+00:00,9.75,90.68681,0.8,1006.85315
2023-01-01 19:00:00+00:00,9.5,90.055,0.7,1007.05096
2023-01-01 20:00:00+00:00,9.05,89.7145,0.2,1006.5487
2023-01-01 21:00:00+00:00,8.9,91.24731,0.2,1006.448
2023-01-01 22:00:00+00:00,8.65,92.48535,0.6,1006.5462
2023-01-01 23:00:00+00:00,8.5,93.110466,0.4,1006.8444
2023-01-02 00:00:00+00:00,7.9,92.12517,0.1,1007.2395
2023-01-02 01:00:00+00:00,7.5,92.41875,0.1,1007.43634
2023-01-02 02:00:00+00:00,6.7,92.05224,0.0,1008.0294
2023-01-02 03:00:00+00:00,6.75,91.41914,0.0,1008.5291
2023-01-02 04:00:00+00:00,7.45,90.52293,0.0,1008.6336
2023-01-02 05:00:00+00:00,7.3,91.45524,0.0,1009.2315
2023-01-02 06:00:00+00:00,7.15,93.038414,0.0,1009.7293
2023-01-02 07:00:00+00:00,6.8,93.66526,0.0,1010.62524
2023-01-02 08:00:00+00:00,6.1,95.271065,0.0,1011.5185
2023-01-02 09:00:00+00:00,6.55,94.63081,0.0,1012.81903
2023-01-02 10:00:00+00:00,7.4,89.895775,0.0,1014.02277
2023-01-02 11:00:00+00:00,7.75,86.56882,0.0,1014.9237
2023-01-02 12:00:00+00:00,8.15,82.511444,0.0,1015.62506
2023-01-02 13:00:00+00:00,8.3,79.15912,0.0,1016.4245
2023-01-02 14:00:00+00:00,8.0,77.20122,0.0,1017.1209
2023-01-02 15:00:00+00:00,7.25,82.974625,0.0,1017.91437
2023-01-02 16:00:00+00:00,4.1,92.54354,0.0,1018.78986
2023-01-02 17:00:00+00:00,3.1,93.47944,0.0,1019.5809
2023-01-02 18:00:00+00:00,2.25,93.771324,0.0,1020.07385
2023-01-02 19:00:00+00:00,1.6,94.07766,0.0,1020.4682
2023-01-02 20:00:00+00:00,1.2,93.71928,0.0,1020.9644
2023-01-02 21:00:00+00:00,1.35,93.05173,0.0,1021.16504
2023-01-02 22:00:00+00:00,0.95,94.046974,0.0,1021.2619
2023-01-02 23:00:00+00:00,1.25,93.04623,0.0,1021.26404
2023-01-03 00:00:00+00:00,2.15,93.430405,0.0,1021.1707
2023-01-03 01:00:00+00:00,3.2,91.506645,0.0,1020.5799
2023-01-03 02:00:00+00:00,3.25,94.48981,0.0,1020.38055
2023-01-03 03:00:00+00:00,3.85,96.20032,0.0,1020.0854
2023-01-03 04:00:00+00:00,4.4,96.89516,0.0,1019.6903
2023-01-03 05:00:00+00:00,4.9,96.90748,0.0,1019.4942
2023-01-03 06:00:00+00:00,5.6,94.590775,0.0,1019.1999
2023-01-03 07:00:00+00:00,6.05,92.65569,0.0,1018.9037
2023-01-03 08:00:00+00:00,7.65,90.22567,0.0,1018.8153
2023-01-03 09:00:00+00:00,8.85,87.27502,0.1,1018.6241
2023-01-03 10:00:00+00:00,9.3,87.01956,0.1,1018.3278
2023-01-03 11:00:00+00:00,9.4,86.73234,0.6,1017.92926
2023-01-03 12:00:00+00:00,9.65,89.456375,0.1,1017.33203
2023-01-03 13:00:00+00:00,10.15,87.99236,0.1,1016.4372
2023-01-03 14:00:00+00:00,10.5,87.13436,0.1,1015.841
2023-01-03 15:00:00+00:00,10.4,88.31302,0.1,1015.1416
2023-01-03 16:00:00+00:00,10.55,87.73081,0.1,1014.64355
2023-01-03 17:00:00+00:00,10.55,88.62501,0.1,1013.94495
2023-01-03 18:00:00+00:00,10.6,89.22963,0.3,1012.9472
2023-01-03 19:00:00+00:00,10.8,89.848816,0.3,1012.34955
2023-01-03 20:00:00+00:00,11.3,89.285736,0.4,1011.854
2023-01-03 21:00:00+00:00,11.6,91.11948,0.3,1011.35724
2023-01-03 22:00:00+00:00,12.3,90.56222,0.5,1011.4618
2023-01-03 23:00:00+00:00,12.4,88.19074,0.0,1011.66205
2023-01-04 00:00:00+00:00,11.9,91.139465,0.0,1011.65857
2023-01-04 01:00:00+00:00,12.0,90.239784,0.0,1011.4596
2023-01-04 02:00:00+00:00,12.05,87.572845,0.0,1011.2602
2023-01-04 03:00:00+00:00,12.0,88.74687,0.2,1011.25995
2023-01-04 04:00:00+00:00,12.15,89.65154,0.4,1010.46246
2023-01-04 05:00:00+00:00,12.3,90.56222,0.0,1010.1642
2023-01-04 06:00:00+00:00,12.55,89.682274,0.0,1010.1658
2023-01-04 07:00:00+00:00,12.65,89.68994,0.0,1010.7654
2023-01-04 08:00:00+00:00,12.35,89.66692,0.1,1011.3623
2023-01-04 09:00:00+00:00,12.6,84.18345,0.1,1011.96277
2023-01-04 10:00:00+00:00,12.35,84.7207,0.0,1012.36035
2023-01-04 11:00:00+00:00,12.7,83.075806,0.0,1012.4624
2023-01-04 12:00:00+00:00,12.85,82.81653,0.0,1011.86444
2023-01-04 13:00:00+00:00,13.05,80.6536,0.1,1011.866
2023-01-04 14:00:00+00:00,12.95,75.900665,0.0,1012.06506
2023-01-04 15:00:00+00:00,12.5,76.860405,0.0,1012.1617
2023-01-04 16:00:00+00:00,11.9,80.22419,0.0,1012.6567
2023-01-04 17:00:00+00:00,11.5,79.35586,0.0,1013.3524
2023-01-04 18:00:00+00:00,10.8,79.52503,0.0,1013.9465
2023-01-04 19:00:00+00:00,10.1,81.63209,0.0,1014.4408
2023-01-04 20:00:00+00:00,9.9,83.299774,0.0,1015.3377
2023-01-04 21:00:00+00:00,9.9,84.15839,0.0,1015.53735
2023-01-04 22:00:00+00:00,10.15,83.61486,0.0,1015.7385
2023-01-04 23:00:00+00:00,10.35,82.78765,0.0,1016.33905
2023-01-05 00:00:00+00:00,10.15,82.48051,0.0,1016.73663
2023-01-05 01:00:00+00:00,9.9,83.299774,0.0,1017.2341
2023-01-05 02:00:00+00:00,9.65,84.707214,0.0,1017.5317
2023-01-05 03:00:00+00:00,9.45,86.441376,0.0,1018.12915
2023-01-05 04:00:00+00:00,9.15,89.11205,0.0,1018.1272
2023-01-05 05:00:00+00:00,8.85,90.314186,0.0,1018.32465
2023-01-05 06:00:00+00:00,9.1,89.412704,0.0,1018.4261
2023-01-05 07:00:00+00:00,8.45,92.790344,0.0,1018.721
2023-01-05 08:00:00+00:00,7.75,95.33171,0.0,1018.7163
2023-01-05 09:00:00+00:00,9.45,89.74542,0.0,1018.52844
2023-01-05 10:00:00+00:00,10.55,90.13324,0.0,1018.4363
2023-01-05 11:00:00+00:00,12.15,88.75937,0.0,1018.34735
2023-01-05 12:00:00+00:00,12.3,86.14481,0.1,1017.94934
2023-01-05 13:00:00+00:00,12.9,83.100006,0.0,1017.3543
2023-01-05 14:00:00+00:00,12.55,85.59661,0.0,1016.6533
2023-01-05 15:00:00+00:00,12.1,84.97764,0.0,1016.0514
2023-01-05 16:00:00+00:00,11.25,87.79421,0.0,1015.7463
2023-01-05 17:00:00+00:00,11.2,86.32359,0.0,1015.54626
2023-01-05 18:00:00+00:00,10.15,90.40876,0.0,1015.2395
2023-01-05 19:00:00+00:00,10.1,91.01853,0.0,1014.74023
2023-01-05 20:00:00+00:00,10.95,85.717125,0.0,1014.44684
2023-01-05 21:00:00+00:00,11.1,84.58159,0.0,1013.84894
2023-01-05 22:00:00+00:00,11.2,83.45602,0.0,1013.0511
2023-01-05 23:00:00+00:00,11.25,83.179985,0.0,1012.05334
2023-01-06 00:00:00+00:00,11.2,85.45433,0.0,1011.2546
2023-01-06 01:00:00+00:00,11.1,86.605225,0.2,1010.4555
2023-01-06 02:00:00+00:00,11.15,90.177536,0.9,1010.65533
2023-01-06 03:00:00+00:00,9.95,82.45524,0.1,1011.74506
2023-01-06 04:00:00+00:00,7.75,85.08126,0.0,1012.6281
2023-01-06 05:00:00+00:00,6.85,88.30517,0.0,1012.9212
2023-01-06 06:00:00+00:00,6.45,89.51006,0.0,1013.11786
2023-01-06 07:00:00+00:00,6.15,91.06149,0.0,1013.6147
2023-01-06 08:00:00+00:00,5.7,92.63574,0.0,1013.9109
2023-01-06 09:00:00+00:00,6.0,92.65286,0.0,1014.41223
2023-01-06 10:00:00+00:00,7.25,89.57361,0.0,1014.52094
2023-01-06 11:00:00+00:00,8.55,87.54699,0.0,1014.1305
2023-01-06 12:00:00+00:00,9.55,84.40655,0.0,1013.6385
2023-01-06 13:00:00+00:00,10.2,79.984856,0.0,1013.0441
2023-01-06 14:00:00+00:00,10.35,79.187935,0.0,1012.34674
2023-01-06 15:00:00+00:00,10.05,83.3179,0.0,1011.6458
2023-01-06 16:00:00+00:00,10.05,89.48795,0.0,1010.9472
2023-01-06 17:00:00+00:00,11.0,90.16649,0.0,1010.6545
2023-01-06 18:00:00+00:00,11.45,88.99885,0.0,1010.55743
2023-01-06 19:00:00+00:00,11.7,87.83472,0.0,1010.5594
2023-01-06 20:00:00+00:00,11.95,85.53363,0.0,1010.26154
2023-01-06 21:00:00+00:00,11.9,84.67082,0.0,1009.76227
2023-01-06 22:00:00+00:00,11.5,86.64452,0.0,1009.45996
2023-01-06 23:00:00+00:00,11.6,85.784805,0.0,1008.6624
2023-01-07 00:00:00+00:00,11.55,85.779625,0.0,1007.8636
2023-01-07 01:00:00+00:00,11.6,85.784805,0.0,1006.76605
2023-01-07 02:00:00+00:00,11.55,84.91755,0.0,1005.6678
2023-01-07 03:00:00+00:00,11.4,84.330055,0.0,1005.06775
2023-01-07 04:00:00+00:00,11.35,83.756546,0.0,1004.1691
2023-01-07 05:00:00+00:00,11.25,82.89884,0.0,1002.9709
2023-01-07 06:00:00+00:00,11.1,79.02782,0.0,1001.97186
2023-01-07 07:00:00+00:00,11.0,77.941154,0.1,1000.97314
2023-01-07 08:00:00+00:00,10.75,80.88632,0.7,999.87335
2023-01-07 09:00:00+00:00,10.1,87.09626,0.6,998.77106
2023-01-07 10:00:00+00:00,10.05,87.091484,0.5,997.9723
2023-01-07 11:00:00+00:00,10.45,87.425224,0.6,997.4761
2023-01-07 12:00:00+00:00,10.55,85.96626,0.1,996.778
2023-01-07 13:00:00+00:00,10.95,84.56478,0.1,995.5831
2023-01-07 14:00:00+00:00,10.8,87.457726,0.2,994.5838
2023-01-07 15:00:00+00:00,10.95,87.17702,0.2,994.38544
2023-01-07 16:00:00+00:00,10.1,87.6898,0.9,994.3795
2023-01-07 17:00:00+00:00,9.7,87.65317,1.0,993.97784
2023-01-07 18:00:00+00:00,9.1,84.64553,0.0,994.3727
2023-01-07 19:00:00+00:00,8.2,80.815475,0.0,994.96564
2023-01-07 20:00:00+00:00,7.55,81.861664,0.0,995.9589
2023-01-07 21:00:00+00:00,7.25,81.53624,0.0,995.95715
2023-01-07 22:00:00+00:00,7.55,79.88264,0.0,995.9589
2023-01-07 23:00:00+00:00,7.65,80.45776,0.0,995.9599
2023-01-08 00:00:00+00:00,8.35,78.34321,0.0,995.4656
2023-01-08 01:00:00+00:00,8.1,80.24083,0.0,994.86487
2023-01-08 02:00:00+00:00,7.75,83.32606,0.0,994.9625
2023-01-08 03:00:00+00:00,7.5,82.71671,0.4,995.1602
2023-01-08 04:00:00+00:00,7.0,86.19262,0.0,994.6578
2023-01-08 05:00:00+00:00,7.05,85.00387,0.0,993.85956
2023-01-08 06:00:00+00:00,6.95,84.99276,0.0,993.3599
2023-01-08 07:00:00+00:00,7.0,85.593636,0.0,993.1607
2023-01-08 08:00:00+00:00,6.75,86.7706,0.0,992.56036
2023-01-08 09:00:00+00:00,7.1,85.00942,0.0,992.0634
2023-01-08 10:00:00+00:00,8.15,82.511444,0.0,991.47205
2023-01-08 11:00:00+00:00,8.7,82.58109,0.0,991.0766
2023-01-08 12:00:00+00:00,8.55,79.748566,0.1,990.7759
2023-01-08 13:00:00+00:00,8.8,80.339584,0.1,989.2807
2023-01-08 14:00:00+00:00,8.9,78.973434,0.1,988.2832
2023-01-08 15:00:00+00:00,8.25,81.10382,0.1,987.5802
2023-01-08 16:00:00+00:00,7.6,83.59836,0.0,987.4758
2023-01-08 17:00:00+00:00,7.15,85.01495,0.1,987.5726
2023-01-08 18:00:00+00:00,6.8,85.572205,0.0,987.6701
2023-01-08 19:00:00+00:00,6.0,86.08917,0.0,988.06384
2023-01-08 20:00:00+00:00,5.1,85.08625,0.0,988.15735
2023-01-08 21:00:00+00:00,4.75,83.25074,0.0,987.8555
2023-01-08 22:00:00+00:00,5.55,81.30678,0.5,987.2622
2023-01-08 23:00:00+00:00,5.0,90.025925,0.4,986.55963
2023-01-09 00:00:00+00:00,5.25,93.26124,0.1,986.8609
2023-01-09 01:00:00+00:00,6.05,90.42108,0.2,987.6648
2023-01-09 02:00:00+00:00,5.6,90.70534,0.0,988.75964
2023-01-09 03:00:00+00:00,5.6,89.44193,0.0,989.95734
2023-01-09 04:00:00+00:00,5.1,90.669556,0.0,991.0517
2023-01-09 05:00:00+00:00,4.9,90.33622,0.0,991.9484
2023-01-09 06:00:00+00:00,4.6,91.27585,0.0,992.6449
2023-01-09 07:00:00+00:00,4.55,90.629944,0.0,993.6426
2023-01-09 08:00:00+00:00,4.45,89.665726,0.0,994.64
2023-01-09 09:00:00+00:00,4.85,88.12676,0.0,995.94025
2023-01-09 10:00:00+00:00,6.1,83.711105,0.0,997.24646
2023-01-09 11:00:00+00:00,7.3,79.01015,0.0,998.5523
2023-01-09 12:00:00+00:00,8.05,77.751526,0.0,999.45557
2023-01-09 13:00:00+00:00,8.25,74.060936,0.0,1000.4552
2023-01-09 14:00:00+00:00,8.15,68.50913,0.0,1001.45264
2023-01-09 15:00:00+00:00,7.55,67.41486,0.0,1002.84546
2023-01-09 16:00:00+00:00,6.45,70.642136,0.0,1004.335
2023-01-09 17:00:00+00:00,5.8,73.09236,0.0,1005.9273
2023-01-09 18:00:00+00:00,5.4,72.494156,0.0,1006.9225
2023-01-09 19:00:00+00:00,4.9,72.92439,0.0,1007.8172
2023-01-09 20:00:00+00:00,4.6,73.1324,0.0,1008.81305
2023-01-09 21:00:00+00:00,4.45,73.3698,0.0,1010.20935
2023-01-09 22:00:00+00:00,4.05,77.11073,0.0,1011.2045
2023-01-09 23:00:00+00:00,3.6,80.74668,0.0,1011.7004
2023-01-10 00:00:00+00:00,3.95,81.08705,0.0,1012.0023
2023-01-10 01:00:00+00:00,3.55,84.00242,0.0,1012.5982
2023-01-10 02:00:00+00:00,3.15,86.40709,0.0,1012.89453
2023-01-10 03:00:00+00:00,3.55,86.13907,0.0,1013.2969
2023-01-10 04:00:00+00:00,3.8,83.73136,0.0,1012.89923
2023-01-10 05:00:00+00:00,3.65,83.71319,0.0,1012.29944
2023-01-10 06:00:00+00:00,4.5,82.332695,0.0,1011.90625
2023-01-10 07:00:00+00:00,5.7,82.48776,0.1,1011.01654
2023-01-10 08:00:00+00:00,7.2,88.02992,0.7,1010.1291
2023-01-10 09:00:00+00:00,7.7,88.685715,1.2,1009.0348
2023-01-10 10:00:00+00:00,8.05,89.021576,1.2,1007.9391
2023-01-10 11:00:00+00:00,8.5,90.598274,1.2,1006.3454
2023-01-10 12:00:00+00:00,9.3,91.89637,1.4,1005.0535
2023-01-10 13:00:00+00:00,11.1,92.6244,0.0,1003.86816
2023-01-10 14:00:00+00:00,11.95,92.364174,0.1,1002.9755
2023-01-10 15:00:00+00:00,12.25,89.65924,0.0,1002.67834
2023-01-10 16:00:00+00:00,12.15,89.35328,0.0,1002.3779
2023-01-10 17:00:00+00:00,12.1,89.94694,0.1,1001.57916
2023-01-10 18:00:00+00:00,12.3,88.182045,0.0,1000.9819
2023-01-10 19:00:00+00:00,12.3,88.47651,0.0,1000.5826
2023-01-10 20:00:00+00:00,12.4,88.485016,0.1,999.9845
2023-01-10 21:00:00+00:00,12.5,88.49352,0.2,999.98505
2023-01-10 22:00:00+00:00,12.3,89.96191,0.1,1000.5826
2023-01-10 23:00:00+00:00,12.05,86.98893,0.1,1001.479
2023-01-11 00:00:00+00:00,10.3,86.23287,0.0,1002.5653
2023-01-11 01:00:00+00:00,9.65,86.75684,0.0,1003.1595
2023-01-11 02:00:00+00:00,8.95,87.58407,0.0,1004.25256
2023-01-11 03:00:00+00:00,8.4,87.23231,0.0,1004.8476
2023-01-11 04:00:00+00:00,7.85,85.38776,0.0,1005.2431
2023-01-11 05:00:00+00:00,7.35,85.631,0.0,1005.63885
2023-01-11 06:00:00+00:00,7.1,85.90315,0.0,1006.2358
2023-01-11 07:00:00+00:00,6.8,86.47331,0.0,1007.0323
2023-01-11 08:00:00+00:00,6.6,86.15137,0.0,1007.7294
2023-01-11 09:00:00+00:00,6.9,84.395164,0.0,1008.3303
2023-01-11 10:00:00+00:00,7.95,79.383965,0.0,1008.9365
2023-01-11 11:00:00+00:00,9.0,73.42089,0.0,1009.04364
2023-01-11 12:00:00+00:00,9.8,71.29784,0.0,1008.7499
2023-01-11 13:00:00+00:00,10.25,66.111115,0.0,1007.9543
2023-01-11 14:00:00+00:00,9.85,70.5656,0.0,1007.3529
2023-01-11 15:00:00+00:00,9.5,72.49413,0.1,1006.55194
2023-01-11 16:00:00+00:00,9.0,78.98833,0.7,1006.7481
2023-01-11 17:00:00+00:00,8.65,85.17991,1.3,1006.4464
2023-01-11 18:00:00+00:00,8.65,84.88691,0.1,1006.4464
2023-01-11 19:00:00+00:00,8.6,84.00739,0.1,1006.74524
2023-01-11 20:00:00+00:00,8.6,85.17445,0.1,1006.84503
2023-01-11 21:00:00+00:00,8.9,84.332275,0.0,1006.7474
2023-01-11 22:00:00+00:00,9.05,84.05989,0.1,1006.4489
2023-01-11 23:00:00+00:00,9.5,83.53736,0.3,1005.25446
2023-01-12 00:00:00+00:00,9.65,86.46139,0.3,1003.3591
2023-01-12 01:00:00+00:00,10.2,87.69893,0.5,1001.86566
2023-01-12 02:00:00+00:00,10.75,87.74898,0.5,1001.2707
2023-01-12 03:00:00+00:00,11.05,87.776146,0.4,1000.9734
2023-01-12 04:00:00+00:00,11.25,87.79421,0.6,1000.97473
2023-01-12 05:00:00+00:00,11.35,87.214775,0.6,1000.67584
2023-01-12 06:00:00+00:00,11.35,88.09878,0.7,1000.7757
2023-01-12 07:00:00+00:00,11.4,87.80775,0.5,1001.07544
2023-01-12 08:00:00+00:00,11.5,86.06361,0.1,1001.5751
2023-01-12 09:00:00+00:00,11.35,89.28972,0.3,1001.57416
2023-01-12 10:00:00+00:00,11.75,87.25237,0.1,1001.8764
2023-01-12 11:00:00+00:00,12.1,86.993706,0.0,1001.6789
2023-01-12 12:00:00+00:00,11.45,90.50197,0.1,1000.77625
2023-01-12 13:00:00+00:00,11.95,88.44665,0.1,1000.2807
2023-01-12 14:00:00+00:00,11.75,88.726,0.1,999.5808
2023-01-12 15:00:00+00:00,11.55,89.00703,0.2,999.2801
2023-01-12 16:00:00+00:00,11.0,89.864006,0.0,999.2764
2023-01-12 17:00:00+00:00,10.3,89.50763,0.2,1000.16986
2023-01-12 18:00:00+00:00,9.35,82.947525,0.1,1000.96185
2023-01-12 19:00:00+00:00,8.2,79.420685,0.0,1001.35315
2023-01-12 20:00:00+00:00,7.65,78.23558,0.0,1001.34937
2023-01-12 21:00:00+00:00,7.25,76.26947,0.0,1001.3466
2023-01-12 22:00:00+00:00,7.1,75.70753,0.0,1001.24554
2023-01-12 23:00:00+00:00,7.15,73.60212,0.0,1001.2459
2023-01-13 00:00:00+00:00,7.95,78.281815,0.0,1000.6526
2023-01-13 01:00:00+00:00,7.55,77.40044,0.0,1000.4502
2023-01-13 02:00:00+00:00,6.9,78.67236,0.0,1000.24615
2023-01-13 03:00:00+00:00,7.0,72.795006,0.0,1000.7459
2023-01-13 04:00:00+00:00,6.9,72.77633,0.0,1000.9448
2023-01-13 05:00:00+00:00,6.7,74.04493,0.0,1001.1428
2023-01-13 06:00:00+00:00,6.65,74.03593,0.0,1001.74146
2023-01-13 07:00:00+00:00,6.75,73.52919,0.0,1002.6406
2023-01-13 08:00:00+00:00,6.75,72.7483,0.0,1003.4391
2023-01-13 09:00:00+00:00,7.2,71.296295,0.0,1004.24066
2023-01-13 10:00:00+00:00,7.95,71.189644,0.0,1005.2437
2023-01-13 11:00:00+00:00,8.85,69.38444,0.0,1006.14825
2023-01-13 12:00:00+00:00,9.8,67.65529,0.0,1006.8535
2023-01-13 13:00:00+00:00,10.2,63.818817,0.0,1007.5547
2023-01-13 14:00:00+00:00,9.95,68.40152,0.0,1008.4514
2023-01-13 15:00:00+00:00,9.55,67.36519,0.0,1009.6462
2023-01-13 16:00:00+00:00,8.5,69.313095,0.0,1010.637
2023-01-13 17:00:00+00:00,7.6,72.13674,0.0,1011.52893
2023-01-13 18:00:00+00:00,6.9,76.21113,0.0,1012.3226
2023-01-13 19:00:00+00:00,6.1,78.27194,0.0,1012.8159
2023-01-13 20:00:00+00:00,5.5,79.01921,0.0,1012.9117
2023-01-13 21:00:00+00:00,5.2,80.39534,0.0,1013.10895
2023-01-13 22:00:00+00:00,5.0,83.87572,0.0,1012.50854
2023-01-13 23:00:00+00:00,5.65,83.95313,0.0,1011.71497
2023-01-14 00:00:00+00:00,6.85,85.876915,0.0,1010.92505
2023-01-14 01:00:00+00:00,7.5,85.053696,0.2,1009.3326
2023-01-14 02:00:00+00:00,7.9,86.28477,0.7,1007.7385
2023-01-14 03:00:00+00:00,8.3,91.83431,1.8,1006.34406
2023-01-14 04:00:00+00:00,8.8,90.92968,2.1,1003.85236
2023-01-14 05:00:00+00:00,9.25,89.72999,1.3,1001.46014
2023-01-14 06:00:00+00:00,9.6,87.94314,1.5,998.86743
2023-01-14 07:00:00+00:00,9.9,88.87098,1.5,996.574
2023-01-14 08:00:00+00:00,10.75,88.94137,0.6,995.1824
2023-01-14 09:00:00+00:00,11.3,89.285736,0.5,994.1879
2023-01-14 10:00:00+00:00,11.7,88.12955,0.3,993.592
2023-01-14 11:00:00+00:00,12.1,88.75521,0.0,992.9956
2023-01-14 12:00:00+00:00,12.0,92.36706,0.5,992.99506
2023-01-14 13:00:00+00:00,11.5,87.522385,0.4,993.19116
2023-01-14 14:00:00+00:00,10.85,83.13144,0.0,993.3864
2023-01-14 15:00:00+00:00,10.15,81.08168,0.0,994.5794
2023-01-14 16:00:00+00:00,9.25,76.865326,0.0,995.57153
2023-01-14 17:00:00+00:00,8.15,69.48719,0.0,996.1629
2023-01-14 18:00:00+00:00,7.2,70.539116,0.0,996.9549
2023-01-14 19:00:00+00:00,6.7,68.20469,0.0,997.4501
2023-01-14 20:00:00+00:00,6.35,70.36951,0.0,997.94696
2023-01-14 21:00:00+00:00,5.9,70.27916,0.0,998.0437
2023-01-14 22:00:00+00:00,5.7,69.98606,0.0,998.24164
2023-01-14 23:00:00+00:00,5.65,69.22209,0.0,998.14154
2023-01-15 00:00:00+00:00,5.45,69.68294,0.0,997.84064
2023-01-15 01:00:00+00:00,5.05,69.34884,0.0,997.738
2023-01-15 02:00:00+00:00,4.3,71.240814,0.0,997.733
2023-01-15 03:00:00+00:00,3.85,72.462006,0.0,997.82935
2023-01-15 04:00:00+00:00,3.85,72.19828,0.0,997.4302
2023-01-15 05:00:00+00:00,3.9,71.94508,0.0,996.6319
2023-01-15 06:00:00+00:00,3.85,70.37589,0.0,996.5319
2023-01-15 07:00:00+00:00,4.05,70.932236,0.0,996.63324
2023-01-15 08:00:00+00:00,4.25,71.23096,0.0,996.6344
2023-01-15 09:00:00+00:00,5.05,71.38824,0.0,996.54034
2023-01-15 10:00:00+00:00,6.05,70.05697,0.0,997.14624
2023-01-15 11:00:00+00:00,6.95,68.99438,0.0,997.65155
2023-01-15 12:00:00+00:00,7.4,71.3352,0.0,998.0539
2023-01-15 13:00:00+00:00,7.65,68.89333,0.0,997.3571
2023-01-15 14:00:00+00:00,7.45,68.606895,0.0,996.85657
2023-01-15 15:00:00+00:00,6.95,71.24757,0.0,996.3541
2023-01-15 16:00:00+00:00,5.7,75.468124,0.0,996.24554
2023-01-15 17:00:00+00:00,4.45,80.865906,0.0,996.1371
2023-01-15 18:00:00+00:00,3.8,85.24527,0.0,996.03253
2023-01-15 19:00:00+00:00,3.35,88.93988,0.0,995.3308
2023-01-15 20:00:00+00:00,2.95,91.16347,0.0,994.62933
2023-01-15 21:00:00+00:00,2.45,92.44666,0.0,993.62756
2023-01-15 22:00:00+00:00,1.05,94.392715,0.0,991.8212
2023-01-15 23:00:00+00:00,0.8,94.72431,0.0,990.1227
2023-01-16 00:00:00+00:00,3.8,86.78336,0.0,987.94855
2023-01-16 01:00:00+00:00,3.6,88.96108,0.6,985.7517
2023-01-16 02:00:00+00:00,3.8,91.871796,0.8,983.5572
2023-01-16 03:00:00+00:00,4.4,92.23478,1.8,981.6652
2023-01-16 04:00:00+00:00,3.25,98.94568,3.0,980.35974
2023-01-16 05:00:00+00:00,2.55,99.29202,2.6999998,979.55646
2023-01-16 06:00:00+00:00,3.3,97.21148,2.2,979.4619
2023-01-16 07:00:00+00:00,4.0,91.88443,0.8,980.0656
2023-01-16 08:00:00+00:00,3.05,91.49673,0.1,980.75745
2023-01-16 09:00:00+00:00,2.95,90.18977,0.0,981.4555
2023-01-16 10:00:00+00:00,3.15,91.1772,0.0,982.45483
2023-01-16 11:00:00+00:00,3.65,88.33264,0.0,983.25684
2023-01-16 12:00:00+00:00,4.85,83.26312,0.0,983.76416
2023-01-16 13:00:00+00:00,5.0,80.65421,0.1,984.1643
2023-01-16 14:00:00+00:00,4.85,78.63868,0.1,984.4628
2023-01-16 15:00:00+00:00,4.1,77.67788,0.1,984.95667
2023-01-16 16:00:00+00:00,3.15,78.37539,0.0,985.54865
2023-01-16 17:00:00+00:00,1.85,83.18888,0.0,986.1384
2023-01-16 18:00:00+00:00,0.65,85.20268,0.0,986.529
2023-01-16 19:00:00+00:00,-1.0,89.550896,0.0,986.9162
2023-01-16 20:00:00+00:00,-1.65,88.833466,0.0,986.9115
2023-01-16 21:00:00+00:00,-2.95,86.73445,0.0,987.0018
2023-01-16 22:00:00+00:00,-4.05,86.62017,0.0,987.09344
2023-01-16 23:00:00+00:00,-4.2,87.93508,0.0,987.19214
2023-01-17 00:00:00+00:00,-4.05,86.950775,0.0,986.8939
2023-01-17 01:00:00+00:00,-3.9,87.62993,0.0,986.5954
2023-01-17 02:00:00+00:00,-3.4,87.01693,0.0,986.2998
2023-01-17 03:00:00+00:00,-3.2,89.03197,0.0,986.1017
2023-01-17 04:00:00+00:00,-3.4,90.369,0.0,986.0004
2023-01-17 05:00:00+00:00,-3.0,91.081535,0.0,985.9037
2023-01-17 06:00:00+00:00,-3.1,94.91051,0.0,985.7031
2023-01-17 07:00:00+00:00,-4.7,97.39149,0.0,985.6914
2023-01-17 08:00:00+00:00,-3.4,95.97143,0.0,986.2
2023-01-17 09:00:00+00:00,-3.0,95.9846,0.0,986.30286
2023-01-17 10:00:00+00:00,-1.45,87.537994,0.0,986.913
2023-01-17 11:00:00+00:00,0.0,82.95399,0.0,986.9236
2023-01-17 12:00:00+00:00,1.2,78.3564,0.0,987.3315
2023-01-17 13:00:00+00:00,2.2,74.03249,0.0,987.0391
2023-01-17 14:00:00+00:00,2.45,73.53519,0.0,987.2403
2023-01-17 15:00:00+00:00,1.55,76.69688,0.0,987.73315
2023-01-17 16:00:00+00:00,-1.45,86.56462,0.0,988.1106
2023-01-17 17:00:00+00:00,-2.7,89.07512,0.0,988.6003
2023-01-17 18:00:00+00:00,-2.95,90.74367,0.0,989.397
2023-01-17 19:00:00+00:00,-2.85,89.734344,0.0,990.09607
2023-01-17 20:00:00+00:00,-3.25,91.06374,0.0,990.6921
2023-01-17 21:00:00+00:00,-3.75,92.76287,0.0,990.88794
2023-01-17 22:00:00+00:00,-3.75,93.11337,0.0,991.3869
2023-01-17 23:00:00+00:00,-3.75,93.11337,0.0,991.88586
2023-01-18 00:00:00+00:00,-2.2,90.46029,0.0,991.6978
2023-01-18 01:00:00+00:00,-2.7,90.76205,0.0,991.6941
2023-01-18 02:00:00+00:00,-2.85,91.092186,0.0,991.8925
2023-01-18 03:00:00+00:00,-2.9,91.43107,0.0,992.0917
2023-01-18 04:00:00+00:00,-2.75,91.09927,0.0,992.1928
2023-01-18 05:00:00+00:00,-2.6,91.1099,0.0,992.09393
2023-01-18 06:00:00+00:00,-2.15,91.48214,0.0,992.3968
2023-01-18 07:00:00+00:00,-2.3,91.471954,0.0,992.99426
2023-01-18 08:00:00+00:00,-2.35,91.810684,0.0,993.6925
2023-01-18 09:00:00+00:00,-1.3,90.19293,0.0,994.4987
2023-01-18 10:00:00+00:00,0.4,84.238716,0.0,995.01025
2023-01-18 11:00:00+00:00,2.15,77.36287,0.0,995.52167
2023-01-18 12:00:00+00:00,3.55,74.821106,0.0,995.9312
2023-01-18 13:00:00+00:00,4.25,73.067024,0.0,996.2352
2023-01-18 14:00:00+00:00,4.5,70.763916,0.0,996.6363
2023-01-18 15:00:00+00:00,3.7,74.57597,0.0,997.32935
2023-01-18 16:00:00+00:00,1.6,82.25015,0.0,998.2125
2023-01-18 17:00:00+00:00,-0.45,87.634254,0.0,998.996
2023-01-18 18:00:00+00:00,-0.4,88.941986,0.0,999.9943
2023-01-18 19:00:00+00:00,-0.5,89.92255,0.0,1000.9916
2023-01-18 20:00:00+00:00,-0.75,91.239365,0.0,1001.7882
2023-01-18 21:00:00+00:00,-1.0,92.237946,0.0,1002.2853
2023-01-18 22:00:00+00:00,-1.35,92.900986,0.0,1002.7818
2023-01-18 23:00:00+00:00,-1.4,92.55511,0.0,1003.2804
2023-01-19 00:00:00+00:00,-1.05,92.57586,0.0,1003.8818
2023-01-19 01:00:00+00:00,-1.35,92.900986,0.0,1004.07916
2023-01-19 02:00:00+00:00,-1.75,93.56956,0.0,1004.1758
2023-01-19 03:00:00+00:00,-2.15,93.8973,0.0,1004.27277
2023-01-19 04:00:00+00:00,-2.3,93.54106,0.0,1004.37134
2023-01-19 05:00:00+00:00,-2.5,93.880066,0.0,1004.3701
2023-01-19 06:00:00+00:00,-2.6,93.875114,0.0,1004.46893
2023-01-19 07:00:00+00:00,-2.9,94.56476,0.0,1004.56647
2023-01-19 08:00:00+00:00,-3.3,95.25853,0.0,1004.7632
2023-01-19 09:00:00+00:00,-1.35,94.28388,0.0,1005.27673
2023-01-19 10:00:00+00:00,0.3,90.31538,0.0,1005.4886
2023-01-19 11:00:00+00:00,1.65,85.6258,0.0,1005.698
2023-01-19 12:00:00+00:00,2.75,84.210495,0.0,1005.6061
2023-01-19 13:00:00+00:00,3.65,79.596146,0.0,1005.21344
2023-01-19 14:00:00+00:00,4.05,78.51534,0.0,1005.2163
2023-01-19 15:00:00+00:00,3.8,81.06626,0.0,1005.71344
2023-01-19 16:00:00+00:00,1.15,89.39912,0.0,1006.29297
2023-01-19 17:00:00+00:00,-0.45,91.26009,0.0,1006.9799
2023-01-19 18:00:00+00:00,-0.3,90.60221,0.0,1007.8794
2023-01-19 19:00:00+00:00,-0.55,90.25061,0.0,1008.4763
2023-01-19 20:00:00+00:00,-0.65,89.91068,0.0,1009.174
2023-01-19 21:00:00+00:00,-1.0,90.21606,0.0,1009.77026
2023-01-19 22:00:00+00:00,-1.2,90.200645,0.0,1010.4673
2023-01-19 23:00:00+00:00,-1.2,90.200645,0.0,1010.8665
2023-01-20 00:00:00+00:00,-0.35,88.29292,0.0,1011.1721
2023-01-20 01:00:00+00:00,-0.25,88.30201,0.0,1011.37274
2023-01-20 02:00:00+00:00,-0.35,88.29292,0.0,1011.9705
2023-01-20 03:00:00+00:00,-0.4,87.96318,0.0,1012.4693
2023-01-20 04:00:00+00:00,-0.25,87.33065,0.0,1012.9695
2023-01-20 05:00:00+00:00,-0.1,86.703705,0.0,1013.3697
2023-01-20 06:00:00+00:00,-0.35,87.96784,0.0,1013.7669
2023-01-20 07:00:00+00:00,-0.4,89.27039,0.0,1014.4653
2023-01-20 08:00:00+00:00,-0.5,90.25443,0.0,1015.06335
2023-01-20 09:00:00+00:00,0.55,90.005,0.0,1015.8695
2023-01-20 10:00:00+00:00,2.7,84.204575,0.0,1016.48413
2023-01-20 11:00:00+00:00,4.15,82.287094,0.0,1016.6943
2023-01-20 12:00:00+00:00,5.15,78.123955,0.0,1017.00104
2023-01-20 13:00:00+00:00,5.75,73.87337,0.0,1017.105
2023-01-20 14:00:00+00:00,5.95,71.82111,0.0,1017.1065
2023-01-20 15:00:00+00:00,5.6,75.18132,0.0,1017.8026
2023-01-20 16:00:00+00:00,4.2,81.41323,0.0,1018.69073
2023-01-20 17:00:00+00:00,2.75,87.30438,0.0,1019.67816
2023-01-20 18:00:00+00:00,2.2,88.20229,0.0,1020.3729
2023-01-20 19:00:00+00:00,1.75,88.16141,0.0,1021.1678
2023-01-20 20:00:00+00:00,1.25,89.40734,0.0,1021.76306
2023-01-20 21:00:00+00:00,0.9,91.02084,0.0,1022.6587
2023-01-20 22:00:00+00:00,0.6,92.672516,0.0,1023.45496
2023-01-20 23:00:00+00:00,0.5,93.34395,0.0,1024.3522
2023-01-21 00:00:00+00:00,2.25,92.10329,0.0,1025.1637
2023-01-21 01:00:00+00:00,2.95,90.18977,0.0,1025.7677
2023-01-21 02:00:00+00:00,2.05,93.76145,0.0,1026.3599
2023-01-21 03:00:00+00:00,0.55,95.403946,0.0,1026.9474
2023-01-21 04:00:00+00:00,-1.3,96.393974,0.0,1027.4324
2023-01-21 05:00:00+00:00,-1.65,96.02853,0.0,1028.1284
2023-01-21 06:00:00+00:00,-1.3,94.98419,0.0,1028.63
2023-01-21 07:00:00+00:00,-0.9,94.304535,0.0,1029.3319
2023-01-21 08:00:00+00:00,-1.15,94.6411,0.0,1030.1283
2023-01-21 09:00:00+00:00,0.45,93.6817,0.0,1030.7391
2023-01-21 10:00:00+00:00,1.95,88.82008,0.0,1031.2494
2023-01-21 11:00:00+00:00,3.3,84.57919,0.0,1031.459
2023-01-21 12:00:00+00:00,4.3,81.719185,0.0,1031.666
2023-01-21 13:00:00+00:00,5.05,78.66935,0.0,1031.3718
2023-01-21 14:00:00+00:00,5.3,77.31376,0.0,1031.1742
2023-01-21 15:00:00+00:00,4.45,87.46744,0.0,1031.4674
2023-01-21 16:00:00+00:00,3.8,81.35862,0.0,1031.8618
2023-01-21 17:00:00+00:00,0.85,90.02837,0.0,1032.3389
2023-01-21 18:00:00+00:00,0.4,92.6609,0.0,1032.635
2023-01-21 19:00:00+00:00,0.3,95.04837,0.0,1032.9337
2023-01-21 20:00:00+00:00,0.35,98.92054,0.0,1033.2335
2023-01-21 21:00:00+00:00,-0.45,100.0,0.0,1033.3271
2023-01-21 22:00:00+00:00,-2.25,100.0,0.0,1033.4132
2023-01-21 23:00:00+00:00,-2.2,100.0,0.0,1033.6132
2023-01-22 00:00:00+00:00,-2.1,100.0,0.0,1033.514
2023-01-22 01:00:00+00:00,-1.55,100.0,0.0,1033.2189
2023-01-22 02:00:00+00:00,-1.75,100.0,0.0,1033.2173
2023-01-22 03:00:00+00:00,-2.25,98.897224,0.0,1033.3135
2023-01-22 04:00:00+00:00,-1.9,98.53627,0.0,1033.316
2023-01-22 05:00:00+00:00,-3.6,98.14752,0.0,1033.1031
2023-01-22 06:00:00+00:00,-3.3,98.15212,0.0,1033.2056
2023-01-22 07:00:00+00:00,-3.1,94.91051,0.0,1033.5062
2023-01-22 08:00:00+00:00,-3.55,97.41617,0.0,1033.6028
2023-01-22 09:00:00+00:00,-3.0,85.75157,0.0,1033.8066
2023-01-22 10:00:00+00:00,-2.3,82.03331,0.0,1034.211
2023-01-22 11:00:00+00:00,-1.15,84.681816,0.0,1034.2202
2023-01-22 12:00:00+00:00,-0.9,87.91638,0.0,1034.2222
2023-01-22 13:00:00+00:00,0.6,86.775,0.0,1033.934
2023-01-22 14:00:00+00:00,1.45,84.671906,0.0,1033.2416
2023-01-22 15:00:00+00:00,1.5,84.06156,0.0,1032.9424
2023-01-22 16:00:00+00:00,-0.3,91.606186,0.0,1033.4281
2023-01-22 17:00:00+00:00,-1.1,98.18528,0.0,1033.921
2023-01-22 18:00:00+00:00,-1.45,99.26847,0.0,1033.9183
2023-01-22 19:00:00+00:00,-2.5,100.0,0.0,1034.0101
2023-01-22 20:00:00+00:00,-3.1,98.52169,0.0,1034.4044
2023-01-22 21:00:00+00:00,-3.1,97.062836,0.0,1034.8037
2023-01-22 22:00:00+00:00,-3.5,92.42882,0.0,1035.0002
2023-01-22 23:00:00+00:00,-3.7,89.66501,0.0,1034.5995
2023-01-23 00:00:00+00:00,-3.05,97.4268,0.0,1034.8043
2023-01-23 01:00:00+00:00,-3.4,97.05558,0.0,1034.5021
2023-01-23 02:00:00+00:00,-3.7,92.41662,0.0,1034.6993
2023-01-23 03:00:00+00:00,-3.85,85.33168,0.0,1034.8977
2023-01-23 04:00:00+00:00,-3.85,80.88632,0.0,1035.3966
2023-01-23 05:00:00+00:00,-3.8,76.65675,0.0,1035.3972
2023-01-23 06:00:00+00:00,-3.85,74.029144,0.0,1035.3966
2023-01-23 07:00:00+00:00,-4.1,74.55805,0.0,1035.4945
2023-01-23 08:00:00+00:00,-4.15,75.12886,0.0,1035.5939
2023-01-23 09:00:00+00:00,-3.8,74.32546,0.0,1035.8962
2023-01-23 10:00:00+00:00,-2.9,81.02273,0.0,1036.2025
2023-01-23 11:00:00+00:00,-1.35,84.34265,0.0,1036.7135
2023-01-23 12:00:00+00:00,-0.5,84.44368,0.0,1036.221
2023-01-23 13:00:00+00:00,1.25,83.72443,0.0,1035.9348
2023-01-23 14:00:00+00:00,2.55,80.305084,0.0,1035.745
2023-01-23 15:00:00+00:00,3.2,79.24138,0.0,1035.4504
2023-01-23 16:00:00+00:00,2.25,87.25584,0.0,1035.5431
2023-01-23 17:00:00+00:00,1.45,91.05944,0.0,1035.8364
2023-01-23 18:00:00+00:00,1.15,93.716774,0.0,1036.2333
2023-01-23 19:00:00+00:00,1.35,93.726746,0.0,1036.4346
2023-01-23 20:00:00+00:00,1.25,93.38346,0.0,1036.5336
2023-01-23 21:00:00+00:00,1.35,92.715836,0.0,1036.9336
2023-01-23 22:00:00+00:00,1.5,93.39654,0.0,1037.0342
2023-01-23 23:00:00+00:00,1.6,94.41722,0.0,1037.2349
2023-01-24 00:00:00+00:00,1.25,94.061165,0.0,1036.9329
2023-01-24 01:00:00+00:00,1.7,94.08237,0.0,1036.8364
2023-01-24 02:00:00+00:00,1.9,94.43053,0.0,1036.7382
2023-01-24 03:00:00+00:00,2.3,93.43819,0.0,1036.841
2023-01-24 04:00:00+00:00,2.25,93.771324,0.0,1036.7408
2023-01-24 05:00:00+00:00,1.8,94.76623,0.0,1036.837
2023-01-24 06:00:00+00:00,1.55,94.415,0.0,1037.0349
2023-01-24 07:00:00+00:00,1.5,93.7342,0.0,1037.4335
2023-01-24 08:00:00+00:00,1.55,93.0627,0.0,1037.8334
2023-01-24 09:00:00+00:00,1.95,90.7663,0.0,1038.3352
2023-01-24 10:00:00+00:00,2.3,91.118614,0.0,1038.338
2023-01-24 11:00:00+00:00,3.4,88.31032,0.0,1038.0465
2023-01-24 12:00:00+00:00,3.25,87.35267,0.0,1037.6464
2023-01-24 13:00:00+00:00,4.4,75.788445,0.0,1036.9563
2023-01-24 14:00:00+00:00,4.75,72.63301,0.0,1036.5596
2023-01-24 15:00:00+00:00,4.75,72.89626,0.0,1036.5596
2023-01-24 16:00:00+00:00,3.25,86.41739,0.0,1036.4487
2023-01-24 17:00:00+00:00,1.25,90.38703,0.0,1036.4338
2023-01-24 18:00:00+00:00,0.4,93.33866,0.0,1036.7269
2023-01-24 19:00:00+00:00,-0.4,95.36869,0.0,1036.9203
2023-01-24 20:00:00+00:00,-1.1,96.399826,0.0,1036.8152
2023-01-24 21:00:00+00:00,-1.5,97.45932,0.0,1036.7122
2023-01-24 22:00:00+00:00,-1.7,98.17632,0.0,1036.4115
2023-01-24 23:00:00+00:00,-1.6,99.26756,0.0,1036.3124
2023-01-25 00:00:00+00:00,-1.95,98.89995,0.0,1036.0104
2023-01-25 01:00:00+00:00,-2.0,96.7307,0.0,1035.511
2023-01-25 02:00:00+00:00,-2.4,96.3615,0.0,1035.3082
2023-01-25 03:00:00+00:00,-2.25,89.78288,0.0,1035.3094
2023-01-25 04:00:00+00:00,-2.4,91.80743,0.0,1035.1085
2023-01-25 05:00:00+00:00,-2.25,91.134605,0.0,1035.01
2023-01-25 06:00:00+00:00,-2.25,91.134605,0.0,1034.8104
2023-01-25 07:00:00+00:00,-2.3,91.471954,0.0,1034.7101
2023-01-25 08:00:00+00:00,-1.9,92.52532,0.0,1034.2142
2023-01-25 09:00:00+00:00,-0.95,92.92362,0.0,1033.5227
2023-01-25 10:00:00+00:00,-0.3,96.42312,0.0,1032.8293
2023-01-25 11:00:00+00:00,1.0,92.359955,0.0,1032.0408
2023-01-25 12:00:00+00:00,1.15,92.034744,0.0,1030.9438
2023-01-25 13:00:00+00:00,2.1,92.093994,0.0,1030.3522
2023-01-25 14:00:00+00:00,2.6,93.4537,0.0,1029.7572
2023-01-25 15:00:00+00:00,2.75,95.824936,0.2,1028.86
2023-01-25 16:00:00+00:00,3.05,97.20587,0.0,1027.964
2023-01-25 17:00:00+00:00,3.0,98.24476,0.6,1027.3649
2023-01-25 18:00:00+00:00,3.15,97.89953,0.3,1026.8668
2023-01-25 19:00:00+00:00,3.5,97.21592,0.2,1026.4702
2023-01-25 20:00:00+00:00,3.95,96.884,0.2,1026.1743
2023-01-25 21:00:00+00:00,5.05,93.57836,0.2,1025.9824
2023-01-25 22:00:00+00:00,5.7,90.39537,0.0,1025.8875
2023-01-25 23:00:00+00:00,5.7,89.449974,0.0,1025.8875
2023-01-26 00:00:00+00:00,4.7,90.002945,0.0,1026.3794
2023-01-26 01:00:00+00:00,4.0,91.88443,0.0,1026.1746
2023-01-26 02:00:00+00:00,3.8,91.546196,0.0,1026.2728
2023-01-26 03:00:00+00:00,3.45,91.84961,0.0,1026.5696
2023-01-26 04:00:00+00:00,3.15,91.1772,0.0,1026.6672
2023-01-26 05:00:00+00:00,3.0,90.84144,0.0,1027.1653
2023-01-26 06:00:00+00:00,2.8,91.153145,0.0,1027.2635
2023-01-26 07:00:00+00:00,2.7,91.801765,0.0,1027.7618
2023-01-26 08:00:00+00:00,2.95,92.47621,0.0,1028.0631
2023-01-26 09:00:00+00:00,4.2,90.60461,0.0,1028.3716
2023-01-26 10:00:00+00:00,5.1,90.03357,0.0,1028.3783
2023-01-26 11:00:00+00:00,6.1,87.31625,0.0,1028.4852
2023-01-26 12:00:00+00:00,6.2,89.80312,0.1,1028.5856
2023-01-26 13:00:00+00:00,6.95,84.99276,0.1,1028.2917
2023-01-26 14:00:00+00:00,7.8,76.629364,0.1,1028.0983
2023-01-26 15:00:00+00:00,7.5,79.040054,0.0,1028.2957
2023-01-26 16:00:00+00:00,6.55,81.72944,0.0,1028.5881
2023-01-26 17:00:00+00:00,5.55,86.04225,0.0,1028.7808
2023-01-26 18:00:00+00:00,4.7,89.68552,0.0,1028.9742
2023-01-26 19:00:00+00:00,4.3,91.25557,0.0,1029.2709
2023-01-26 20:00:00+00:00,3.95,92.534805,0.0,1029.4679
2023-01-26 21:00:00+00:00,3.75,91.86863,0.0,1029.1666
2023-01-26 22:00:00+00:00,3.3,91.84007,0.0,1029.2634
2023-01-26 23:00:00+00:00,3.25,92.823906,0.0,1028.8638
2023-01-27 00:00:00+00:00,3.85,90.25777,0.0,1028.868
2023-01-27 01:00:00+00:00,4.2,88.69612,0.0,1028.671
2023-01-27 02:00:00+00:00,3.65,90.88749,0.0,1028.268
2023-01-27 03:00:00+00:00,4.05,88.36822,0.0,1027.8716
2023-01-27 04:00:00+00:00,4.0,88.994865,0.0,1027.8712
2023-01-27 05:00:00+00:00,4.1,89.003296,0.0,1027.6724
2023-01-27 06:00:00+00:00,4.0,89.629944,0.0,1027.7715
2023-01-27 07:00:00+00:00,4.0,88.36378,0.0,1027.9711
2023-01-27 08:00:00+00:00,4.05,87.11836,0.0,1028.171
2023-01-27 09:00:00+00:00,4.5,85.019264,0.0,1028.3738
2023-01-27 10:00:00+00:00,5.5,79.58402,0.0,1028.6807
2023-01-27 11:00:00+00:00,6.25,77.466354,0.0,1028.5859
2023-01-27 12:00:00+00:00,6.75,72.48965,0.0,1028.3904
2023-01-27 13:00:00+00:00,7.1,68.04517,0.0,1028.1929
2023-01-27 14:00:00+00:00,7.1,65.6483,0.0,1028.0931
2023-01-27 15:00:00+00:00,6.9,65.60354,0.0,1028.2914
2023-01-27 16:00:00+00:00,6.25,69.8461,0.0,1028.3865
2023-01-27 17:00:00+00:00,3.7,81.344925,0.0,1028.6674
2023-01-27 18:00:00+00:00,2.85,85.13949,0.0,1029.0605
2023-01-27 19:00:00+00:00,1.9,88.4949,0.0,1029.253
2023-01-27 20:00:00+00:00,0.65,92.0033,0.0,1029.7427
2023-01-27 21:00:00+00:00,-0.7,93.968,0.0,1029.9319
2023-01-27 22:00:00+00:00,-1.5,95.327354,0.0,1030.1254
2023-01-27 23:00:00+00:00,-2.0,95.30839,0.0,1029.9222
2023-01-28 00:00:00+00:00,-2.0,94.95573,0.0,1029.8225
2023-01-28 01:00:00+00:00,-2.0,94.60421,0.0,1029.7227
2023-01-28 02:00:00+00:00,-0.2,94.336426,0.0,1029.4369
2023-01-28 03:00:00+00:00,0.8,94.72431,0.0,1029.6438
2023-01-28 04:00:00+00:00,0.7,96.10332,0.0,1029.8428
2023-01-28 05:00:00+00:00,0.15,95.38916,0.0,1029.7389
2023-01-28 06:00:00+00:00,0.2,95.044395,0.0,1029.7391
2023-01-28 07:00:00+00:00,-1.4,96.03659,0.0,1030.2262
2023-01-28 08:00:00+00:00,-2.2,94.24458,0.0,1030.6193
2023-01-28 09:00:00+00:00,0.8,88.72023,0.0,1030.8414
2023-01-28 10:00:00+00:00,2.35,84.46885,0.0,1030.7533
2023-01-28 11:00:00+00:00,3.85,81.365456,0.0,1030.8641
2023-01-28 12:00:00+00:00,4.6,72.86809,0.0,1030.0712
2023-01-28 13:00:00+00:00,5.55,70.717094,0.0,1030.0781
2023-01-28 14:00:00+00:00,5.75,71.52488,0.0,1029.381
2023-01-28 15:00:00+00:00,6.05,71.840385,0.0,1029.5826
2023-01-28 16:00:00+00:00,5.3,79.838646,0.0,1029.5773
2023-01-28 17:00:00+00:00,4.3,84.99683,0.0,1029.3706
2023-01-28 18:00:00+00:00,4.6,84.42724,0.0,1029.8716
2023-01-28 19:00:00+00:00,4.4,87.15246,0.0,1029.8702
2023-01-28 20:00:00+00:00,3.85,90.57917,0.0,1029.5667
2023-01-28 21:00:00+00:00,3.4,92.83232,0.0,1029.6631
2023-01-28 22:00:00+00:00,3.65,92.189285,0.0,1029.665
2023-01-28 23:00:00+00:00,3.4,93.82758,0.0,1029.264
2023-01-29 00:00:00+00:00,2.55,94.4592,0.0,1029.158
2023-01-29 01:00:00+00:00,2.75,94.46796,0.0,1029.0596
2023-01-29 02:00:00+00:00,1.85,96.83114,0.0,1028.5541
2023-01-29 03:00:00+00:00,1.8,97.52654,0.0,1028.6532
2023-01-29 04:00:00+00:00,0.7,98.92362,0.0,1028.0464
2023-01-29 05:00:00+00:00,0.8,98.21321,0.0,1027.548
2023-01-29 06:00:00+00:00,0.55,97.85491,0.0,1027.1469
2023-01-29 07:00:00+00:00,0.3,97.14322,0.0,1027.0454
2023-01-29 08:00:00+00:00,1.35,94.74741,0.0,1026.7539
2023-01-29 09:00:00+00:00,3.05,90.844986,0.0,1026.4669
2023-01-29 10:00:00+00:00,4.95,86.59065,0.0,1026.0815
2023-01-29 11:00:00+00:00,6.45,84.937065,0.0,1025.5934
2023-01-29 12:00:00+00:00,6.5,87.66002,0.0,1024.7954
2023-01-29 13:00:00+00:00,7.35,85.03711,0.0,1023.504
2023-01-29 14:00:00+00:00,7.8,85.086754,0.0,1022.40936
2023-01-29 15:00:00+00:00,8.0,86.593765,0.0,1021.9117
2023-01-29 16:00:00+00:00,8.05,86.59875,0.0,1021.6124
2023-01-29 17:00:00+00:00,8.05,87.50039,0.0,1021.21326
2023-01-29 18:00:00+00:00,6.9,90.16974,0.0,1021.1054
2023-01-29 19:00:00+00:00,6.15,91.3795,0.0,1021.1999
2023-01-29 20:00:00+00:00,5.45,90.69462,0.0,1021.19476
2023-01-29 21:00:00+00:00,4.75,91.60825,0.0,1021.2897
2023-01-29 22:00:00+00:00,4.6,93.22698,0.0,1020.6897
2023-01-29 23:00:00+00:00,4.55,93.8831,0.0,1020.38995
2023-01-30 00:00:00+00:00,6.25,93.31345,0.0,1020.0028
2023-01-30 01:00:00+00:00,7.25,90.50848,0.0,1019.61096
2023-01-30 02:00:00+00:00,7.55,89.90728,0.0,1019.2136
2023-01-30 03:00:00+00:00,7.9,89.62481,0.0,1019.2162
2023-01-30 04:00:00+00:00,7.9,90.86739,0.0,1019.4158
2023-01-30 05:00:00+00:00,7.9,90.55532,0.0,1019.81494
2023-01-30 06:00:00+00:00,8.0,85.70004,0.0,1020.61414
2023-01-30 07:00:00+00:00,6.3,79.41987,0.0,1021.2011
2023-01-30 08:00:00+00:00,4.55,82.92943,0.0,1021.88696
2023-01-30 09:00:00+00:00,5.2,83.306335,0.0,1022.5903
2023-01-30 10:00:00+00:00,6.75,73.00778,0.0,1023.20044
2023-01-30 11:00:00+00:00,8.0,66.79426,0.0,1023.40875
2023-01-30 12:00:00+00:00,8.3,66.62221,0.0,1023.6105
2023-01-30 13:00:00+00:00,8.95,64.89872,0.0,1023.41547
2023-01-30 14:00:00+00:00,8.9,64.887436,0.0,1023.4151
2023-01-30 15:00:00+00:00,8.6,67.16183,0.0,1023.81213
2023-01-30 16:00:00+00:00,7.4,73.647545,0.0,1024.4026
2023-01-30 17:00:00+00:00,4.45,85.013664,0.0,1024.9802
2023-01-30 18:00:00+00:00,3.3,88.618004,0.0,1025.6704
2023-01-30 19:00:00+00:00,2.5,91.132454,0.0,1025.8644
2023-01-30 20:00:00+00:00,1.75,93.07365,0.0,1025.8585
2023-01-30 21:00:00+00:00,1.15,94.397194,0.0,1025.854
2023-01-30 22:00:00+00:00,1.1,94.05408,0.0,1025.8538
2023-01-30 23:00:00+00:00,1.15,93.716774,0.0,1025.5546
2023-01-31 00:00:00+00:00,1.8,92.741646,0.0,1025.3599
2023-01-31 01:00:00+00:00,2.85,92.14032,0.0,1024.7692
2023-01-31 02:00:00+00:00,3.95,88.6745,0.0,1024.3779
2023-01-31 03:00:00+00:00,3.35,90.54266,0.0,1024.074
2023-01-31 04:00:00+00:00,4.9,84.46197,0.0,1023.3866
2023-01-31 05:00:00+00:00,5.45,82.16362,0.0,1022.7917
2023-01-31 06:00:00+00:00,4.9,86.58559,0.0,1022.48834
2023-01-31 07:00:00+00:00,5.1,90.669556,0.0,1022.58966
2023-01-31 08:00:00+00:00,6.9,88.00287,0.0,1022.3031
2023-01-31 09:00:00+00:00,8.0,85.403946,0.0,1022.1112
2023-01-31 10:00:00+00:00,9.4,81.820694,0.0,1021.9215
2023-01-31 11:00:00+00:00,10.25,81.373085,0.0,1022.1269
2023-01-31 12:00:00+00:00,10.1,81.91194,0.0,1021.6269
2023-01-31 13:00:00+00:00,11.4,73.347015,0.1,1021.3365
2023-01-31 14:00:00+00:00,11.3,69.15693,0.0,1021.5354
2023-01-31 15:00:00+00:00,10.75,63.944687,0.0,1021.93085
2023-01-31 16:00:00+00:00,9.25,66.59302,0.0,1022.41956
2023-01-31 17:00:00+00:00,6.85,75.93349,0.0,1022.60223
2023-01-31 18:00:00+00:00,5.35,83.029854,0.0,1023.0903
2023-01-31 19:00:00+00:00,4.6,85.03046,0.0,1023.3844
2023-01-31 20:00:00+00:00,4.05,85.884186,0.0,1023.3805
2023-01-31 21:00:00+00:00,3.8,86.1652,0.0,1023.47833
2023-01-31 22:00:00+00:00,3.3,87.044846,0.0,1023.375
2023-01-31 23:00:00+00:00,3.2,86.723114,0.0,1023.67377
2023-02-01 00:00:00+00:00,3.75,84.63107,0.0,1023.1785
2023-02-01 01:00:00+00:00,3.9,84.64831,0.0,1022.8801
2023-02-01 02:00:00+00:00,4.1,81.399605,0.0,1022.6822
2023-02-01 03:00:00+00:00,4.0,80.51278,0.0,1022.3821
2023-02-01 04:00:00+00:00,4.1,80.23798,0.0,1022.2831
2023-02-01 05:00:00+00:00,4.25,81.12853,0.0,1021.98444
2023-02-01 06:00:00+00:00,4.25,82.595375,0.0,1022.38367
2023-02-01 07:00:00+00:00,4.0,84.963104,0.0,1022.4819
2023-02-01 08:00:00+00:00,4.2,84.6827,0.0,1022.88245
2023-02-01 09:00:00+00:00,5.45,80.43085,0.0,1022.8915
2023-02-01 10:00:00+00:00,7.2,73.87248,0.0,1022.80444
2023-02-01 11:00:00+00:00,8.4,70.77631,0.0,1023.01227
2023-02-01 12:00:00+00:00,8.9,69.63932,0.0,1022.7164
2023-02-01 13:00:00+00:00,9.8,63.502262,0.0,1022.42346
2023-02-01 14:00:00+00:00,9.8,65.549675,0.0,1022.32367
2023-02-01 15:00:00+00:00,9.4,69.25278,0.0,1022.2208
2023-02-01 16:00:00+00:00,8.95,72.13819,0.0,1022.51715
2023-02-01 17:00:00+00:00,8.05,75.60237,0.0,1022.8102
2023-02-01 18:00:00+00:00,7.65,77.416374,0.0,1023.107
2023-02-01 19:00:00+00:00,7.2,81.244446,0.0,1023.30347
2023-02-01 20:00:00+00:00,6.8,84.383644,0.0,1023.4003
2023-02-01 21:00:00+00:00,6.5,84.94266,0.0,1023.79736
2023-02-01 22:00:00+00:00,6.3,85.81891,0.0,1024.0953
2023-02-01 23:00:00+00:00,6.05,87.92573,0.0,1023.99365
2023-02-02 00:00:00+00:00,5.8,89.45802,0.0,1024.1914
2023-02-02 01:00:00+00:00,5.95,89.47006,0.0,1024.2925
2023-02-02 02:00:00+00:00,5.65,90.39169,0.0,1024.1904
2023-02-02 03:00:00+00:00,5.45,90.69462,0.0,1024.1888
2023-02-02 04:00:00+00:00,5.15,91.63419,0.0,1024.2867
2023-02-02 05:00:00+00:00,4.75,93.2349,0.0,1024.2838
2023-02-02 06:00:00+00:00,4.55,94.21405,0.0,1024.2822
2023-02-02 07:00:00+00:00,4.4,93.54563,0.0,1024.6804
2023-02-02 08:00:00+00:00,4.55,93.55321,0.0,1024.7812
2023-02-02 09:00:00+00:00,6.5,91.40266,0.0,1025.1946
2023-02-02 10:00:00+00:00,9.1,85.52188,0.0,1025.7119
2023-02-02 11:00:00+00:00,10.1,81.63209,0.0,1025.9187
2023-02-02 12:00:00+00:00,10.55,77.871666,0.1,1025.6223
2023-02-02 13:00:00+00:00,11.1,74.819244,0.1,1025.227
2023-02-02 14:00:00+00:00,10.9,78.192665,0.0,1024.9263
2023-02-02 15:00:00+00:00,10.9,78.72895,0.0,1024.8265
2023-02-02 16:00:00+00:00,10.5,78.93911,0.0,1025.2229
2023-02-02 17:00:00+00:00,9.6,81.28619,0.0,1025.3163
2023-02-02 18:00:00+00:00,9.0,85.21802,0.0,1025.412
2023-02-02 19:00:00+00:00,8.4,87.533035,0.0,1025.8069
2023-02-02 20:00:00+00:00,8.15,88.723976,0.0,1025.9052
2023-02-02 21:00:00+00:00,8.8,84.32081,0.0,1026.708
2023-02-02 22:00:00+00:00,8.3,85.43624,0.0,1026.6047
2023-02-02 23:00:00+00:00,7.6,89.60122,0.0,1026.2003
2023-02-03 00:00:00+00:00,7.4,90.832504,0.0,1026.3987
2023-02-03 01:00:00+00:00,7.85,90.2405,0.0,1026.6016
2023-02-03 02:00:00+00:00,8.4,89.97208,0.0,1026.3059
2023-02-03 03:00:00+00:00,8.95,88.185974,0.0,1026.4097
2023-02-03 04:00:00+00:00,9.45,85.2668,0.0,1026.2135
2023-02-03 05:00:00+00:00,8.65,88.462395,0.0,1026.5074
2023-02-03 06:00:00+00:00,8.0,92.13121,0.0,1026.902
2023-02-03 07:00:00+00:00,7.95,92.444916,0.0,1027.0013
2023-02-03 08:00:00+00:00,7.9,92.12517,0.0,1027.6996
2023-02-03 09:00:00+00:00,8.8,89.08338,0.0,1028.5045
2023-02-03 10:00:00+00:00,10.3,83.91811,0.0,1028.8147
2023-02-03 11:00:00+00:00,11.4,80.42683,0.0,1029.421
2023-02-03 12:00:00+00:00,11.45,77.74507,0.0,1029.9203
2023-02-03 13:00:00+00:00,12.25,75.01627,0.0,1029.8264
2023-02-03 14:00:00+00:00,12.3,75.024796,0.0,1029.8267
2023-02-03 15:00:00+00:00,12.0,74.97363,0.0,1029.9242
2023-02-03 16:00:00+00:00,11.4,78.26877,0.0,1030.3192
2023-02-03 17:00:00+00:00,10.55,81.412994,0.0,1030.9122
2023-02-03 18:00:00+00:00,10.1,82.192635,0.0,1031.5078
2023-02-03 19:00:00+00:00,9.65,83.5553,0.0,1032.0037
2023-02-03 20:00:00+00:00,9.35,85.54849,0.0,1032.3011
2023-02-03 21:00:00+00:00,7.7,93.38811,0.0,1032.4891
2023-02-03 22:00:00+00:00,6.35,96.27477,0.0,1032.8787
2023-02-03 23:00:00+00:00,4.95,98.27203,0.0,1033.3673
2023-02-04 00:00:00+00:00,6.6,94.30609,0.0,1033.8783
2023-02-04 01:00:00+00:00,6.35,94.95088,0.0,1033.9764
2023-02-04 02:00:00+00:00,6.25,95.27663,0.0,1034.2749
2023-02-04 03:00:00+00:00,6.05,96.26595,0.0,1034.2736
2023-02-04 04:00:00+00:00,6.0,96.26448,0.0,1034.1735
2023-02-04 05:00:00+00:00,6.65,95.29141,0.1,1034.2778
2023-02-04 06:00:00+00:00,6.9,94.97254,0.1,1034.3795
2023-02-04 07:00:00+00:00,6.75,95.62455,0.0,1034.678
2023-02-04 08:00:00+00:00,6.65,95.62111,0.0,1035.0763
2023-02-04 09:00:00+00:00,7.2,93.36251,0.1,1035.5795
2023-02-04 10:00:00+00:00,7.95,90.24791,0.0,1036.0836
2023-02-04 11:00:00+00:00,8.3,90.273766,0.1,1036.186
2023-02-04 12:00:00+00:00,8.6,84.58915,0.1,1036.5873
2023-02-04 13:00:00+00:00,9.1,76.57452,0.0,1036.6906
2023-02-04 14:00:00+00:00,9.4,70.230606,0.0,1036.4933
2023-02-04 15:00:00+00:00,9.25,70.447334,0.0,1036.3925
2023-02-04 16:00:00+00:00,8.9,72.89076,0.0,1036.3899
2023-02-04 17:00:00+00:00,8.1,76.410324,0.0,1036.6835
2023-02-04 18:00:00+00:00,8.2,75.09929,0.0,1036.8842
2023-02-04 19:00:00+00:00,7.65,77.6886,0.0,1037.1796
2023-02-04 20:00:00+00:00,7.6,79.33242,0.0,1037.4784
2023-02-04 21:00:00+00:00,7.35,83.277214,0.0,1037.5765
2023-02-04 22:00:00+00:00,6.85,89.23129,0.0,1037.3734
2023-02-04 23:00:00+00:00,7.35,89.271996,0.0,1037.2772
2023-02-05 00:00:00+00:00,7.75,86.56882,0.0,1037.879
2023-02-05 01:00:00+00:00,8.4,83.98398,0.0,1037.8834
2023-02-05 02:00:00+00:00,8.5,83.12913,0.0,1038.2834
2023-02-05 03:00:00+00:00,7.05,84.11807,0.0,1038.772
2023-02-05 04:00:00+00:00,5.1,89.71707,0.0,1040.255
2023-02-05 05:00:00+00:00,4.4,89.344635,0.0,1041.2479
2023-02-05 06:00:00+00:00,3.5,88.00407,0.0,1041.6401
2023-02-05 07:00:00+00:00,3.0,84.84988,0.0,1042.5348
2023-02-05 08:00:00+00:00,2.75,81.21418,0.0,1043.2316
2023-02-05 09:00:00+00:00,3.85,77.078,0.0,1043.5391
2023-02-05 10:00:00+00:00,5.1,71.39803,0.0,1043.7482
2023-02-05 11:00:00+00:00,6.25,66.89241,0.0,1043.6565
2023-02-05 12:00:00+00:00,6.9,68.98402,0.0,1043.9608
2023-02-05 13:00:00+00:00,7.5,68.61732,0.0,1043.6656
2023-02-05 14:00:00+00:00,7.75,66.5021,0.0,1043.468
2023-02-05 15:00:00+00:00,7.7,64.15372,0.0,1042.9686
2023-02-05 16:00:00+00:00,7.3,65.92903,0.0,1043.2651
2023-02-05 17:00:00+00:00,4.3,81.13544,0.0,1043.4429
2023-02-05 18:00:00+00:00,2.6,87.60504,0.0,1043.8293
2023-02-05 19:00:00+00:00,1.45,90.402016,0.0,1043.8206
2023-02-05 20:00:00+00:00,1.15,91.03842,0.0,1043.8181
2023-02-05 21:00:00+00:00,0.15,94.00887,0.0,1043.8107
2023-02-05 22:00:00+00:00,-0.25,95.37428,0.0,1043.7079
2023-02-05 23:00:00+00:00,-0.8,96.055824,0.0,1043.4043
2023-02-06 00:00:00+00:00,-0.2,96.42602,0.0,1043.6084
2023-02-06 01:00:00+00:00,-0.05,96.782166,0.0,1043.31
2023-02-06 02:00:00+00:00,0.15,98.20373,0.0,1043.112
2023-02-06 03:00:00+00:00,0.3,100.0,0.0,1042.814
2023-02-06 04:00:00+00:00,0.3,99.63887,0.0,1042.315
2023-02-06 05:00:00+00:00,0.4,99.63918,0.0,1042.116
2023-02-06 06:00:00+00:00,-0.05,99.63784,0.0,1041.8131
2023-02-06 07:00:00+00:00,0.15,99.638435,0.0,1041.715
2023-02-06 08:00:00+00:00,-0.6,100.0,0.0,1041.6094
2023-02-06 09:00:00+00:00,0.1,97.138596,0.0,1041.5149
2023-02-06 10:00:00+00:00,1.55,96.82348,0.0,1041.4263
2023-02-06 11:00:00+00:00,3.6,90.883965,0.0,1041.3418
2023-02-06 12:00:00+00:00,6.3,77.749664,0.0,1040.4634
2023-02-06 13:00:00+00:00,7.7,70.63827,0.0,1039.5752
2023-02-06 14:00:00+00:00,8.25,64.279976,0.0,1038.6808
2023-02-06 15:00:00+00:00,8.35,62.490932,0.0,1038.0828
2023-02-06 16:00:00+00:00,7.0,77.58581,0.0,1037.6737
2023-02-06 17:00:00+00:00,3.75,77.341255,0.0,1037.4503
2023-02-06 18:00:00+00:00,5.4,65.98224,0.0,1037.662
2023-02-06 19:00:00+00:00,1.05,87.1382,0.0,1037.6298
2023-02-06 20:00:00+00:00,0.25,92.65217,0.0,1037.5238
2023-02-06 21:00:00+00:00,0.35,94.70527,0.0,1037.6246
2023-02-06 22:00:00+00:00,0.3,95.74216,0.0,1037.8239
2023-02-06 23:00:00+00:00,-0.05,97.13511,0.0,1037.6213
2023-02-07 00:00:00+00:00,1.9,95.79649,0.0,1037.1373
2023-02-07 01:00:00+00:00,1.05,99.64109,0.0,1037.1307
2023-02-07 02:00:00+00:00,0.3,100.0,0.0,1037.1252
2023-02-07 03:00:00+00:00,-1.2,99.26997,0.0,1037.0139
2023-02-07 04:00:00+00:00,-1.3,99.26936,0.0,1036.8136
2023-02-07 05:00:00+00:00,-1.25,99.26967,0.0,1037.1133
2023-02-07 06:00:00+00:00,-1.1,98.18528,0.0,1037.0148
2023-02-07 07:00:00+00:00,-0.55,90.91791,0.0,1037.3185
2023-02-07 08:00:00+00:00,-0.4,97.83826,0.0,1037.8185
2023-02-07 09:00:00+00:00,-0.1,98.91656,0.0,1038.0203
2023-02-07 10:00:00+00:00,0.45,98.208115,0.0,1038.0244
2023-02-07 11:00:00+00:00,1.45,97.16968,0.0,1038.1317
2023-02-07 12:00:00+00:00,3.8,86.4738,0.0,1037.6503
2023-02-07 13:00:00+00:00,5.1,82.704056,0.0,1037.0613
2023-02-07 14:00:00+00:00,5.75,80.188255,0.0,1036.5668
2023-02-07 15:00:00+00:00,5.85,78.23313,0.0,1036.5674
2023-02-07 16:00:00+00:00,5.45,80.14522,0.0,1036.4647
2023-02-07 17:00:00+00:00,4.65,81.76606,0.0,1036.5586
2023-02-07 18:00:00+00:00,2.6,87.60504,0.0,1036.5437
2023-02-07 19:00:00+00:00,1.25,91.708084,0.0,1036.833
2023-02-07 20:00:00+00:00,-0.65,97.47689,0.0,1036.8185
2023-02-07 21:00:00+00:00,-1.15,98.90719,0.0,1036.815
2023-02-07 22:00:00+00:00,-1.25,99.26967,0.0,1036.7141
2023-02-07 23:00:00+00:00,-0.95,99.63515,0.0,1036.8162
2023-02-08 00:00:00+00:00,0.05,97.84617,0.0,1036.4248
2023-02-08 01:00:00+00:00,-0.5,99.63649,0.0,1036.221
2023-02-08 02:00:00+00:00,-1.1,99.63469,0.0,1035.8171
2023-02-08 03:00:00+00:00,-2.5,98.89494,0.0,1035.4073
2023-02-08 04:00:00+00:00,-2.65,98.89358,0.0,1035.0068
2023-02-08 05:00:00+00:00,-3.0,97.427864,0.0,1035.0042
2023-02-08 06:00:00+00:00,-2.95,98.157455,0.0,1034.805
2023-02-08 07:00:00+00:00,-2.55,98.89449,0.0,1034.8079
2023-02-08 08:00:00+00:00,-2.15,98.89814,0.0,1034.6116
2023-02-08 09:00:00+00:00,-1.2,97.82408,0.0,1034.7185
2023-02-08 10:00:00+00:00,0.25,95.39286,0.0,1034.5298
2023-02-08 11:00:00+00:00,2.15,91.10821,0.0,1034.2448
2023-02-08 12:00:00+00:00,3.3,74.77668,0.0,1033.6545
2023-02-08 13:00:00+00:00,5.5,72.51309,0.0,1032.6729
2023-02-08 14:00:00+00:00,7.0,63.761738,0.0,1031.3861
2023-02-08 15:00:00+00:00,7.2,57.65275,0.0,1030.5892
2023-02-08 16:00:00+00:00,6.0,69.045204,0.0,1030.1813
2023-02-08 17:00:00+00:00,2.2,85.685616,0.0,1029.9539
2023-02-08 18:00:00+00:00,0.9,90.03226,0.0,1029.9442
2023-02-08 19:00:00+00:00,0.1,92.30541,0.0,1029.9381
2023-02-08 20:00:00+00:00,-0.85,93.96075,0.0,1029.8312
2023-02-08 21:00:00+00:00,-1.35,94.632454,0.0,1029.9271
2023-02-08 22:00:00+00:00,-1.5,94.62596,0.0,1029.5266
2023-02-08 23:00:00+00:00,-1.55,94.27468,0.0,1029.2269
2023-02-09 00:00:00+00:00,-1.05,94.64542,0.0,1028.8315
2023-02-09 01:00:00+00:00,-0.65,94.66261,0.0,1028.1359
2023-02-09 02:00:00+00:00,-1.0,94.99632,0.0,1028.0336
2023-02-09 03:00:00+00:00,-0.9,95.349976,0.0,1027.835
2023-02-09 04:00:00+00:00,-0.7,95.00841,0.0,1027.8362
2023-02-09 05:00:00+00:00,-0.5,95.36495,0.0,1028.0374
2023-02-09 06:00:00+00:00,-0.2,95.376144,0.0,1028.4388
2023-02-09 07:00:00+00:00,0.65,95.06225,0.0,1029.044
2023-02-09 08:00:00+00:00,1.3,95.08786,0.0,1029.6477
2023-02-09 09:00:00+00:00,2.25,92.43478,0.0,1030.3535
2023-02-09 10:00:00+00:00,3.5,90.553635,0.0,1030.7617
2023-02-09 11:00:00+00:00,6.05,83.7051,0.0,1030.8802
2023-02-09 12:00:00+00:00,7.75,79.911446,0.0,1030.8926
2023-02-09 13:00:00+00:00,8.9,66.047676,0.0,1030.7009
2023-02-09 14:00:00+00:00,9.25,52.59335,0.0,1030.8033
2023-02-09 15:00:00+00:00,8.95,50.265583,0.0,1031.2003
2023-02-09 16:00:00+00:00,7.2,73.87248,0.0,1031.4874
2023-02-09 17:00:00+00:00,3.25,78.39101,0.0,1032.0574
2023-02-09 18:00:00+00:00,1.65,85.31454,0.0,1033.1433
2023-02-09 19:00:00+00:00,0.5,86.764854,0.0,1033.434
2023-02-09 20:00:00+00:00,-0.4,87.96318,0.0,1034.1259
2023-02-09 21:00:00+00:00,-0.75,87.28159,0.0,1034.8219
2023-02-09 22:00:00+00:00,1.2,81.595634,0.0,1034.8368
2023-02-09 23:00:00+00:00,-1.4,89.851074,0.0,1035.1163
2023-02-10 00:00:00+00:00,-2.0,96.0172,0.0,1034.8124
2023-02-10 01:00:00+00:00,-2.3,97.80436,0.0,1034.8098
2023-02-10 02:00:00+00:00,-2.55,98.16352,0.0,1034.8079
2023-02-10 03:00:00+00:00,-2.6,97.4363,0.0,1034.8076
2023-02-10 04:00:00+00:00,-2.85,96.70788,0.0,1034.7058
2023-02-10 05:00:00+00:00,-2.4,96.71999,0.0,1034.41
2023-02-10 06:00:00+00:00,-2.55,96.35705,0.0,1034.5084
2023-02-10 07:00:00+00:00,-2.75,95.99278,0.0,1034.8066
2023-02-10 08:00:00+00:00,-1.75,95.31789,0.0,1035.2133
2023-02-10 09:00:00+00:00,0.7,88.711494,0.0,1035.232
2023-02-10 10:00:00+00:00,3.05,83.03831,0.0,1035.7485
2023-02-10 11:00:00+00:00,4.85,78.92089,0.0,1035.4624
2023-02-10 12:00:00+00:00,6.35,72.93341,0.0,1035.0742
2023-02-10 13:00:00+00:00,7.4,68.84152,0.0,1034.4829
2023-02-10 14:00:00+00:00,7.85,68.44647,0.0,1034.0869
2023-02-10 15:00:00+00:00,7.65,71.38373,0.0,1033.886
2023-02-10 16:00:00+00:00,6.95,77.30449,0.0,1034.0804
2023-02-10 17:00:00+00:00,5.4,86.026566,0.0,1034.1688
2023-02-10 18:00:00+00:00,4.95,89.3894,0.0,1034.1656
2023-02-10 19:00:00+00:00,5.2,90.04122,0.0,1034.0677
2023-02-10 20:00:00+00:00,5.7,90.39537,0.0,1033.9716
2023-02-10 21:00:00+00:00,5.45,91.97519,0.0,1033.9697
2023-02-10 22:00:00+00:00,5.45,93.27173,0.0,1034.2692
2023-02-10 23:00:00+00:00,6.1,93.95677,0.0,1034.1741
2023-02-11 00:00:00+00:00,6.95,93.02765,0.0,1033.9806
2023-02-11 01:00:00+00:00,7.15,94.655876,0.0,1033.9819
2023-02-11 02:00:00+00:00,7.0,95.63311,0.0,1033.8812
2023-02-11 03:00:00+00:00,6.8,95.956604,0.0,1033.4806
2023-02-11 04:00:00+00:00,6.7,95.62284,0.0,1033.28
2023-02-11 05:00:00+00:00,6.65,95.951836,0.0,1033.3796
2023-02-11 06:00:00+00:00,6.5,95.94706,0.0,1033.678
2023-02-11 07:00:00+00:00,6.3,95.94068,0.0,1033.9761
2023-02-11 08:00:00+00:00,6.45,95.28403,0.0,1034.4761
2023-02-11 09:00:00+00:00,7.05,93.03303,0.0,1034.6798
2023-02-11 10:00:00+00:00,8.5,86.048805,0.0,1034.7902
2023-02-11 11:00:00+00:00,9.7,80.465515,0.0,1034.8987
2023-02-11 12:00:00+00:00,10.2,75.441216,0.0,1034.902
2023-02-11 13:00:00+00:00,10.6,70.95806,0.0,1034.7052
2023-02-11 14:00:00+00:00,10.55,69.97039,0.0,1034.5052
2023-02-11 15:00:00+00:00,10.45,68.98394,0.0,1034.305
2023-02-11 16:00:00+00:00,10.2,73.38311,0.0,1034.5027
2023-02-11 17:00:00+00:00,8.65,82.57477,0.0,1034.6915
2023-02-11 18:00:00+00:00,8.0,84.814476,0.0,1035.0859
2023-02-11 19:00:00+00:00,7.95,83.64032,0.0,1035.385
2023-02-11 20:00:00+00:00,7.4,85.63633,0.0,1035.5807
2023-02-11 21:00:00+00:00,7.0,88.31838,0.0,1035.7776
2023-02-11 22:00:00+00:00,6.7,91.09913,0.0,1035.7751
2023-02-11 23:00:00+00:00,7.05,87.71097,0.0,1035.8776
2023-02-12 00:00:00+00:00,6.85,84.98165,0.0,1036.2756
2023-02-12 01:00:00+00:00,6.4,87.95758,0.0,1036.1725
2023-02-12 02:00:00+00:00,6.1,90.74092,0.0,1036.0703
2023-02-12 03:00:00+00:00,6.2,88.24762,0.0,1036.0709
2023-02-12 04:00:00+00:00,5.75,87.282776,0.0,1035.8682
2023-02-12 05:00:00+00:00,5.6,88.50462,0.0,1035.967
2023-02-12 06:00:00+00:00,5.75,88.20753,0.0,1035.968
2023-02-12 07:00:00+00:00,5.9,89.15331,0.0,1035.8695
2023-02-12 08:00:00+00:00,6.15,91.06149,0.0,1036.3702
2023-02-12 09:00:00+00:00,7.05,88.016396,0.0,1036.4763
2023-02-12 10:00:00+00:00,8.1,82.219,0.0,1036.4839
2023-02-12 11:00:00+00:00,8.95,69.64944,0.0,1036.4901
2023-02-12 12:00:00+00:00,8.75,73.11884,0.0,1036.0895
2023-02-12 13:00:00+00:00,9.1,70.17091,0.0,1035.5928
2023-02-12 14:00:00+00:00,9.1,70.17091,0.0,1035.1935
2023-02-12 15:00:00+00:00,9.2,70.43744,0.0,1034.6954
2023-02-12 16:00:00+00:00,9.0,71.895325,0.0,1034.3945
2023-02-12 17:00:00+00:00,8.2,77.50374,0.0,1034.2892
2023-02-12 18:00:00+00:00,7.75,81.03564,0.0,1034.4856
2023-02-12 19:00:00+00:00,7.5,83.586334,0.0,1034.6831
2023-02-12 20:00:00+00:00,6.85,88.30517,0.0,1034.7786
2023-02-12 21:00:00+00:00,6.3,91.38944,0.0,1034.6747
2023-02-12 22:00:00+00:00,6.35,89.19035,0.0,1034.675
2023-02-12 23:00:00+00:00,6.25,89.807,0.0,1034.4745
2023-02-13 00:00:00+00:00,5.75,89.76804,0.0,1034.2714
2023-02-13 01:00:00+00:00,5.95,86.08397,0.0,1033.9735
2023-02-13 02:00:00+00:00,5.7,84.85297,0.0,1033.8717
2023-02-13 03:00:00+00:00,4.75,88.43011,0.0,1033.4657
2023-02-13 04:00:00+00:00,3.95,91.556046,0.0,1033.3602
2023-02-13 05:00:00+00:00,2.75,94.46796,0.0,1033.4508
2023-02-13 06:00:00+00:00,2.45,94.79321,0.0,1033.149
2023-02-13 07:00:00+00:00,2.05,95.80153,0.0,1033.1462
2023-02-13 08:00:00+00:00,2.25,95.80824,0.0,1033.2478
2023-02-13 09:00:00+00:00,4.25,89.96831,0.0,1033.0626
2023-02-13 10:00:00+00:00,6.5,86.14104,0.0,1032.8796
2023-02-13 11:00:00+00:00,8.35,81.96644,0.0,1032.8928
2023-02-13 12:00:00+00:00,10.05,70.35936,0.0,1032.306
2023-02-13 13:00:00+00:00,10.9,67.88684,0.0,1031.8131
2023-02-13 14:00:00+00:00,11.3,67.97048,0.0,1031.2167
2023-02-13 15:00:00+00:00,11.4,69.41655,0.0,1030.8184
2023-02-13 16:00:00+00:00,10.7,75.266396,0.0,1030.6138
2023-02-13 17:00:00+00:00,7.2,88.95092,0.0,1030.689
2023-02-13 18:00:00+00:00,5.4,93.26912,0.0,1031.1748
2023-02-13 19:00:00+00:00,3.85,95.86132,0.0,1031.1635
2023-02-13 20:00:00+00:00,2.6,97.19576,0.0,1031.0546
2023-02-13 21:00:00+00:00,1.9,96.14071,0.0,1031.0494
2023-02-13 22:00:00+00:00,1.95,94.09409,0.0,1030.95
2023-02-13 23:00:00+00:00,2.35,92.10949,0.0,1030.9529
2023-02-14 00:00:00+00:00,2.35,91.450165,0.0,1030.5536
2023-02-14 01:00:00+00:00,2.5,92.11876,0.0,1030.3555
2023-02-14 02:00:00+00:00,1.65,94.759964,0.0,1030.1493
2023-02-14 03:00:00+00:00,1.1,96.46333,0.0,1029.8457
2023-02-14 04:00:00+00:00,0.85,96.8055,0.0,1029.6442
2023-02-14 05:00:00+00:00,1.05,97.16051,0.0,1029.6458
2023-02-14 06:00:00+00:00,1.1,97.16167,0.0,1029.8457
2023-02-14 07:00:00+00:00,1.15,96.813225,0.0,1029.9458
2023-02-14 08:00:00+00:00,1.3,97.166245,0.0,1030.3463
2023-02-14 09:00:00+00:00,5.3,90.048836,0.0,1030.1761
2023-02-14 10:00:00+00:00,7.9,85.68945,0.0,1030.095
2023-02-14 11:00:00+00:00,10.0,81.33973,0.0,1030.0101
2023-02-14 12:00:00+00:00,10.95,79.00569,0.0,1029.5178
2023-02-14 13:00:00+00:00,12.2,72.99115,0.0,1028.9277
2023-02-14 14:00:00+00:00,12.8,67.81545,0.0,1028.2329
2023-02-14 15:00:00+00:00,12.75,67.11107,0.0,1027.7334
2023-02-14 16:00:00+00:00,11.7,76.47136,0.0,1027.2273
2023-02-14 17:00:00+00:00,7.35,87.73861,0.0,1026.9972
2023-02-14 18:00:00+00:00,5.2,93.25862,0.0,1026.9817
2023-02-14 19:00:00+00:00,3.75,95.85803,0.0,1026.7715
2023-02-14 20:00:00+00:00,2.75,94.805595,0.0,1026.5645
2023-02-14 21:00:00+00:00,2.2,86.62181,0.0,1026.3611
2023-02-14 22:00:00+00:00,2.1,81.123955,0.0,1026.0605
2023-02-14 23:00:00+00:00,2.55,79.43216,0.0,1025.7648
2023-02-15 00:00:00+00:00,2.15,86.93089,0.0,1025.1627
2023-02-15 01:00:00+00:00,2.0,90.7699,0.0,1024.4631
2023-02-15 02:00:00+00:00,2.3,92.77017,0.0,1023.76697
2023-02-15 03:00:00+00:00,1.25,93.72177,0.0,1023.1602
2023-02-15 04:00:00+00:00,1.1,94.394966,0.0,1022.46045
2023-02-15 05:00:00+00:00,1.75,94.423874,0.0,1022.1658
2023-02-15 06:00:00+00:00,1.95,94.43275,0.0,1022.06757
2023-02-15 07:00:00+00:00,1.8,94.08705,0.0,1021.96655
2023-02-15 08:00:00+00:00,3.85,91.22502,0.0,1022.1812
2023-02-15 09:00:00+00:00,6.5,83.75905,0.0,1022.00085
2023-02-15 10:00:00+00:00,8.6,79.755775,0.0,1021.9158
2023-02-15 11:00:00+00:00,10.2,75.70203,0.0,1021.72736
2023-02-15 12:00:00+00:00,11.25,71.822334,0.0,1021.0361
2023-02-15 13:00:00+00:00,12.5,68.45406,0.0,1020.64545
2023-02-15 14:00:00+00:00,12.9,65.774635,0.0,1020.0492
2023-02-15 15:00:00+00:00,12.6,65.709145,0.0,1019.94745
2023-02-15 16:00:00+00:00,11.45,68.00177,0.0,1020.03925
2023-02-15 17:00:00+00:00,9.6,71.758354,0.0,1019.9267
2023-02-15 18:00:00+00:00,8.3,78.06271,0.0,1019.9177
2023-02-15 19:00:00+00:00,7.9,81.33909,0.0,1019.9148
2023-02-15 20:00:00+00:00,7.4,86.23367,0.0,1020.11084
2023-02-15 21:00:00+00:00,7.15,89.87659,0.0,1020.20886
2023-02-15 22:00:00+00:00,7.9,91.18041,0.0,1020.1144
2023-02-15 23:00:00+00:00,8.35,94.061386,0.0,1020.0179
2023-02-16 00:00:00+00:00,8.85,96.34708,0.0,1020.52045
2023-02-16 01:00:00+00:00,8.85,96.0209,0.0,1020.42065
2023-02-16 02:00:00+00:00,8.2,95.348045,0.0,1020.1167
2023-02-16 03:00:00+00:00,7.65,94.352394,0.0,1019.4142
2023-02-16 04:00:00+00:00,7.75,90.23309,1.1,1018.9159
2023-02-16 05:00:00+00:00,7.35,90.829025,0.1,1018.6135
2023-02-16 06:00:00+00:00,7.85,88.39291,0.0,1018.11804
2023-02-16 07:00:00+00:00,8.1,85.71061,0.0,1017.8202
2023-02-16 08:00:00+00:00,8.45,89.0546,0.2,1018.42163
2023-02-16 09:00:00+00:00,8.85,90.314186,2.4,1018.02527
2023-02-16 10:00:00+00:00,9.35,89.73771,0.1,1017.929
2023-02-16 11:00:00+00:00,9.95,91.00835,0.0,1017.73346
2023-02-16 12:00:00+00:00,10.2,91.95162,0.0,1017.73505
2023-02-16 13:00:00+00:00,11.1,90.78106,0.0,1017.1426
2023-02-16 14:00:00+00:00,11.4,91.106125,0.0,1016.94495
2023-02-16 15:00:00+00:00,11.85,90.53038,0.0,1016.7485
2023-02-16 16:00:00+00:00,12.1,87.87057,0.0,1016.75006
2023-02-16 17:00:00+00:00,11.9,87.85265,0.0,1016.649
2023-02-16 18:00:00+00:00,11.4,88.39949,0.0,1017.14453
2023-02-16 19:00:00+00:00,10.95,88.06346,0.0,1017.8403
2023-02-16 20:00:00+00:00,10.5,88.023544,0.0,1018.2364
2023-02-16 21:00:00+00:00,9.55,90.67273,0.0,1018.42926
2023-02-16 22:00:00+00:00,9.35,92.52547,0.0,1018.52783
2023-02-16 23:00:00+00:00,10.25,91.33644,0.0,1018.63367
2023-02-17 00:00:00+00:00,10.9,91.6861,0.0,1018.2392
2023-02-17 01:00:00+00:00,11.15,91.70179,0.0,1017.94135
2023-02-17 02:00:00+00:00,11.2,92.630005,0.0,1017.6422
2023-02-17 03:00:00+00:00,11.2,92.630005,0.0,1017.5425
2023-02-17 04:00:00+00:00,11.15,91.08938,0.0,1017.5421
2023-02-17 05:00:00+00:00,10.7,88.937256,0.0,1017.53894
2023-02-17 06:00:00+00:00,10.0,89.181206,0.0,1017.3346
2023-02-17 07:00:00+00:00,9.35,88.82508,0.0,1017.6295
2023-02-17 08:00:00+00:00,9.6,87.94314,0.0,1018.4296
2023-02-17 09:00:00+00:00,10.55,83.662285,0.0,1018.5361
2023-02-17 10:00:00+00:00,12.0,80.50973,0.0,1018.8454
2023-02-17 11:00:00+00:00,12.95,79.83241,0.0,1018.1534
2023-02-17 12:00:00+00:00,13.15,78.26887,0.0,1018.7536
2023-02-17 13:00:00+00:00,13.25,79.341354,0.0,1019.353
2023-02-17 14:00:00+00:00,13.45,78.31403,0.1,1019.9532
2023-02-17 15:00:00+00:00,13.55,80.18442,0.0,1020.3531
2023-02-17 16:00:00+00:00,13.05,83.11812,0.0,1020.7491
2023-02-17 17:00:00+00:00,12.25,87.29913,0.0,1021.14294
2023-02-17 18:00:00+00:00,12.1,87.87057,0.0,1021.7405
2023-02-17 19:00:00+00:00,11.8,89.32554,0.0,1022.13776
2023-02-17 20:00:00+00:00,11.8,89.32554,0.0,1022.2375
2023-02-17 21:00:00+00:00,11.85,90.22884,0.0,1021.93854
2023-02-17 22:00:00+00:00,11.8,90.829384,0.0,1021.9382
2023-02-17 23:00:00+00:00,11.65,89.91314,0.0,1021.5379
2023-02-18 00:00:00+00:00,11.25,91.09608,0.0,1021.0361
2023-02-18 01:00:00+00:00,11.4,88.696686,0.0,1020.43823
2023-02-18 02:00:00+00:00,11.25,87.499344,0.0,1020.3374
2023-02-18 03:00:00+00:00,10.65,83.958916,0.0,1019.7344
2023-02-18 04:00:00+00:00,10.0,84.74627,0.0,1019.1311
2023-02-18 05:00:00+00:00,9.75,85.29921,0.0,1018.9299
2023-02-18 06:00:00+00:00,9.95,81.89244,0.0,1018.6317
2023-02-18 07:00:00+00:00,9.65,83.84197,0.0,1018.5297
2023-02-18 08:00:00+00:00,10.35,82.78765,0.0,1018.63464
2023-02-18 09:00:00+00:00,11.2,81.499054,0.0,1019.03955
2023-02-18 10:00:00+00:00,12.15,80.259056,0.0,1019.54504
2023-02-18 11:00:00+00:00,12.8,79.01003,0.0,1019.74915
2023-02-18 12:00:00+00:00,12.7,79.52901,0.0,1019.7484
2023-02-18 13:00:00+00:00,12.7,80.60583,0.0,1019.44904
2023-02-18 14:00:00+00:00,12.7,81.69547,0.2,1019.14954
2023-02-18 15:00:00+00:00,12.5,85.30584,0.4,1018.6493
2023-02-18 16:00:00+00:00,12.15,87.2898,0.1,1018.24756
2023-02-18 17:00:00+00:00,11.75,88.726,0.0,1018.245
2023-02-18 18:00:00+00:00,11.1,84.58159,0.0,1018.5399
2023-02-18 19:00:00+00:00,10.35,85.94565,0.0,1018.73444
2023-02-18 20:00:00+00:00,9.65,84.997375,0.0,1019.2284
2023-02-18 21:00:00+00:00,9.05,89.40873,0.0,1019.324
2023-02-18 22:00:00+00:00,8.55,91.84991,0.0,1019.6198
2023-02-18 23:00:00+00:00,8.25,92.14626,0.0,1019.7177
2023-02-19 00:00:00+00:00,8.1,92.453606,0.0,1020.3153
2023-02-19 01:00:00+00:00,8.0,91.50087,0.0,1020.714
2023-02-19 02:00:00+00:00,7.75,91.48462,0.0,1021.2114
2023-02-19 03:00:00+00:00,7.45,89.89963,0.0,1021.6083
2023-02-19 04:00:00+00:00,7.15,88.33158,0.0,1022.2049
2023-02-19 05:00:00+00:00,7.0,87.40173,0.0,1023.00244
2023-02-19 06:00:00+00:00,7.15,85.90838,0.0,1023.40265
2023-02-19 07:00:00+00:00,7.2,84.72462,0.0,1023.70264
2023-02-19 08:00:00+00:00,7.3,83.85431,0.0,1024.2023
2023-02-19 09:00:00+00:00,8.3,78.88374,0.0,1025.1075
2023-02-19 10:00:00+00:00,9.15,71.92382,0.0,1025.9122
2023-02-19 11:00:00+00:00,9.9,65.80279,0.0,1026.3165
2023-02-19 12:00:00+00:00,11.15,61.401333,0.0,1026.3252
2023-02-19 13:00:00+00:00,11.75,60.902557,0.0,1026.03
2023-02-19 14:00:00+00:00,12.1,60.351627,0.0,1025.7328
2023-02-19 15:00:00+00:00,12.15,60.57473,0.0,1025.5336
2023-02-19 16:00:00+00:00,11.9,62.880905,0.0,1025.033
2023-02-19 17:00:00+00:00,9.8,73.821526,0.0,1024.719
2023-02-19 18:00:00+00:00,8.45,80.84991,0.0,1025.1085
2023-02-19 19:00:00+00:00,7.95,85.103264,0.0,1025.2048
2023-02-19 20:00:00+00:00,7.15,89.56569,0.0,1025.3988
2023-02-19 21:00:00+00:00,6.65,90.77983,0.0,1025.1956
2023-02-19 22:00:00+00:00,6.2,91.064926,0.0,1025.0924
2023-02-19 23:00:00+00:00,6.15,91.6985,0.0,1024.9924
2023-02-20 00:00:00+00:00,6.4,92.67557,0.0,1024.695
2023-02-20 01:00:00+00:00,6.8,90.475845,0.0,1024.1987
2023-02-20 02:00:00+00:00,6.95,90.173485,0.0,1023.7007
2023-02-20 03:00:00+00:00,7.35,88.65583,0.0,1023.40424
2023-02-20 04:00:00+00:00,7.5,88.362305,0.0,1023.006
2023-02-20 05:00:00+00:00,7.6,89.292274,0.0,1022.9068
2023-02-20 06:00:00+00:00,7.75,89.304405,0.0,1022.60864
2023-02-20 07:00:00+00:00,8.0,88.40598,0.0,1022.3109
2023-02-20 08:00:00+00:00,8.45,86.93734,0.0,1022.5136
2023-02-20 09:00:00+00:00,9.6,82.69421,0.0,1022.8211
2023-02-20 10:00:00+00:00,10.35,81.66496,0.0,1022.8266
2023-02-20 11:00:00+00:00,11.2,78.77369,0.0,1022.9321
2023-02-20 12:00:00+00:00,10.85,78.18503,0.0,1022.43054
2023-02-20 13:00:00+00:00,11.8,74.93943,0.0,1021.7385
2023-02-20 14:00:00+00:00,12.25,74.25458,0.0,1020.94336
2023-02-20 15:00:00+00:00,12.4,73.777176,0.0,1020.54504
2023-02-20 16:00:00+00:00,12.3,73.50865,0.0,1020.3447
2023-02-20 17:00:00+00:00,10.95,80.36432,0.0,1020.13586
2023-02-20 18:00:00+00:00,9.3,87.61639,0.0,1020.324
2023-02-20 19:00:00+00:00,8.55,90.292175,0.0,1020.3185
2023-02-20 20:00:00+00:00,8.75,90.61609,0.0,1020.32007
2023-02-20 21:00:00+00:00,9.15,89.41669,0.0,1020.323
2023-02-20 22:00:00+00:00,9.3,89.73386,0.0,1020.324
2023-02-20 23:00:00+00:00,9.25,90.34343,0.0,1020.12396
2023-02-21 00:00:00+00:00,8.3,93.09985,0.0,1019.6183
2023-02-21 01:00:00+00:00,8.45,92.790344,0.0,1019.4197
2023-02-21 02:00:00+00:00,8.35,93.74081,0.0,1018.92004
2023-02-21 03:00:00+00:00,8.2,94.37643,0.0,1018.51984
2023-02-21 04:00:00+00:00,8.1,94.69521,0.0,1018.2194
2023-02-21 05:00:00+00:00,7.55,96.640175,0.0,1017.8163
2023-02-21 06:00:00+00:00,7.3,96.96564,0.0,1017.5153
2023-02-21 07:00:00+00:00,7.15,97.295525,0.0,1017.5141
2023-02-21 08:00:00+00:00,7.8,94.35896,0.0,1017.71844
2023-02-21 09:00:00+00:00,8.6,87.85286,0.0,1017.82367
2023-02-21 10:00:00+00:00,9.1,82.91659,0.0,1017.52783
2023-02-21 11:00:00+00:00,9.6,79.35055,0.0,1017.1321
2023-02-21 12:00:00+00:00,8.95,85.50588,0.0,1016.8282
2023-02-21 13:00:00+00:00,9.85,83.00915,0.0,1015.93634
2023-02-21 14:00:00+00:00,10.55,79.761246,0.0,1015.0428
2023-02-21 15:00:00+00:00,10.85,76.332794,0.0,1014.2463
2023-02-21 16:00:00+00:00,10.7,75.007904,0.0,1013.84607
2023-02-21 17:00:00+00:00,8.8,85.48985,0.0,1013.43384
2023-02-21 18:00:00+00:00,7.1,91.44215,0.0,1013.42175
2023-02-21 19:00:00+00:00,6.65,92.689705,0.0,1013.3188
2023-02-21 20:00:00+00:00,5.6,95.252464,0.0,1012.91223
2023-02-21 21:00:00+00:00,5.0,96.23483,0.0,1012.60834
2023-02-21 22:00:00+00:00,4.5,96.89763,0.0,1012.2057
2023-02-21 23:00:00+00:00,5.1,95.23376,1.2,1012.1103
2023-02-22 00:00:00+00:00,4.0,95.52869,0.0,1011.0045
2023-02-22 01:00:00+00:00,4.55,95.88423,0.1,1010.60913
2023-02-22 02:00:00+00:00,4.5,95.88261,0.0,1010.10974
2023-02-22 03:00:00+00:00,4.35,94.537415,0.0,1009.8094
2023-02-22 04:00:00+00:00,3.45,97.21481,0.0,1009.204
2023-02-22 05:00:00+00:00,4.85,95.89399,0.0,1009.01447
2023-02-22 06:00:00+00:00,4.95,96.23337,0.0,1008.7158
2023-02-22 07:00:00+00:00,5.3,95.574394,0.2,1008.8181
2023-02-22 08:00:00+00:00,5.5,95.91502,0.5,1008.9195
2023-02-22 09:00:00+00:00,6.0,95.59872,0.5,1008.8231
2023-02-22 10:00:00+00:00,6.6,93.98026,0.4,1009.12665
2023-02-22 11:00:00+00:00,7.3,91.1399,0.4,1009.13165
2023-02-22 12:00:00+00:00,7.85,88.39291,0.4,1009.33514
2023-02-22 13:00:00+00:00,8.25,87.21802,0.0,1009.2381
2023-02-22 14:00:00+00:00,8.2,88.42338,0.2,1009.23785
2023-02-22 15:00:00+00:00,8.4,89.35675,0.2,1009.33887
2023-02-22 16:00:00+00:00,8.5,85.752815,0.0,1009.5392
2023-02-22 17:00:00+00:00,7.95,88.09717,0.0,1010.03436
2023-02-22 18:00:00+00:00,6.95,91.74942,0.0,1010.5264
2023-02-22 19:00:00+00:00,5.3,94.24796,0.0,1011.0138
2023-02-22 20:00:00+00:00,5.4,91.32957,0.0,1011.5134
2023-02-22 21:00:00+00:00,4.8,90.3288,0.0,1011.8087
2023-02-22 22:00:00+00:00,3.95,91.23183,0.0,1012.40155
2023-02-22 23:00:00+00:00,3.65,92.189285,0.0,1012.3993
2023-02-23 00:00:00+00:00,4.35,93.21373,0.0,1012.6039
2023-02-23 01:00:00+00:00,3.5,94.50068,0.0,1013.0966
2023-02-23 02:00:00+00:00,3.85,94.85063,0.0,1013.29877
2023-02-23 03:00:00+00:00,4.35,93.87351,0.0,1013.3025
2023-02-23 04:00:00+00:00,5.6,88.50462,0.0,1013.2117
2023-02-23 05:00:00+00:00,5.5,89.74848,0.0,1013.4107
2023-02-23 06:00:00+00:00,5.7,89.76414,0.2,1013.7113
2023-02-23 07:00:00+00:00,5.85,91.99997,0.8,1014.4109
2023-02-23 08:00:00+00:00,6.2,91.064926,0.2,1015.5112
2023-02-23 09:00:00+00:00,6.4,88.57411,0.2,1016.11176
2023-02-23 10:00:00+00:00,6.55,86.75078,0.1,1016.61163
2023-02-23 11:00:00+00:00,6.8,86.47331,0.2,1017.2124
2023-02-23 12:00:00+00:00,7.55,83.01189,0.0,1017.31726
2023-02-23 13:00:00+00:00,7.7,80.18408,0.0,1017.3186
2023-02-23 14:00:00+00:00,8.3,74.3303,0.0,1017.32275
2023-02-23 15:00:00+00:00,8.25,71.75227,0.0,1017.42224
2023-02-23 16:00:00+00:00,7.9,72.449005,0.0,1017.81885
2023-02-23 17:00:00+00:00,7.1,74.37975,0.0,1018.01276
2023-02-23 18:00:00+00:00,6.5,73.7458,0.0,1018.30804
2023-02-23 19:00:00+00:00,6.2,70.84613,0.0,1018.60516
2023-02-23 20:00:00+00:00,5.8,70.00634,0.0,1018.303
2023-02-23 21:00:00+00:00,4.9,72.92439,0.0,1018.1968
2023-02-23 22:00:00+00:00,2.25,85.38108,0.0,1018.37726
2023-02-23 23:00:00+00:00,2.15,83.5298,0.0,1017.87726
2023-02-24 00:00:00+00:00,-0.45,88.93767,0.0,1017.35913
2023-02-24 01:00:00+00:00,-0.25,87.00897,0.0,1016.56226
2023-02-24 02:00:00+00:00,-1.0,90.55029,0.0,1015.85803
2023-02-24 03:00:00+00:00,-1.05,91.21857,0.0,1015.25885
2023-02-24 04:00:00+00:00,-1.15,90.204506,0.0,1014.26025
2023-02-24 05:00:00+00:00,-0.65,86.96883,0.0,1013.7648
2023-02-24 06:00:00+00:00,0.7,79.740005,0.0,1012.77686
2023-02-24 07:00:00+00:00,0.85,81.54771,0.0,1012.2788
2023-02-24 08:00:00+00:00,1.75,82.26996,0.0,1012.18567
2023-02-24 09:00:00+00:00,3.85,79.339035,0.0,1011.6021
2023-02-24 10:00:00+00:00,6.5,77.23215,0.0,1010.92255
2023-02-24 11:00:00+00:00,8.2,80.25499,0.0,1010.53534
2023-02-24 12:00:00+00:00,8.55,82.276886,0.0,1010.2381
2023-02-24 13:00:00+00:00,8.55,81.42635,0.0,1009.83887
2023-02-24 14:00:00+00:00,8.5,81.419655,0.0,1009.4394
2023-02-24 15:00:00+00:00,8.6,79.203514,0.0,1009.14056
2023-02-24 16:00:00+00:00,9.15,70.42756,0.0,1009.04486
2023-02-24 17:00:00+00:00,7.9,71.43214,0.0,1009.4352
2023-02-24 18:00:00+00:00,6.4,76.67002,0.0,1010.2233
2023-02-24 19:00:00+00:00,4.6,85.333496,0.0,1010.90894
2023-02-24 20:00:00+00:00,4.35,86.83824,0.0,1011.4063
2023-02-24 21:00:00+00:00,4.4,84.10341,0.0,1011.80585
2023-02-24 22:00:00+00:00,3.85,84.33989,0.0,1012.60016
2023-02-24 23:00:00+00:00,3.35,86.42767,0.0,1012.6965
2023-02-25 00:00:00+00:00,2.85,88.89732,0.0,1012.89264
2023-02-25 01:00:00+00:00,3.15,87.65699,0.0,1013.194
2023-02-25 02:00:00+00:00,2.6,89.196205,0.0,1013.19006
2023-02-25 03:00:00+00:00,1.95,90.7663,0.0,1013.28503
2023-02-25 04:00:00+00:00,1.75,91.08038,0.0,1013.3833
2023-02-25 05:00:00+00:00,1.65,90.74467,0.0,1013.78186
2023-02-25 06:00:00+00:00,1.8,89.452415,0.0,1013.8827
2023-02-25 07:00:00+00:00,1.85,88.81144,0.0,1013.98303
2023-02-25 08:00:00+00:00,2.8,85.13389,0.0,1014.48883
2023-02-25 09:00:00+00:00,4.85,76.41295,0.0,1014.8031
2023-02-25 10:00:00+00:00,5.8,72.830666,0.0,1015.00946
2023-02-25 11:00:00+00:00,6.3,67.8751,0.0,1015.113
2023-02-25 12:00:00+00:00,6.55,67.44155,0.0,1015.2144
2023-02-25 13:00:00+00:00,7.25,62.45415,0.0,1015.11975
2023-02-25 14:00:00+00:00,7.3,61.348103,0.0,1015.0202
2023-02-25 15:00:00+00:00,7.25,60.01757,0.0,1015.2196
2023-02-25 16:00:00+00:00,6.75,59.67536,0.0,1015.7151
2023-02-25 17:00:00+00:00,6.3,62.000996,0.0,1016.41046
2023-02-25 18:00:00+00:00,5.6,62.743027,0.0,1017.104
2023-02-25 19:00:00+00:00,5.0,64.93647,0.0,1017.79816
2023-02-25 20:00:00+00:00,4.2,68.91998,0.0,1018.29144
2023-02-25 21:00:00+00:00,2.9,76.64147,0.0,1018.881
2023-02-25 22:00:00+00:00,2.0,83.20773,0.0,1019.6727
2023-02-25 23:00:00+00:00,1.7,88.15685,0.0,1019.9699
2023-02-26 00:00:00+00:00,1.65,90.74467,0.0,1020.269
2023-02-26 01:00:00+00:00,1.35,92.04727,0.0,1020.4664
2023-02-26 02:00:00+00:00,1.35,91.71459,0.0,1020.666
2023-02-26 03:00:00+00:00,1.15,91.03842,0.0,1020.9637
2023-02-26 04:00:00+00:00,2.25,83.23906,0.0,1021.2715
2023-02-26 05:00:00+00:00,3.35,72.36636,0.0,1021.7785
2023-02-26 06:00:00+00:00,3.7,64.63722,0.0,1022.3799
2023-02-26 07:00:00+00:00,3.4,63.85328,0.0,1023.17596
2023-02-26 08:00:00+00:00,3.65,66.563156,0.0,1024.1759
2023-02-26 09:00:00+00:00,5.15,55.862194,0.0,1024.7858
2023-02-26 10:00:00+00:00,6.15,46.945126,0.0,1025.3917
2023-02-26 11:00:00+00:00,6.9,43.425346,0.0,1025.6964
2023-02-26 12:00:00+00:00,7.3,49.068554,0.0,1026.1984
2023-02-26 13:00:00+00:00,7.7,45.834698,0.0,1026.3011
2023-02-26 14:00:00+00:00,7.1,49.376804,0.0,1026.4962
2023-02-26 15:00:00+00:00,6.85,51.932735,0.0,1026.5944
2023-02-26 16:00:00+00:00,6.6,51.86328,0.0,1026.892
2023-02-26 17:00:00+00:00,6.0,56.295307,0.0,1027.1871
2023-02-26 18:00:00+00:00,5.25,58.21302,0.0,1027.6807
2023-02-26 19:00:00+00:00,4.25,61.50264,0.0,1028.0724
2023-02-26 20:00:00+00:00,2.1,70.80229,0.0,1028.5557
2023-02-26 21:00:00+00:00,1.75,71.52435,0.0,1028.8525
2023-02-26 22:00:00+00:00,1.1,72.73902,0.0,1029.0474
2023-02-26 23:00:00+00:00,0.6,73.462326,0.0,1029.0437
2023-02-27 00:00:00+00:00,0.2,80.85663,0.0,1029.2401
2023-02-27 01:00:00+00:00,-0.35,83.21745,0.0,1029.236
2023-02-27 02:00:00+00:00,-0.5,83.19843,0.0,1029.0353
2023-02-27 03:00:00+00:00,0.15,79.95424,0.0,1028.7408
2023-02-27 04:00:00+00:00,1.0,76.32097,0.0,1028.8472
2023-02-27 05:00:00+00:00,1.55,74.738655,0.0,1029.0509
2023-02-27 06:00:00+00:00,1.0,77.17413,0.0,1028.9469
2023-02-27 07:00:00+00:00,0.35,79.09848,0.0,1029.3412
2023-02-27 08:00:00+00:00,2.75,69.63603,0.0,1030.0576
2023-02-27 09:00:00+00:00,3.65,73.48849,0.0,1030.264
2023-02-27 10:00:00+00:00,4.6,78.31849,0.0,1030.4705
2023-02-27 11:00:00+00:00,5.8,76.844536,0.0,1030.2795
2023-02-27 12:00:00+00:00,7.2,66.14373,0.0,1030.0902
2023-02-27 13:00:00+00:00,7.5,60.515835,0.0,1029.4933
2023-02-27 14:00:00+00:00,7.6,58.600216,0.0,1029.0947
2023-02-27 15:00:00+00:00,7.45,57.717155,0.0,1029.0938
2023-02-27 16:00:00+00:00,7.25,61.33596,0.0,1028.893
2023-02-27 17:00:00+00:00,6.65,64.14257,0.0,1029.088
2023-02-27 18:00:00+00:00,6.0,64.928375,0.0,1029.7821
2023-02-27 19:00:00+00:00,5.6,64.366394,0.0,1030.1783
2023-02-27 20:00:00+00:00,5.0,65.413025,0.0,1030.7727
2023-02-27 21:00:00+00:00,4.7,65.58473,0.0,1030.9703
2023-02-27 22:00:00+00:00,4.55,66.51846,0.0,1031.1686
2023-02-27 23:00:00+00:00,4.35,67.950836,0.0,1031.1672
2023-02-28 00:00:00+00:00,2.75,80.62639,0.0,1031.0555
2023-02-28 01:00:00+00:00,1.75,88.48159,0.0,1031.0481
2023-02-28 02:00:00+00:00,1.0,91.027885,0.0,1031.1425
2023-02-28 03:00:00+00:00,0.8,92.68411,0.0,1031.1407
2023-02-28 04:00:00+00:00,0.8,94.039856,0.0,1031.1407
2023-02-28 05:00:00+00:00,0.7,94.72008,0.0,1031.3398
2023-02-28 06:00:00+00:00,0.55,95.0583,0.0,1031.4384
2023-02-28 07:00:00+00:00,0.65,94.71797,0.0,1031.6388
2023-02-28 08:00:00+00:00,3.0,88.91012,0.0,1031.7562
2023-02-28 09:00:00+00:00,5.45,76.51293,0.0,1031.6742
2023-02-28 10:00:00+00:00,6.4,71.39506,0.0,1031.4817
2023-02-28 11:00:00+00:00,6.9,70.73141,0.0,1031.0859
2023-02-28 12:00:00+00:00,6.75,74.58193,0.0,1030.8855
2023-02-28 13:00:00+00:00,7.4,73.647545,0.1,1029.9916
2023-02-28 14:00:00+00:00,7.7,72.1557,0.1,1028.9958
2023-02-28 15:00:00+00:00,7.9,72.449005,0.1,1028.5979
2023-02-28 16:00:00+00:00,7.8,72.17465,0.0,1028.3977
2023-02-28 17:00:00+00:00,7.25,72.58365,0.0,1028.5935
2023-02-28 18:00:00+00:00,6.7,73.78208,0.0,1029.0883
2023-02-28 19:00:00+00:00,6.15,77.450356,0.0,1029.3839
2023-02-28 20:00:00+00:00,6.05,78.26418,0.0,1029.7823
2023-02-28 21:00:00+00:00,5.6,81.89243,0.1,1030.0785
2023-02-28 22:00:00+00:00,4.7,86.56537,0.3,1030.8705
2023-02-28 23:00:00+00:00,4.25,81.12853,0.0,1030.9667
2023-03-01 00:00:00+00:00,4.4,85.61592,0.0,1030.968
2023-03-01 01:00:00+00:00,4.25,85.9054,0.0,1030.9667
2023-03-01 02:00:00+00:00,4.1,88.37266,0.0,1030.6664
2023-03-01 03:00:00+00:00,4.15,90.28028,0.0,1030.0679
2023-03-01 04:00:00+00:00,4.25,91.25219,0.0,1029.5695
2023-03-01 05:00:00+00:00,4.4,90.94021,0.1,1029.2715
2023-03-01 06:00:00+00:00,4.45,88.40365,0.0,1029.0721
2023-03-01 07:00:00+00:00,4.5,84.11524,0.0,1029.0724
2023-03-01 08:00:00+00:00,4.7,83.244545,0.0,1029.074
2023-03-01 09:00:00+00:00,5.25,79.83137,0.0,1028.9781
2023-03-01 10:00:00+00:00,5.65,80.17392,0.0,1028.6816
2023-03-01 11:00:00+00:00,6.4,77.21603,0.0,1027.9885
2023-03-01 12:00:00+00:00,6.55,75.882805,0.1,1027.4904
2023-03-01 13:00:00+00:00,7.05,74.37087,0.1,1026.4958
2023-03-01 14:00:00+00:00,7.05,76.50598,0.0,1025.7972
2023-03-01 15:00:00+00:00,6.85,78.664764,0.0,1024.9976
2023-03-01 16:00:00+00:00,7.2,75.45744,0.0,1024.3015
2023-03-01 17:00:00+00:00,6.75,76.72752,0.0,1024.0986
2023-03-01 18:00:00+00:00,6.15,79.96197,0.0,1024.2938
2023-03-01 19:00:00+00:00,5.6,84.5426,0.1,1024.4895
2023-03-01 20:00:00+00:00,4.8,90.010605,0.1,1024.2842
2023-03-01 21:00:00+00:00,4.15,93.20311,0.1,1024.4789
2023-03-01 22:00:00+00:00,3.9,92.86032,0.0,1024.5768
2023-03-01 23:00:00+00:00,3.15,92.48798,0.0,1024.3718
2023-03-02 00:00:00+00:00,2.55,91.1359,0.0,1024.0681
2023-03-02 01:00:00+00:00,1.4,91.38636,0.0,1023.95966
2023-03-02 02:00:00+00:00,0.95,91.3559,0.0,1023.55725
2023-03-02 03:00:00+00:00,0.75,91.342316,0.0,1023.25635
2023-03-02 04:00:00+00:00,0.55,91.66229,0.0,1023.25476
2023-03-02 05:00:00+00:00,0.35,92.32061,0.0,1023.3532
2023-03-02 06:00:00+00:00,0.3,92.655075,0.0,1023.35284
2023-03-02 07:00:00+00:00,0.35,92.65798,0.0,1023.6525
2023-03-02 08:00:00+00:00,1.9,91.090836,0.0,1023.8638
2023-03-02 09:00:00+00:00,4.05,85.27292,0.0,1023.8795
2023-03-02 10:00:00+00:00,5.85,72.57924,0.0,1023.99207
2023-03-02 11:00:00+00:00,6.7,64.85304,0.0,1023.8984
2023-03-02 12:00:00+00:00,7.25,61.55817,0.0,1024.0024
2023-03-02 13:00:00+00:00,8.2,58.964466,0.0,1023.60986
2023-03-02 14:00:00+00:00,8.7,57.001133,0.0,1023.3141
2023-03-02 15:00:00+00:00,8.8,56.41342,0.0,1023.0152
2023-03-02 16:00:00+00:00,8.4,57.960743,0.0,1022.91254
2023-03-02 17:00:00+00:00,7.3,63.831406,0.0,1023.3041
2023-03-02 18:00:00+00:00,5.25,72.20488,0.0,1023.8882
2023-03-02 19:00:00+00:00,4.45,76.898415,0.0,1024.581
2023-03-02 20:00:00+00:00,3.7,81.052376,0.0,1025.0746
2023-03-02 21:00:00+00:00,3.0,85.77198,0.0,1025.3689
2023-03-02 22:00:00+00:00,2.65,87.60977,0.0,1025.5659
2023-03-02 23:00:00+00:00,2.25,88.8459,0.0,1025.4631
2023-03-03 00:00:00+00:00,1.3,91.37961,0.0,1025.3563
2023-03-03 01:00:00+00:00,1.65,90.74467,0.0,1025.6582
2023-03-03 02:00:00+00:00,1.85,89.78059,0.0,1025.8595
2023-03-03 03:00:00+00:00,1.5,91.062935,0.0,1025.8566
2023-03-03 04:00:00+00:00,1.15,92.704315,0.0,1025.9537
2023-03-03 05:00:00+00:00,0.95,93.02969,0.0,1026.0522
2023-03-03 06:00:00+00:00,0.9,93.02693,0.0,1026.1517
2023-03-03 07:00:00+00:00,1.5,91.72435,0.0,1026.4553
2023-03-03 08:00:00+00:00,3.85,81.365456,0.0,1026.7722
2023-03-03 09:00:00+00:00,4.8,75.04161,0.0,1027.0786
2023-03-03 10:00:00+00:00,5.35,72.22399,0.1,1027.2821
2023-03-03 11:00:00+00:00,5.75,72.04097,0.1,1027.4846
2023-03-03 12:00:00+00:00,6.15,69.32534,0.0,1027.787
2023-03-03 13:00:00+00:00,6.2,70.59238,0.1,1027.4878
2023-03-03 14:00:00+00:00,6.3,69.356224,0.1,1027.1893
2023-03-03 15:00:00+00:00,6.1,68.323456,0.0,1027.0879
2023-03-03 16:00:00+00:00,6.3,65.46878,0.0,1026.6903
2023-03-03 17:00:00+00:00,6.35,65.95505,0.0,1026.6907
2023-03-03 18:00:00+00:00,5.4,71.7148,0.0,1026.983
2023-03-03 19:00:00+00:00,4.6,76.64665,0.0,1027.576
2023-03-03 20:00:00+00:00,4.3,79.12128,0.0,1027.5741
2023-03-03 21:00:00+00:00,3.95,81.672134,0.0,1027.9708
2023-03-03 22:00:00+00:00,3.7,84.322334,0.0,1028.368
2023-03-03 23:00:00+00:00,3.3,88.935646,0.0,1028.6644
2023-03-04 00:00:00+00:00,4.2,82.88522,0.0,1028.7709
2023-03-04 01:00:00+00:00,4.6,79.73628,0.0,1028.674
2023-03-04 02:00:00+00:00,4.45,82.91682,0.0,1028.4734
2023-03-04 03:00:00+00:00,4.15,85.8948,0.0,1027.972
2023-03-04 04:00:00+00:00,4.2,85.59431,0.0,1027.8726
2023-03-04 05:00:00+00:00,4.1,83.767624,0.0,1028.0715
2023-03-04 06:00:00+00:00,4.15,82.287094,0.0,1028.2715
2023-03-04 07:00:00+00:00,4.15,82.87889,0.0,1028.5708
2023-03-04 08:00:00+00:00,4.45,82.62104,0.0,1028.8726
2023-03-04 09:00:00+00:00,5.05,77.8291,0.0,1028.9766
2023-03-04 10:00:00+00:00,5.15,77.013145,0.0,1028.778
2023-03-04 11:00:00+00:00,6.1,72.10796,0.0,1028.585
2023-03-04 12:00:00+00:00,6.6,66.01068,0.0,1028.2892
2023-03-04 13:00:00+00:00,6.8,67.012184,0.0,1027.6919
2023-03-04 14:00:00+00:00,6.6,68.67491,0.0,1027.1913
2023-03-04 15:00:00+00:00,6.5,67.67387,0.0,1026.6917
2023-03-04 16:00:00+00:00,6.5,63.415016,0.0,1026.1926
2023-03-04 17:00:00+00:00,6.3,65.23235,0.0,1025.7921
2023-03-04 18:00:00+00:00,5.4,70.17833,0.0,1026.0847
2023-03-04 19:00:00+00:00,5.15,71.66629,0.0,1025.9834
2023-03-04 20:00:00+00:00,4.75,73.425285,0.0,1025.5813
2023-03-04 21:00:00+00:00,3.85,76.79943,0.0,1025.4747
2023-03-04 22:00:00+00:00,3.75,75.129105,0.0,1025.2744
2023-03-04 23:00:00+00:00,3.8,72.71712,0.0,1024.8756
2023-03-05 00:00:00+00:00,3.05,74.18747,0.0,1024.1714
2023-03-05 01:00:00+00:00,2.85,75.52106,0.0,1023.77106
2023-03-05 02:00:00+00:00,2.45,77.69545,0.0,1023.0691
2023-03-05 03:00:00+00:00,2.35,77.11251,0.0,1022.36993
2023-03-05 04:00:00+00:00,2.1,78.21047,0.0,1021.6694
2023-03-05 05:00:00+00:00,1.5,81.936264,0.0,1021.06604
2023-03-05 06:00:00+00:00,0.8,86.1619,0.0,1020.76154
2023-03-05 07:00:00+00:00,-0.1,90.950035,0.0,1020.55524
2023-03-05 08:00:00+00:00,1.6,83.157425,0.0,1020.3684
2023-03-05 09:00:00+00:00,2.7,78.304924,0.0,1019.7776
2023-03-05 10:00:00+00:00,3.95,71.69289,0.0,1019.1882
2023-03-05 11:00:00+00:00,4.85,64.42832,0.0,1018.39606
2023-03-05 12:00:00+00:00,4.35,59.288483,0.0,1017.59406
2023-03-05 13:00:00+00:00,4.5,57.80378,0.0,1016.4972
2023-03-05 14:00:00+00:00,4.75,56.172516,0.0,1015.5011
2023-03-05 15:00:00+00:00,4.85,54.751785,0.0,1014.60345
2023-03-05 16:00:00+00:00,4.8,55.148415,0.0,1013.60516
2023-03-05 17:00:00+00:00,4.9,58.1227,0.0,1012.8074
2023-03-05 18:00:00+00:00,4.3,66.2196,0.0,1012.50385
2023-03-05 19:00:00+00:00,3.85,74.602776,0.0,1012.10114
2023-03-05 20:00:00+00:00,3.6,79.87684,0.1,1011.5008
2023-03-05 21:00:00+00:00,3.55,82.505135,0.2,1011.1012
2023-03-05 22:00:00+00:00,2.45,90.476425,0.0,1010.6937
2023-03-05 23:00:00+00:00,1.15,94.397194,0.0,1010.1852
2023-03-06 00:00:00+00:00,0.2,93.669106,0.0,1009.5794
2023-03-06 01:00:00+00:00,-0.3,95.37242,0.0,1009.0769
2023-03-06 02:00:00+00:00,-0.9,96.75988,0.0,1008.67346
2023-03-06 03:00:00+00:00,-1.1,97.11053,0.0,1008.1727
2023-03-06 04:00:00+00:00,-1.75,97.45412,0.0,1007.5689
2023-03-06 05:00:00+00:00,-0.7,97.11993,0.0,1006.87823
2023-03-06 06:00:00+00:00,0.05,96.78476,0.0,1006.28516
2023-03-06 07:00:00+00:00,0.6,95.752426,0.1,1005.8901
2023-03-06 08:00:00+00:00,1.6,93.40177,0.5,1005.5978
2023-03-06 09:00:00+00:00,2.8,91.153145,0.1,1005.0076
2023-03-06 10:00:00+00:00,5.55,82.76119,0.0,1004.72797
2023-03-06 11:00:00+00:00,7.45,76.03438,0.0,1004.14233
2023-03-06 12:00:00+00:00,7.55,79.32504,0.1,1003.7438
2023-03-06 13:00:00+00:00,8.85,70.86458,0.0,1002.8547
2023-03-06 14:00:00+00:00,8.85,68.41294,0.0,1002.0562
2023-03-06 15:00:00+00:00,7.7,73.4422,0.4,1001.6491
2023-03-06 16:00:00+00:00,7.4,77.64913,0.1,1001.3475
2023-03-06 17:00:00+00:00,6.9,80.352005,0.1,1000.9448
2023-03-06 18:00:00+00:00,6.2,84.018234,0.1,1001.0396
2023-03-06 19:00:00+00:00,5.8,86.06834,0.1,1000.8372
2023-03-06 20:00:00+00:00,5.25,89.728874,0.0,1000.6338
2023-03-06 21:00:00+00:00,4.8,92.25888,0.0,1000.43115
2023-03-06 22:00:00+00:00,4.3,93.87111,0.0,1000.12823
2023-03-06 23:00:00+00:00,3.65,95.516266,0.0,999.52466
2023-03-07 00:00:00+00:00,4.0,94.52233,0.0,998.9284
2023-03-07 01:00:00+00:00,3.7,94.844536,0.0,998.52704
2023-03-07 02:00:00+00:00,4.1,93.20045,0.4,997.83124
2023-03-07 03:00:00+00:00,3.95,95.19029,1.8,997.5309
2023-03-07 04:00:00+00:00,3.2,94.82409,0.5,997.4258
2023-03-07 05:00:00+00:00,2.95,93.805664,0.3,997.4239
2023-03-07 06:00:00+00:00,2.65,93.122635,0.3,997.3219
2023-03-07 07:00:00+00:00,2.4,94.11512,0.0,997.2202
2023-03-07 08:00:00+00:00,3.0,90.84144,0.0,997.42426
2023-03-07 09:00:00+00:00,3.5,87.06451,0.1,997.6272
2023-03-07 10:00:00+00:00,3.75,83.12624,0.1,997.7288
2023-03-07 11:00:00+00:00,4.45,76.07104,0.0,997.73395
2023-03-07 12:00:00+00:00,3.9,81.08012,0.0,998.12897
2023-03-07 13:00:00+00:00,3.95,80.50568,0.3,998.3293
2023-03-07 14:00:00+00:00,4.05,79.65532,0.2,998.42975
2023-03-07 15:00:00+00:00,4.15,77.40602,0.1,998.8295
2023-03-07 16:00:00+00:00,4.25,73.59926,0.0,998.8301
2023-03-07 17:00:00+00:00,4.25,69.43591,0.0,999.0297
2023-03-07 18:00:00+00:00,3.9,69.61777,0.0,999.127
2023-03-07 19:00:00+00:00,1.4,82.2237,0.0,999.209
2023-03-07 20:00:00+00:00,-0.6,91.92386,0.0,998.995
2023-03-07 21:00:00+00:00,-1.15,94.6411,0.0,998.49194
2023-03-07 22:00:00+00:00,-1.8,94.61293,0.0,997.988
2023-03-07 23:00:00+00:00,-2.1,93.89976,0.0,997.1874
2023-03-08 00:00:00+00:00,0.45,94.0232,0.0,996.4077
2023-03-08 01:00:00+00:00,0.25,94.01366,0.0,995.1087
2023-03-08 02:00:00+00:00,0.65,93.35189,0.1,994.01404
2023-03-08 03:00:00+00:00,0.85,93.70178,0.0,992.6181
2023-03-08 04:00:00+00:00,0.95,96.11115,0.100000024,991.62103
2023-03-08 05:00:00+00:00,1.0,96.11272,0.20000005,990.62335
2023-03-08 06:00:00+00:00,1.0,96.809364,0.19999999,990.0246
2023-03-08 07:00:00+00:00,1.0,95.76606,0.100000024,989.02655
2023-03-08 08:00:00+00:00,1.35,93.726746,0.1,989.02905
2023-03-08 09:00:00+00:00,1.7,92.401985,0.1,989.4307
2023-03-08 10:00:00+00:00,1.9,92.08157,0.2,989.53204
2023-03-08 11:00:00+00:00,2.5,88.22943,0.1,989.9356
2023-03-08 12:00:00+00:00,1.9,92.41393,0.1,989.033
2023-03-08 13:00:00+00:00,1.7,98.22622,0.49999994,988.7321
2023-03-08 14:00:00+00:00,1.55,99.642555,0.79999995,988.63135
2023-03-08 15:00:00+00:00,1.45,99.64226,0.5,988.0316
2023-03-08 16:00:00+00:00,1.35,99.64197,0.5,987.6318
2023-03-08 17:00:00+00:00,1.2,99.641525,0.5,987.3315
2023-03-08 18:00:00+00:00,1.3,99.28478,0.4,987.33203
2023-03-08 19:00:00+00:00,1.55,98.576996,0.2,987.3339
2023-03-08 20:00:00+00:00,1.8,97.17766,0.0,987.2357
2023-03-08 21:00:00+00:00,2.1,96.14689,0.4,987.8366
2023-03-08 22:00:00+00:00,2.05,96.49024,0.4,988.3354
2023-03-08 23:00:00+00:00,1.95,96.48743,0.2,988.63403
2023-03-09 00:00:00+00:00,2.2,96.14997,0.2,989.33453
2023-03-09 01:00:00+00:00,2.4,96.15613,0.0,989.7351
2023-03-09 02:00:00+00:00,2.7,94.803535,0.0,990.6354
2023-03-09 03:00:00+00:00,2.7,94.46577,0.0,991.334
2023-03-09 04:00:00+00:00,2.65,94.12675,0.0,992.1322
2023-03-09 05:00:00+00:00,2.65,94.463585,0.0,992.731
2023-03-09 06:00:00+00:00,2.85,94.13603,0.1,993.1317
2023-03-09 07:00:00+00:00,3.05,94.48109,0.1,992.93335
2023-03-09 08:00:00+00:00,3.55,94.83842,0.6,992.33826
2023-03-09 09:00:00+00:00,4.15,94.5288,0.4,992.44214
2023-03-09 10:00:00+00:00,4.8,93.5658,0.3,992.1474
2023-03-09 11:00:00+00:00,6.65,91.41255,0.0,991.46155
2023-03-09 12:00:00+00:00,7.8,91.803024,0.1,991.0703
2023-03-09 13:00:00+00:00,10.1,87.392586,0.8,989.98804
2023-03-09 14:00:00+00:00,11.8,81.028435,0.7,989.201
2023-03-09 15:00:00+00:00,10.25,90.11098,1.7,988.5917
2023-03-09 16:00:00+00:00,9.9,92.869934,0.1,987.69116
2023-03-09 17:00:00+00:00,10.05,91.632416,0.1,986.8936
2023-03-09 18:00:00+00:00,9.4,92.52833,0.2,986.29047
2023-03-09 19:00:00+00:00,8.85,94.084274,0.3,985.5882
2023-03-09 20:00:00+00:00,8.8,94.08199,0.1,984.6896
2023-03-09 21:00:00+00:00,8.65,94.71777,0.0,983.7904
2023-03-09 22:00:00+00:00,8.5,95.034775,0.0,982.9908
2023-03-09 23:00:00+00:00,8.55,94.070564,0.1,982.0927
2023-03-10 00:00:00+00:00,8.4,92.78759,0.3,980.8941
2023-03-10 01:00:00+00:00,8.4,93.10516,0.4,979.9959
2023-03-10 02:00:00+00:00,8.2,94.37643,0.1,979.59546
2023-03-10 03:00:00+00:00,7.45,95.97716,0.0,979.29083
2023-03-10 04:00:00+00:00,7.4,96.63621,0.0,979.6897
2023-03-10 05:00:00+00:00,7.1,97.294464,0.0,980.4861
2023-03-10 06:00:00+00:00,4.9,92.58985,0.0,982.6666
2023-03-10 07:00:00+00:00,4.15,92.87426,0.4,985.0567
2023-03-10 08:00:00+00:00,3.05,94.81794,0.5,987.544
2023-03-10 09:00:00+00:00,2.6,96.16227,0.8,991.6328
2023-03-10 10:00:00+00:00,2.6,93.78853,0.8,994.7267
2023-03-10 11:00:00+00:00,2.95,88.5874,0.2,997.22424
2023-03-10 12:00:00+00:00,4.55,68.99328,0.1,998.9322
2023-03-10 13:00:00+00:00,5.2,63.80538,0.0,1001.13245
2023-03-10 14:00:00+00:00,4.55,72.33245,0.39999998,1002.2257
2023-03-10 15:00:00+00:00,4.95,65.64119,0.0,1004.025
2023-03-10 16:00:00+00:00,5.3,59.310196,0.0,1004.72614
2023-03-10 17:00:00+00:00,4.4,63.61754,0.0,1005.41846
2023-03-10 18:00:00+00:00,2.05,74.552864,0.0,1006.3995
2023-03-10 19:00:00+00:00,0.0,83.88014,0.0,1006.9834
2023-03-10 20:00:00+00:00,-1.0,87.256966,0.0,1007.27527
2023-03-10 21:00:00+00:00,-1.1,88.88141,0.0,1008.07294
2023-03-10 22:00:00+00:00,-1.6,89.83509,0.0,1007.8696
2023-03-10 23:00:00+00:00,-1.15,87.56698,0.0,1007.8731
2023-03-11 00:00:00+00:00,-1.25,89.863045,0.0,1008.0717
2023-03-11 01:00:00+00:00,-1.35,88.85964,0.0,1008.47034
2023-03-11 02:00:00+00:00,-2.65,93.522835,0.0,1008.16113
2023-03-11 03:00:00+00:00,-3.05,94.912575,0.0,1007.65924
2023-03-11 04:00:00+00:00,-3.6,95.96482,0.0,1007.7546
2023-03-11 05:00:00+00:00,-3.5,95.60887,0.0,1008.2545
2023-03-11 06:00:00+00:00,-3.2,93.14385,0.0,1008.7558
2023-03-11 07:00:00+00:00,-1.9,89.81105,0.0,1008.7655
2023-03-11 08:00:00+00:00,0.55,79.71763,0.0,1009.3825
2023-03-11 09:00:00+00:00,2.55,74.096466,0.0,1008.99805
2023-03-11 10:00:00+00:00,5.3,63.828766,0.0,1008.9179
2023-03-11 11:00:00+00:00,5.35,61.319416,0.0,1008.6187
2023-03-11 12:00:00+00:00,7.0,57.39124,0.0,1008.4309
2023-03-11 13:00:00+00:00,7.15,55.166763,0.0,1008.4319
2023-03-11 14:00:00+00:00,7.45,52.483482,0.0,1007.53577
2023-03-11 15:00:00+00:00,7.85,47.61369,0.0,1007.1394
2023-03-11 16:00:00+00:00,6.7,53.448116,0.0,1006.8317
2023-03-11 17:00:00+00:00,5.8,58.35444,0.3,1006.62585
2023-03-11 18:00:00+00:00,5.0,68.836655,0.1,1007.3188
2023-03-11 19:00:00+00:00,4.45,78.860054,0.5,1006.9159
2023-03-11 20:00:00+00:00,4.5,81.745995,0.0,1006.61664
2023-03-11 21:00:00+00:00,4.8,85.65901,0.0,1005.92035
2023-03-11 22:00:00+00:00,5.2,88.782005,0.0,1005.4241
2023-03-11 23:00:00+00:00,5.9,91.68249,0.0,1004.8304
2023-03-12 00:00:00+00:00,5.75,94.26819,0.0,1004.52966
2023-03-12 01:00:00+00:00,6.85,94.64338,0.0,1004.1383
2023-03-12 02:00:00+00:00,7.85,94.03838,0.0,1004.0454
2023-03-12 03:00:00+00:00,8.4,93.743225,0.0,1003.94934
2023-03-12 04:00:00+00:00,8.55,93.4313,0.0,1004.6489
2023-03-12 05:00:00+00:00,8.4,93.42372,0.0,1005.4465
2023-03-12 06:00:00+00:00,8.4,93.42372,0.0,1006.0453
2023-03-12 07:00:00+00:00,8.55,92.795876,0.0,1006.34564
2023-03-12 08:00:00+00:00,8.95,91.25063,0.0,1006.3485
2023-03-12 09:00:00+00:00,9.95,82.45524,0.0,1006.45526
2023-03-12 10:00:00+00:00,11.2,71.56588,0.0,1006.6633
2023-03-12 11:00:00+00:00,11.6,71.15108,0.1,1006.66626
2023-03-12 12:00:00+00:00,12.35,65.65444,0.1,1006.27203
2023-03-12 13:00:00+00:00,12.75,66.881134,0.0,1005.67566
2023-03-12 14:00:00+00:00,12.9,67.14281,0.0,1005.0778
2023-03-12 15:00:00+00:00,12.65,71.59548,0.0,1004.37756
2023-03-12 16:00:00+00:00,11.85,75.460785,0.0,1004.0728
2023-03-12 17:00:00+00:00,10.3,82.21823,0.0,1003.06433
2023-03-12 18:00:00+00:00,10.0,86.49631,0.0,1002.0641
2023-03-12 19:00:00+00:00,10.2,86.81057,0.5,1000.8676
2023-03-12 20:00:00+00:00,10.5,90.434,0.3,999.37274
2023-03-12 21:00:00+00:00,11.05,90.473434,0.1,997.9792
2023-03-12 22:00:00+00:00,11.15,92.31782,0.1,997.0815
2023-03-12 23:00:00+00:00,11.85,91.745476,0.1,996.08813
2023-03-13 00:00:00+00:00,11.3,93.880905,0.0,994.3876
2023-03-13 01:00:00+00:00,11.4,92.64117,0.0,993.68964
2023-03-13 02:00:00+00:00,11.55,91.42102,0.1,993.092
2023-03-13 03:00:00+00:00,11.65,89.31362,0.1,991.89484
2023-03-13 04:00:00+00:00,11.6,88.71344,0.1,991.2958
2023-03-13 05:00:00+00:00,11.7,88.72182,0.0,991.09674
2023-03-13 06:00:00+00:00,11.85,84.950356,0.2,990.4989
2023-03-13 07:00:00+00:00,11.2,85.74321,0.0,990.29486
2023-03-13 08:00:00+00:00,11.25,85.17169,0.0,990.1954
2023-03-13 09:00:00+00:00,11.7,82.39589,0.1,989.79926
2023-03-13 10:00:00+00:00,12.7,75.34756,0.1,989.4065
2023-03-13 11:00:00+00:00,13.35,71.001335,0.0,989.2112
2023-03-13 12:00:00+00:00,13.8,66.648186,0.1,989.21436
2023-03-13 13:00:00+00:00,13.9,64.21403,0.0,988.71594
2023-03-13 14:00:00+00:00,13.55,65.243195,0.0,988.01483
2023-03-13 15:00:00+00:00,13.0,67.85707,0.0,987.41254
2023-03-13 16:00:00+00:00,11.95,75.477585,0.0,986.70667
2023-03-13 17:00:00+00:00,11.3,75.62646,0.0,985.7043
2023-03-13 18:00:00+00:00,10.35,79.45985,0.0,985.19916
2023-03-13 19:00:00+00:00,9.95,83.02144,0.0,984.99677
2023-03-13 20:00:00+00:00,10.2,81.92493,0.0,984.599
2023-03-13 21:00:00+00:00,9.6,84.701614,0.0,984.8945
2023-03-13 22:00:00+00:00,9.7,84.42361,0.0,985.09503
2023-03-13 23:00:00+00:00,9.65,83.269485,0.0,984.8948
2023-03-14 00:00:00+00:00,9.75,87.95659,0.2,984.8956
2023-03-14 01:00:00+00:00,9.45,90.358,1.3,985.19293
2023-03-14 02:00:00+00:00,7.65,85.07024,0.9,987.47644
2023-03-14 03:00:00+00:00,7.35,82.121925,0.0,989.2708
2023-03-14 04:00:00+00:00,5.85,76.85273,0.0,990.75726
2023-03-14 05:00:00+00:00,4.45,76.07104,0.0,992.5442
2023-03-14 06:00:00+00:00,4.0,75.44595,0.0,993.8384
2023-03-14 07:00:00+00:00,4.7,73.15105,0.0,995.63983
2023-03-14 08:00:00+00:00,4.3,80.84495,0.3,997.9326
2023-03-14 09:00:00+00:00,3.85,89.93736,0.3,1000.2246
2023-03-14 10:00:00+00:00,4.05,92.21361,0.4,1002.322
2023-03-14 11:00:00+00:00,4.5,85.62671,0.3,1003.7224
2023-03-14 12:00:00+00:00,7.25,63.361675,0.1,1004.93964
2023-03-14 13:00:00+00:00,8.05,54.011604,0.0,1005.74335
2023-03-14 14:00:00+00:00,8.7,53.405365,0.0,1006.14734
2023-03-14 15:00:00+00:00,8.75,52.83968,0.0,1007.04584
2023-03-14 16:00:00+00:00,8.65,51.85908,0.0,1007.4445
2023-03-14 17:00:00+00:00,7.7,50.098637,0.0,1007.53766
2023-03-14 18:00:00+00:00,5.85,58.797928,0.3,1008.5224
2023-03-14 19:00:00+00:00,5.55,65.29933,0.0,1009.3189
2023-03-14 20:00:00+00:00,4.35,69.71042,0.0,1009.90924
2023-03-14 21:00:00+00:00,4.55,71.03157,0.2,1010.50934
2023-03-14 22:00:00+00:00,4.3,72.28464,0.29999995,1011.10657
2023-03-14 23:00:00+00:00,4.4,74.430954,0.0,1011.4067
2023-03-15 00:00:00+00:00,3.0,90.51698,0.0,1012.0951
2023-03-15 01:00:00+00:00,1.8,93.41221,0.0,1012.88464
2023-03-15 02:00:00+00:00,0.9,95.07212,0.0,1013.37726
2023-03-15 03:00:00+00:00,-0.15,96.07651,0.0,1013.6687
2023-03-15 04:00:00+00:00,-1.0,96.75725,0.0,1014.16144
2023-03-15 05:00:00+00:00,-0.9,97.47174,0.0,1014.4618
2023-03-15 06:00:00+00:00,-1.05,98.54646,0.0,1014.7598
2023-03-15 07:00:00+00:00,-0.6,99.63619,0.0,1015.1626
2023-03-15 08:00:00+00:00,1.9,94.43053,0.0,1015.48047
2023-03-15 09:00:00+00:00,3.75,87.71331,0.0,1015.4937
2023-03-15 10:00:00+00:00,5.6,77.08648,0.0,1016.00616
2023-03-15 11:00:00+00:00,7.0,63.532047,0.0,1015.9163
2023-03-15 12:00:00+00:00,7.8,62.584835,0.0,1015.5227
2023-03-15 13:00:00+00:00,8.35,60.28971,0.0,1015.1273
2023-03-15 14:00:00+00:00,8.1,62.65587,0.0,1014.72626
2023-03-15 15:00:00+00:00,7.95,65.13619,0.0,1014.1264
2023-03-15 16:00:00+00:00,7.85,69.42603,0.0,1013.6268
2023-03-15 17:00:00+00:00,7.45,78.479805,0.1,1012.82544
2023-03-15 18:00:00+00:00,7.05,84.707695,0.1,1012.42334
2023-03-15 19:00:00+00:00,7.05,86.80025,0.2,1012.1239
2023-03-15 20:00:00+00:00,7.0,87.09806,0.2,1011.62463
2023-03-15 21:00:00+00:00,6.9,88.61723,0.5,1010.8255
2023-03-15 22:00:00+00:00,7.15,88.33158,0.6,1010.12854
2023-03-15 23:00:00+00:00,7.5,89.284164,0.5,1009.43243
2023-03-16 00:00:00+00:00,7.6,88.065865,0.8,1009.2334
2023-03-16 01:00:00+00:00,7.9,90.55532,0.4,1008.43713
2023-03-16 02:00:00+00:00,8.3,91.5203,0.1,1007.44196
2023-03-16 03:00:00+00:00,8.65,92.48535,0.1,1006.646
2023-03-16 04:00:00+00:00,8.85,93.764885,0.1,1006.3479
2023-03-16 05:00:00+00:00,9.0,94.09112,0.0,1006.2491
2023-03-16 06:00:00+00:00,9.05,93.139496,0.0,1006.1495
2023-03-16 07:00:00+00:00,9.1,92.19713,0.0,1005.6508
2023-03-16 08:00:00+00:00,9.35,90.65861,0.0,1005.6527
2023-03-16 09:00:00+00:00,9.7,87.35514,0.0,1005.5554
2023-03-16 10:00:00+00:00,9.9,83.299774,0.1,1005.55664
2023-03-16 11:00:00+00:00,10.3,80.54881,0.0,1005.5595
2023-03-16 12:00:00+00:00,13.0,69.02633,0.0,1004.38007
2023-03-16 13:00:00+00:00,13.95,60.796974,0.0,1003.9871
2023-03-16 14:00:00+00:00,12.75,69.68672,0.0,1003.28033
2023-03-16 15:00:00+00:00,13.2,69.06671,0.0,1002.984
2023-03-16 16:00:00+00:00,12.6,70.61564,0.0,1002.5807
2023-03-16 17:00:00+00:00,12.1,71.246925,0.0,1001.9784
2023-03-16 18:00:00+00:00,11.2,73.816345,0.0,1001.9724
2023-03-16 19:00:00+00:00,10.65,77.88713,0.0,1002.0684
2023-03-16 20:00:00+00:00,10.75,80.61096,0.1,1001.8695
2023-03-16 21:00:00+00:00,10.8,83.408165,0.0,1001.76996
2023-03-16 22:00:00+00:00,11.15,86.61016,0.2,1002.07184
2023-03-16 23:00:00+00:00,10.9,90.46269,0.0,1002.0703
2023-03-17 00:00:00+00:00,10.25,92.265175,0.0,1001.46686
2023-03-17 01:00:00+00:00,10.15,93.51147,0.0,1001.8653
2023-03-17 02:00:00+00:00,10.6,92.90788,0.0,1001.76874
2023-03-17 03:00:00+00:00,10.55,93.84573,0.0,1001.6685
2023-03-17 04:00:00+00:00,10.05,95.41431,0.0,1001.36566
2023-03-17 05:00:00+00:00,9.55,96.36694,0.0,1001.36224
2023-03-17 06:00:00+00:00,9.75,95.72568,0.0,1001.4636
2023-03-17 07:00:00+00:00,9.8,94.76453,0.0,1001.76337
2023-03-17 08:00:00+00:00,10.25,92.5766,0.6,1002.4649
2023-03-17 09:00:00+00:00,10.3,93.83393,0.8,1002.4655
2023-03-17 10:00:00+00:00,11.2,90.181206,0.2,1002.4715
2023-03-17 11:00:00+00:00,11.75,88.726,0.0,1002.3754
2023-03-17 12:00:00+00:00,11.6,92.03647,0.1,1002.4743
2023-03-17 13:00:00+00:00,11.9,89.03557,0.2,1002.2766
2023-03-17 14:00:00+00:00,12.3,87.59569,0.0,1001.88007
2023-03-17 15:00:00+00:00,13.45,81.52023,0.0,1001.688
2023-03-17 16:00:00+00:00,13.6,73.98869,0.0,1001.5892
2023-03-17 17:00:00+00:00,13.0,75.1436,0.0,1001.7851
2023-03-17 18:00:00+00:00,11.05,86.01762,0.0,1002.2709
2023-03-17 19:00:00+00:00,9.75,91.924065,0.0,1002.8609
2023-03-17 20:00:00+00:00,9.0,93.136856,0.0,1002.85565
2023-03-17 21:00:00+00:00,8.4,93.10516,0.0,1003.1509
2023-03-17 22:00:00+00:00,8.95,90.32151,0.0,1003.3543
2023-03-17 23:00:00+00:00,8.15,92.77372,0.0,1003.24915
2023-03-18 00:00:00+00:00,9.0,90.63383,0.0,1003.3547
2023-03-18 01:00:00+00:00,9.05,90.32882,0.0,1003.2551
2023-03-18 02:00:00+00:00,9.0,91.56542,0.0,1003.05524
2023-03-18 03:00:00+00:00,9.0,93.453995,0.0,1002.85565
2023-03-18 04:00:00+00:00,9.3,93.152626,0.0,1002.8578
2023-03-18 05:00:00+00:00,9.45,92.53118,0.0,1003.05835
2023-03-18 06:00:00+00:00,8.55,94.070564,0.0,1003.05206
2023-03-18 07:00:00+00:00,8.85,93.12897,0.0,1003.45355
2023-03-18 08:00:00+00:00,9.75,89.160934,0.1,1003.75916
2023-03-18 09:00:00+00:00,10.1,86.50626,0.1,1003.3622
2023-03-18 10:00:00+00:00,10.2,87.99683,0.3,1003.3628
2023-03-18 11:00:00+00:00,11.0,80.645386,0.2,1003.26874
2023-03-18 12:00:00+00:00,12.65,74.32432,0.4,1003.6789
2023-03-18 13:00:00+00:00,12.05,73.715034,2.0,1003.7746
2023-03-18 14:00:00+00:00,12.0,77.041664,0.5,1004.1735
2023-03-18 15:00:00+00:00,12.75,70.886055,0.1,1004.0788
2023-03-18 16:00:00+00:00,13.05,68.09985,0.2,1004.1807
2023-03-18 17:00:00+00:00,12.5,74.298195,0.1,1004.57623
2023-03-18 18:00:00+00:00,10.45,83.935616,0.0,1005.0614
2023-03-18 19:00:00+00:00,9.4,87.6256,0.0,1005.7528
2023-03-18 20:00:00+00:00,8.8,90.61963,0.0,1006.1479
2023-03-18 21:00:00+00:00,8.4,93.10516,0.0,1006.7439
2023-03-18 22:00:00+00:00,8.05,94.693146,0.0,1007.14056
2023-03-18 23:00:00+00:00,7.7,95.985016,0.0,1007.3381
2023-03-19 00:00:00+00:00,7.95,95.665436,0.0,1007.63904
2023-03-19 01:00:00+00:00,7.65,95.65526,0.2,1008.33575
2023-03-19 02:00:00+00:00,8.35,91.2106,0.8,1008.8396
2023-03-19 03:00:00+00:00,7.6,85.95543,0.2,1009.43304
2023-03-19 04:00:00+00:00,7.4,84.747154,0.2,1010.0305
2023-03-19 05:00:00+00:00,6.95,85.29006,0.0,1010.82587
2023-03-19 06:00:00+00:00,5.85,86.98624,0.0,1011.61633
2023-03-19 07:00:00+00:00,5.3,88.167244,0.0,1012.61066
2023-03-19 08:00:00+00:00,6.55,82.30652,0.0,1013.31805
2023-03-19 09:00:00+00:00,7.75,76.35247,0.0,1013.9256
2023-03-19 10:00:00+00:00,8.75,70.84499,0.0,1014.33167
2023-03-19 11:00:00+00:00,9.35,68.03694,0.1,1014.73517
2023-03-19 12:00:00+00:00,9.55,63.220203,0.1,1015.03577
2023-03-19 13:00:00+00:00,9.9,61.53561,0.0,1015.3377
2023-03-19 14:00:00+00:00,10.35,60.563873,0.1,1015.44086
2023-03-19 15:00:00+00:00,10.5,58.7007,0.0,1015.64136
2023-03-19 16:00:00+00:00,10.55,59.13067,0.0,1015.74146
2023-03-19 17:00:00+00:00,10.3,62.287216,0.0,1015.9395
2023-03-19 18:00:00+00:00,8.65,71.82869,0.0,1016.12756
2023-03-19 19:00:00+00:00,8.25,74.060936,0.0,1016.5239
2023-03-19 20:00:00+00:00,8.2,75.363144,0.0,1016.2243
2023-03-19 21:00:00+00:00,7.2,80.112816,0.0,1017.21533
2023-03-19 22:00:00+00:00,7.3,79.56689,0.0,1017.1161
2023-03-19 23:00:00+00:00,7.1,79.258446,0.0,1017.21436
2023-03-20 00:00:00+00:00,7.25,80.11996,0.1,1016.81647
2023-03-20 01:00:00+00:00,7.2,82.10242,0.0,1016.61646
2023-03-20 02:00:00+00:00,7.6,83.01809,0.0,1016.5192
2023-03-20 03:00:00+00:00,8.0,83.6463,0.0,1015.7237
2023-03-20 04:00:00+00:00,8.15,82.22545,0.0,1015.3256
2023-03-20 05:00:00+00:00,8.25,82.52413,0.0,1015.12665
2023-03-20 06:00:00+00:00,8.55,85.169,0.0,1015.02875
2023-03-20 07:00:00+00:00,9.0,86.69295,0.0,1015.03204
2023-03-20 08:00:00+00:00,9.65,86.75684,0.0,1015.0365
2023-03-20 09:00:00+00:00,10.75,84.82949,0.0,1014.8445
2023-03-20 10:00:00+00:00,11.3,84.034256,0.0,1015.04785
2023-03-20 11:00:00+00:00,11.45,84.906586,0.0,1014.94904
2023-03-20 12:00:00+00:00,11.85,84.950356,0.0,1015.0517
2023-03-20 13:00:00+00:00,11.85,86.09921,0.1,1014.5527
2023-03-20 14:00:00+00:00,12.8,81.98273,0.0,1014.25964
2023-03-20 15:00:00+00:00,12.05,86.11951,0.9,1014.0549
2023-03-20 16:00:00+00:00,11.3,89.88673,0.2,1013.95
2023-03-20 17:00:00+00:00,10.75,92.60477,0.3,1013.547
2023-03-20 18:00:00+00:00,10.3,91.957726,0.0,1013.5441
2023-03-20 19:00:00+00:00,9.95,92.247505,0.1,1013.54156
2023-03-20 20:00:00+00:00,9.7,92.54541,0.6,1013.2406
2023-03-20 21:00:00+00:00,9.5,92.534035,0.5,1012.93964
2023-03-20 22:00:00+00:00,9.1,92.51118,0.4,1012.5375
2023-03-20 23:00:00+00:00,8.9,93.13159,0.1,1011.83746
2023-03-21 00:00:00+00:00,9.2,92.516914,0.5,1011.54034
2023-03-21 01:00:00+00:00,9.6,91.293686,0.0,1010.44507
2023-03-21 02:00:00+00:00,9.4,90.66215,0.0,1010.1443
2023-03-21 03:00:00+00:00,9.1,90.02496,0.0,1009.5433
2023-03-21 04:00:00+00:00,8.7,89.687325,0.0,1008.94196
2023-03-21 05:00:00+00:00,8.55,89.06284,0.1,1008.5414
2023-03-21 06:00:00+00:00,8.6,90.295845,0.2,1008.0427
2023-03-21 07:00:00+00:00,9.0,90.63383,0.1,1007.74615
2023-03-21 08:00:00+00:00,9.7,90.68329,0.0,1007.7512
2023-03-21 09:00:00+00:00,10.75,87.74898,0.0,1007.45874
2023-03-21 10:00:00+00:00,12.05,80.78893,0.2,1007.06824
2023-03-21 11:00:00+00:00,13.15,73.90966,0.1,1006.57684
2023-03-21 12:00:00+00:00,13.0,74.89003,0.1,1006.5759
2023-03-21 13:00:00+00:00,13.95,68.74992,0.1,1006.18286
2023-03-21 14:00:00+00:00,13.9,69.91429,0.0,1005.78345
2023-03-21 15:00:00+00:00,13.9,65.99173,0.0,1005.78345
2023-03-21 16:00:00+00:00,13.2,67.20618,0.0,1005.7786
2023-03-21 17:00:00+00:00,12.3,70.31614,0.0,1005.17377
2023-03-21 18:00:00+00:00,10.75,79.78986,0.0,1005.6622
2023-03-21 19:00:00+00:00,10.05,81.90544,0.0,1005.7572
2023-03-21 20:00:00+00:00,9.65,85.87314,0.0,1005.4551
2023-03-21 21:00:00+00:00,9.6,85.28301,0.0,1004.5564
2023-03-21 22:00:00+00:00,9.85,81.87943,0.0,1003.95953
2023-03-21 23:00:00+00:00,10.3,79.18059,0.0,1002.96454
2023-03-22 00:00:00+00:00,10.15,79.15853,0.0,1002.66376
2023-03-22 01:00:00+00:00,10.5,77.3312,0.0,1001.66833
2023-03-22 02:00:00+00:00,10.3,80.27351,0.0,1000.46936
2023-03-22 03:00:00+00:00,10.25,81.93142,0.1,999.5705
2023-03-22 04:00:00+00:00,10.2,81.64525,0.2,998.77167
2023-03-22 05:00:00+00:00,10.0,85.32612,0.4,998.47107
2023-03-22 06:00:00+00:00,10.15,86.8057,0.4,998.07263
2023-03-22 07:00:00+00:00,10.25,89.80689,0.4,998.17316
2023-03-22 08:00:00+00:00,10.85,88.94961,0.2,998.37683
2023-03-22 09:00:00+00:00,11.2,89.27775,0.0,998.6787
2023-03-22 10:00:00+00:00,12.0,85.82624,0.1,998.78394
2023-03-22 11:00:00+00:00,12.3,84.43177,0.0,998.48663
2023-03-22 12:00:00+00:00,13.45,77.01129,0.0,998.8933
2023-03-22 13:00:00+00:00,14.5,68.861145,0.1,998.50104
2023-03-22 14:00:00+00:00,14.1,70.90495,0.2,997.99945
2023-03-22 15:00:00+00:00,12.95,78.23866,0.0,997.79236
2023-03-22 16:00:00+00:00,12.55,77.9146,0.0,997.5899
2023-03-22 17:00:00+00:00,11.7,83.79755,0.0,997.18506
2023-03-22 18:00:00+00:00,10.8,86.575645,0.0,996.87933
2023-03-22 19:00:00+00:00,10.75,88.045746,0.0,996.6795
2023-03-22 20:00:00+00:00,11.0,80.920296,0.0,996.1823
2023-03-22 21:00:00+00:00,10.75,80.33643,0.0,995.78125
2023-03-22 22:00:00+00:00,10.4,82.79386,0.1,995.37976
2023-03-22 23:00:00+00:00,10.35,83.92395,0.4,994.9803
2023-03-23 00:00:00+00:00,10.35,81.66496,0.4,994.68085
2023-03-23 01:00:00+00:00,9.9,80.770164,0.2,995.1767
2023-03-23 02:00:00+00:00,9.5,80.71516,0.0,995.47345
2023-03-23 03:00:00+00:00,8.8,79.50841,0.0,995.76807
2023-03-23 04:00:00+00:00,8.3,81.67595,0.0,996.1638
2023-03-23 05:00:00+00:00,8.05,82.498726,0.0,996.5612
2023-03-23 06:00:00+00:00,7.85,86.578804,0.0,996.56
2023-03-23 07:00:00+00:00,8.8,85.48985,0.0,996.7662
2023-03-23 08:00:00+00:00,10.3,80.82495,0.0,996.9761
2023-03-23 09:00:00+00:00,11.55,72.87265,0.0,996.9845
2023-03-23 10:00:00+00:00,12.8,63.30723,0.0,997.09247
2023-03-23 11:00:00+00:00,13.15,66.05512,0.2,996.8953
2023-03-23 12:00:00+00:00,13.25,73.927246,1.3,997.0956
2023-03-23 13:00:00+00:00,13.55,70.559746,1.3,996.59845
2023-03-23 14:00:00+00:00,13.85,64.64332,0.0,996.0017
2023-03-23 15:00:00+00:00,13.45,68.64833,0.1,995.6994
2023-03-23 16:00:00+00:00,11.55,81.26954,0.9,995.58716
2023-03-23 17:00:00+00:00,10.75,88.94137,1.6,994.58356
2023-03-23 18:00:00+00:00,10.45,89.51942,1.0,993.68335
2023-03-23 19:00:00+00:00,10.5,88.92073,0.7,992.5859
2023-03-23 20:00:00+00:00,10.85,89.24971,0.7,992.0889
2023-03-23 21:00:00+00:00,10.85,86.873634,0.1,992.38837
2023-03-23 22:00:00+00:00,10.2,85.638435,0.0,992.98285
2023-03-23 23:00:00+00:00,9.25,88.514114,0.0,993.276
2023-03-24 00:00:00+00:00,9.45,91.59423,0.0,993.4769
2023-03-24 01:00:00+00:00,9.1,88.80412,0.0,993.9735
2023-03-24 02:00:00+00:00,8.35,90.27744,0.0,994.4675
2023-03-24 03:00:00+00:00,7.9,90.24421,0.0,995.0632
2023-03-24 04:00:00+00:00,7.55,90.843,0.0,995.3601
2023-03-24 05:00:00+00:00,7.35,91.14329,0.0,995.6583
2023-03-24 06:00:00+00:00,7.3,91.1399,0.0,996.0572
2023-03-24 07:00:00+00:00,8.1,89.332634,0.0,996.4618
2023-03-24 08:00:00+00:00,9.55,84.117935,0.0,996.7711
2023-03-24 09:00:00+00:00,11.05,73.28378,0.0,996.78143
2023-03-24 10:00:00+00:00,12.0,66.720955,0.2,996.8875
2023-03-24 11:00:00+00:00,12.8,66.6626,0.1,996.69324
2023-03-24 12:00:00+00:00,10.95,74.53683,0.3,997.47955
2023-03-24 13:00:00+00:00,11.75,75.44397,0.2,996.58655
2023-03-24 14:00:00+00:00,12.35,63.203842,0.1,996.09155
2023-03-24 15:00:00+00:00,12.45,61.925095,0.1,995.8925
2023-03-24 16:00:00+00:00,11.25,69.626595,0.7,995.9843
2023-03-24 17:00:00+00:00,10.55,72.43798,0.0,995.77997
2023-03-24 18:00:00+00:00,9.9,74.8702,0.0,995.97516
2023-03-24 19:00:00+00:00,9.05,77.90774,0.0,996.2687
2023-03-24 20:00:00+00:00,8.65,79.21091,0.0,996.36597
2023-03-24 21:00:00+00:00,8.25,81.10382,0.0,996.66254
2023-03-24 22:00:00+00:00,8.1,80.80168,0.0,996.76117
2023-03-24 23:00:00+00:00,8.05,79.95452,0.0,997.2598
2023-03-25 00:00:00+00:00,8.05,78.57128,0.0,997.55927
2023-03-25 01:00:00+00:00,7.85,78.540855,0.0,997.65784
2023-03-25 02:00:00+00:00,7.6,76.32762,0.0,997.65594
2023-03-25 03:00:00+00:00,7.5,75.77533,0.0,997.855
2023-03-25 04:00:00+00:00,7.8,73.98039,0.0,998.1565
2023-03-25 05:00:00+00:00,7.9,73.47865,0.0,998.55634
2023-03-25 06:00:00+00:00,8.2,73.01764,0.0,998.9579
2023-03-25 07:00:00+00:00,8.7,72.34444,0.0,999.6599
2023-03-25 08:00:00+00:00,9.5,73.255974,0.0,1000.1643
2023-03-25 09:00:00+00:00,10.25,71.38438,0.0,1000.7682
2023-03-25 10:00:00+00:00,11.35,66.3505,0.1,1001.47437
2023-03-25 11:00:00+00:00,12.35,57.730133,0.0,1002.1799
2023-03-25 12:00:00+00:00,12.9,54.526997,0.2,1003.1814
2023-03-25 13:00:00+00:00,13.35,50.938274,0.0,1003.484
2023-03-25 14:00:00+00:00,13.5,58.625954,0.2,1003.6845
2023-03-25 15:00:00+00:00,13.5,53.924973,0.0,1004.0838
2023-03-25 16:00:00+00:00,13.25,52.92178,0.0,1004.182
2023-03-25 17:00:00+00:00,12.4,57.339695,0.0,1004.37604
2023-03-25 18:00:00+00:00,10.85,63.967503,0.0,1004.2655
2023-03-25 19:00:00+00:00,9.55,74.809616,0.0,1004.9553
2023-03-25 20:00:00+00:00,8.75,84.024925,0.0,1004.8501
2023-03-25 21:00:00+00:00,8.05,86.59875,0.0,1004.2463
2023-03-25 22:00:00+00:00,8.1,89.64049,0.0,1003.74756
2023-03-25 23:00:00+00:00,7.55,93.70199,0.0,1003.0451
2023-03-26 00:00:00+00:00,7.55,92.104,0.0,1001.94727
2023-03-26 01:00:00+00:00,7.95,90.87087,1.0,1001.0519
2023-03-26 02:00:00+00:00,7.75,91.48462,1.0,999.85297
2023-03-26 03:00:00+00:00,7.6,91.47485,0.8,998.85364
2023-03-26 04:00:00+00:00,7.6,88.98426,0.5,998.45447
2023-03-26 05:00:00+00:00,7.55,92.104,0.6,998.35425
2023-03-26 06:00:00+00:00,7.35,92.09187,0.5,998.353
2023-03-26 07:00:00+00:00,7.4,91.46178,0.4,998.75256
2023-03-26 08:00:00+00:00,7.7,90.85347,0.4,999.5532
2023-03-26 09:00:00+00:00,8.0,91.81556,0.7,1000.4534
2023-03-26 10:00:00+00:00,8.35,90.898605,0.5,1001.5538
2023-03-26 11:00:00+00:00,8.65,89.99101,0.6,1002.7536
2023-03-26 12:00:00+00:00,8.4,88.44074,0.6,1003.94934
2023-03-26 13:00:00+00:00,8.45,86.63853,0.3,1005.44684
2023-03-26 14:00:00+00:00,8.6,80.31144,0.1,1006.84503
2023-03-26 15:00:00+00:00,8.5,77.01203,0.1,1008.1419
2023-03-26 16:00:00+00:00,8.45,72.55205,0.0,1009.33923
2023-03-26 17:00:00+00:00,8.35,67.58593,0.0,1010.63605
2023-03-26 18:00:00+00:00,7.65,64.83583,0.0,1012.02856
2023-03-26 19:00:00+00:00,6.65,66.26009,0.0,1013.51843
2023-03-26 20:00:00+00:00,6.35,69.11775,0.0,1014.6143
2023-03-26 21:00:00+00:00,4.15,81.114716,0.0,1015.6962
2023-03-26 22:00:00+00:00,3.15,86.40709,0.0,1016.687
2023-03-26 23:00:00+00:00,2.3,89.171165,0.0,1017.77875
2023-03-27 00:00:00+00:00,2.2,90.45789,0.0,1018.77606
2023-03-27 01:00:00+00:00,2.3,90.46532,0.0,1019.4754
2023-03-27 02:00:00+00:00,3.05,85.46912,0.0,1020.2792
2023-03-27 03:00:00+00:00,2.4,86.32954,0.0,1020.77344
2023-03-27 04:00:00+00:00,2.3,85.386604,0.0,1021.27185
2023-03-27 05:00:00+00:00,2.05,86.29311,0.0,1022.0683
2023-03-27 06:00:00+00:00,1.8,87.5289,0.0,1022.4656
2023-03-27 07:00:00+00:00,2.7,85.12268,0.0,1023.07104
2023-03-27 08:00:00+00:00,4.15,78.24827,0.0,1023.3811
2023-03-27 09:00:00+00:00,5.65,70.48249,0.0,1024.0907
2023-03-27 10:00:00+00:00,6.9,63.508682,0.0,1024.2992
2023-03-27 11:00:00+00:00,7.9,57.2072,0.0,1024.5059
2023-03-27 12:00:00+00:00,8.75,49.298767,0.0,1024.7115
2023-03-27 13:00:00+00:00,8.85,46.33966,0.0,1024.8121
2023-03-27 14:00:00+00:00,9.35,44.31123,0.0,1024.616
2023-03-27 15:00:00+00:00,9.4,43.35383,0.0,1024.5165
2023-03-27 16:00:00+00:00,9.6,42.617325,0.0,1024.3182
2023-03-27 17:00:00+00:00,9.35,42.701603,0.0,1024.117
2023-03-27 18:00:00+00:00,7.65,56.72836,0.0,1024.2048
2023-03-27 19:00:00+00:00,5.8,61.654453,0.0,1024.0917
2023-03-27 20:00:00+00:00,5.0,65.652466,0.0,1024.2854
2023-03-27 21:00:00+00:00,4.25,79.68481,0.0,1024.2799
2023-03-27 22:00:00+00:00,3.3,84.27539,0.0,1024.2733
2023-03-27 23:00:00+00:00,3.4,80.42722,0.0,1023.87463
2023-03-28 00:00:00+00:00,4.2,74.12588,0.0,1023.6808
2023-03-28 01:00:00+00:00,4.1,69.91398,0.0,1022.9816
2023-03-28 02:00:00+00:00,4.35,67.45538,0.0,1022.185
2023-03-28 03:00:00+00:00,4.95,67.09457,0.0,1021.291
2023-03-28 04:00:00+00:00,5.9,67.05814,0.0,1020.30005
2023-03-28 05:00:00+00:00,5.85,74.42228,0.1,1019.90015
2023-03-28 06:00:00+00:00,6.3,81.40851,0.2,1019.205
2023-03-28 07:00:00+00:00,7.05,85.59897,0.2,1018.81085
2023-03-28 08:00:00+00:00,7.5,85.64698,0.1,1018.81415
2023-03-28 09:00:00+00:00,7.85,83.62835,0.1,1018.21783
2023-03-28 10:00:00+00:00,8.15,80.808586,0.0,1018.02045
2023-03-28 11:00:00+00:00,8.1,78.85374,0.4,1017.62054
2023-03-28 12:00:00+00:00,7.5,82.14141,0.2,1017.4169
2023-03-28 13:00:00+00:00,7.6,78.227875,0.2,1016.5192
2023-03-28 14:00:00+00:00,7.9,76.37729,0.0,1015.6231
2023-03-28 15:00:00+00:00,8.75,74.93178,0.0,1014.23193
2023-03-28 16:00:00+00:00,8.5,70.79596,0.0,1013.43164
2023-03-28 17:00:00+00:00,7.8,75.03009,0.4,1012.62836
2023-03-28 18:00:00+00:00,7.75,76.89071,0.0,1012.3287
2023-03-28 19:00:00+00:00,8.1,78.578865,0.0,1012.2311
2023-03-28 20:00:00+00:00,8.45,80.2903,0.0,1012.1338
2023-03-28 21:00:00+00:00,8.65,84.30358,0.0,1011.9358
2023-03-28 22:00:00+00:00,9.0,87.889084,0.0,1011.7384
2023-03-28 23:00:00+00:00,9.15,92.2001,0.0,1011.6398
2023-03-29 00:00:00+00:00,8.0,94.691086,0.0,1012.0309
2023-03-29 01:00:00+00:00,8.8,96.01935,0.0,1011.63727
2023-03-29 02:00:00+00:00,9.2,97.01054,0.0,1011.24097
2023-03-29 03:00:00+00:00,9.3,96.359856,0.0,1010.74255
2023-03-29 04:00:00+00:00,9.45,96.68975,0.0,1010.34424
2023-03-29 05:00:00+00:00,9.6,96.368355,0.0,1010.14557
2023-03-29 06:00:00+00:00,9.6,96.368355,0.1,1009.7464
2023-03-29 07:00:00+00:00,10.6,93.53376,0.0,1009.5537
2023-03-29 08:00:00+00:00,11.35,92.021416,0.0,1009.5588
2023-03-29 09:00:00+00:00,11.7,92.04248,0.5,1008.96246
2023-03-29 10:00:00+00:00,11.9,92.977585,0.3,1008.5645
2023-03-29 11:00:00+00:00,12.45,91.17595,0.0,1007.9694
2023-03-29 12:00:00+00:00,12.55,92.0933,0.0,1007.1715
2023-03-29 13:00:00+00:00,13.35,87.112175,0.0,1006.67786
2023-03-29 14:00:00+00:00,14.05,78.66592,0.0,1006.0838
2023-03-29 15:00:00+00:00,13.85,76.30375,0.0,1005.284
2023-03-29 16:00:00+00:00,13.75,76.80085,0.0,1004.38513
2023-03-29 17:00:00+00:00,13.55,78.59177,0.0,1003.38544
2023-03-29 18:00:00+00:00,12.85,80.35617,0.0,1002.88165
2023-03-29 19:00:00+00:00,12.25,83.86166,0.0,1002.2791
2023-03-29 20:00:00+00:00,11.8,84.65971,0.1,1002.3757
2023-03-29 21:00:00+00:00,11.6,89.0111,0.9,1001.67584
2023-03-29 22:00:00+00:00,11.8,91.13282,1.4,1001.0782
2023-03-29 23:00:00+00:00,12.05,89.643845,0.0,1000.8801
2023-03-30 00:00:00+00:00,11.7,91.12616,0.0,1000.2791
2023-03-30 01:00:00+00:00,11.35,89.58967,0.0,999.97723
2023-03-30 02:00:00+00:00,10.95,89.860214,0.0,999.97473
2023-03-30 03:00:00+00:00,11.0,87.47626,0.0,999.87524
2023-03-30 04:00:00+00:00,10.6,86.849434,0.0,1000.3714
2023-03-30 05:00:00+00:00,10.25,86.22781,0.0,1000.9678
2023-03-30 06:00:00+00:00,10.35,86.531105,0.0,1001.56757
2023-03-30 07:00:00+00:00,10.6,87.14385,0.0,1002.16797
2023-03-30 08:00:00+00:00,11.6,81.00148,0.2,1002.5741
2023-03-30 09:00:00+00:00,12.5,77.90692,0.0,1002.7797
2023-03-30 10:00:00+00:00,13.35,73.199036,0.0,1002.9849
2023-03-30 11:00:00+00:00,14.8,66.63477,0.0,1002.8949
2023-03-30 12:00:00+00:00,13.8,71.56953,1.2,1003.18774
2023-03-30 13:00:00+00:00,14.65,73.43137,0.2,1003.09357
2023-03-30 14:00:00+00:00,15.05,63.386868,0.1,1002.59705
2023-03-30 15:00:00+00:00,14.2,66.96024,0.1,1002.6912
2023-03-30 16:00:00+00:00,13.9,69.442375,0.0,1002.3899
2023-03-30 17:00:00+00:00,13.0,74.89003,0.0,1001.9847
2023-03-30 18:00:00+00:00,12.05,78.63303,0.0,1001.37915
2023-03-30 19:00:00+00:00,10.9,84.84606,0.0,1001.37164
2023-03-30 20:00:00+00:00,10.25,85.93532,0.0,1000.56854
2023-03-30 21:00:00+00:00,10.15,85.05216,0.1,999.2703
2023-03-30 22:00:00+00:00,10.25,88.90005,1.0,997.67413
2023-03-30 23:00:00+00:00,10.3,87.708046,1.0,995.1795
2023-03-31 00:00:00+00:00,10.3,88.00573,0.7,993.18335
2023-03-31 01:00:00+00:00,10.3,89.50763,1.2,991.28705
2023-03-31 02:00:00+00:00,10.1,90.71138,2.1,989.0898
2023-03-31 03:00:00+00:00,10.4,86.83002,0.4,987.5948
2023-03-31 04:00:00+00:00,10.1,89.189285,0.5,985.79614
2023-03-31 05:00:00+00:00,10.1,89.7954,0.7,984.19916
2023-03-31 06:00:00+00:00,10.1,89.4919,0.7,983.0015
2023-03-31 07:00:00+00:00,10.3,89.20545,0.1,982.7036
2023-03-31 08:00:00+00:00,11.05,86.01762,0.0,982.3093
2023-03-31 09:00:00+00:00,11.25,84.313,0.2,982.11096
2023-03-31 10:00:00+00:00,11.4,83.47986,0.3,982.2117
2023-03-31 11:00:00+00:00,12.45,75.050316,0.1,981.9193
2023-03-31 12:00:00+00:00,11.8,83.527405,0.9,983.3123
2023-03-31 13:00:00+00:00,13.35,76.47945,0.2,984.2207
2023-03-31 14:00:00+00:00,11.65,83.7917,0.8,985.2077
2023-03-31 15:00:00+00:00,11.75,83.24041,0.6,986.1067
2023-03-31 16:00:00+00:00,11.1,90.17385,0.6,987.2002
2023-03-31 17:00:00+00:00,10.8,88.347725,0.4,987.9965
2023-03-31 18:00:00+00:00,10.4,91.96381,0.5,989.09186
2023-03-31 19:00:00+00:00,10.4,90.42678,0.4,990.18976
2023-03-31 20:00:00+00:00,10.35,90.42319,0.3,991.58685
2023-03-31 21:00:00+00:00,10.3,89.50763,0.4,992.6843
2023-03-31 22:00:00+00:00,9.95,89.78391,0.1,993.7798
2023-03-31 23:00:00+00:00,9.8,90.38344,0.2,994.87665
2023-04-01 00:00:00+00:00,9.65,90.98792,0.0,995.9734
2023-04-01 01:00:00+00:00,9.5,90.977684,0.0,996.6711
2023-04-01 02:00:00+00:00,9.2,90.33979,0.0,997.3678
2023-04-01 03:00:00+00:00,9.0,90.63383,0.2,998.06494
2023-04-01 04:00:00+00:00,8.75,90.92623,0.1,998.6621
2023-04-01 05:00:00+00:00,8.3,91.20725,0.2,999.35767
2023-04-01 06:00:00+00:00,8.15,91.197205,0.0,999.95557
2023-04-01 07:00:00+00:00,8.3,89.65613,0.0,1000.6551
2023-04-01 08:00:00+00:00,8.5,87.84378,0.0,1001.2553
2023-04-01 09:00:00+00:00,8.85,85.78959,0.0,1001.9565
2023-04-01 10:00:00+00:00,9.65,81.29289,0.0,1002.6604
2023-04-01 11:00:00+00:00,10.5,76.538155,0.0,1003.36505
2023-04-01 12:00:00+00:00,10.8,73.9995,0.1,1004.4648
2023-04-01 13:00:00+00:00,11.15,72.79936,0.0,1005.1659
2023-04-01 14:00:00+00:00,11.35,69.88751,0.0,1005.86584
2023-04-01 15:00:00+00:00,11.55,68.49442,0.1,1006.6659
2023-04-01 16:00:00+00:00,11.5,67.309685,0.2,1007.5636
2023-04-01 17:00:00+00:00,10.75,68.56705,0.0,1008.55664
2023-04-01 18:00:00+00:00,10.1,72.605675,0.0,1009.65
2023-04-01 19:00:00+00:00,9.55,73.26509,0.0,1010.9437
2023-04-01 20:00:00+00:00,9.15,76.0522,0.0,1011.9393
2023-04-01 21:00:00+00:00,8.8,81.17843,0.1,1013.0346
2023-04-01 22:00:00+00:00,8.35,79.442665,0.0,1014.1293
2023-04-01 23:00:00+00:00,7.8,79.63983,0.0,1014.7243
2023-04-02 00:00:00+00:00,7.1,84.12391,0.0,1015.7173
2023-04-02 01:00:00+00:00,7.35,83.86023,0.0,1016.41785
2023-04-02 02:00:00+00:00,7.4,84.452576,0.0,1017.1167
2023-04-02 03:00:00+00:00,7.35,85.03711,0.0,1017.9149
2023-04-02 04:00:00+00:00,7.25,85.02604,0.0,1018.81256
2023-04-02 05:00:00+00:00,7.1,84.12391,0.0,1019.5099
2023-04-02 06:00:00+00:00,6.9,83.80678,0.0,1020.4068
2023-04-02 07:00:00+00:00,7.15,80.95334,0.0,1021.40656
2023-04-02 08:00:00+00:00,7.4,77.3765,0.0,1022.30664
2023-04-02 09:00:00+00:00,8.4,71.026306,0.0,1022.91254
2023-04-02 10:00:00+00:00,9.2,67.76637,0.0,1023.71674
2023-04-02 11:00:00+00:00,9.9,64.20116,0.0,1024.2206
2023-04-02 12:00:00+00:00,9.1,64.932526,0.0,1025.2129
2023-04-02 13:00:00+00:00,9.4,62.516415,0.0,1025.9138
2023-04-02 14:00:00+00:00,10.05,57.55356,0.0,1025.9183
2023-04-02 15:00:00+00:00,11.15,50.151913,0.0,1025.8262
2023-04-02 16:00:00+00:00,11.3,46.200245,0.0,1025.7273
2023-04-02 17:00:00+00:00,10.6,50.179485,0.0,1026.1217
2023-04-02 18:00:00+00:00,8.65,61.234535,0.0,1027.1063
2023-04-02 19:00:00+00:00,6.55,68.911385,0.0,1027.9894
2023-04-02 20:00:00+00:00,5.2,72.980545,0.0,1028.5785
2023-04-02 21:00:00+00:00,3.9,78.776,0.0,1029.0679
2023-04-02 22:00:00+00:00,2.95,83.32634,0.0,1029.5602
2023-04-02 23:00:00+00:00,2.35,86.0126,0.0,1029.4558
2023-04-03 00:00:00+00:00,2.35,87.898094,0.0,1029.3561
2023-04-03 01:00:00+00:00,1.65,90.74467,0.0,1029.2511
2023-04-03 02:00:00+00:00,1.2,92.372,0.0,1029.0483
2023-04-03 03:00:00+00:00,0.7,94.03511,0.0,1028.9446
2023-04-03 04:00:00+00:00,0.3,95.39471,0.0,1028.8419
2023-04-03 05:00:00+00:00,0.8,96.10645,0.0,1028.8455
2023-04-03 06:00:00+00:00,2.25,94.784935,0.0,1028.9562
2023-04-03 07:00:00+00:00,4.1,90.27653,0.0,1028.87
2023-04-03 08:00:00+00:00,6.1,84.59982,0.0,1028.9843
2023-04-03 09:00:00+00:00,8.2,75.62784,0.0,1029.0992
2023-04-03 10:00:00+00:00,9.35,62.504612,0.0,1029.1073
2023-04-03 11:00:00+00:00,9.9,59.17875,0.0,1028.7118
2023-04-03 12:00:00+00:00,10.35,56.411755,0.0,1028.4158
2023-04-03 13:00:00+00:00,11.0,54.216652,0.0,1027.8215
2023-04-03 14:00:00+00:00,10.95,52.865353,0.0,1027.4219
2023-04-03 15:00:00+00:00,10.7,53.17727,0.0,1026.9209
2023-04-03 16:00:00+00:00,10.0,58.15946,0.0,1026.7164
2023-04-03 17:00:00+00:00,8.8,60.400356,0.0,1026.9077
2023-04-03 18:00:00+00:00,7.1,66.121605,0.0,1027.1948
2023-04-03 19:00:00+00:00,5.05,73.21613,0.0,1027.2799
2023-04-03 20:00:00+00:00,3.95,77.09438,0.0,1027.4718
2023-04-03 21:00:00+00:00,3.05,80.37706,0.0,1027.5647
2023-04-03 22:00:00+00:00,1.85,85.95941,0.0,1027.556
2023-04-03 23:00:00+00:00,0.9,88.40576,0.0,1027.549
2023-04-04 00:00:00+00:00,0.95,89.38264,0.0,1027.3497
2023-04-04 01:00:00+00:00,0.2,90.97136,0.0,1026.9447
2023-04-04 02:00:00+00:00,0.25,90.974915,0.0,1026.6456
2023-04-04 03:00:00+00:00,0.15,90.63537,0.0,1026.645
2023-04-04 04:00:00+00:00,-0.45,92.95176,0.0,1026.6405
2023-04-04 05:00:00+00:00,-0.85,95.35185,0.0,1026.7374
2023-04-04 06:00:00+00:00,0.0,95.73186,0.0,1026.8436
2023-04-04 07:00:00+00:00,2.9,87.633415,0.0,1026.965
2023-04-04 08:00:00+00:00,5.6,77.08648,0.0,1026.785
2023-04-04 09:00:00+00:00,7.6,65.52492,0.0,1026.6993
2023-04-04 10:00:00+00:00,8.95,57.27148,0.0,1026.6093
2023-04-04 11:00:00+00:00,9.95,55.308727,0.0,1026.1172
2023-04-04 12:00:00+00:00,11.0,51.755554,0.0,1025.8253
2023-04-04 13:00:00+00:00,11.75,51.7755,0.0,1025.531
2023-04-04 14:00:00+00:00,12.15,51.334324,0.0,1024.9347
2023-04-04 15:00:00+00:00,12.4,51.768585,0.0,1024.1382
2023-04-04 16:00:00+00:00,12.5,52.907078,0.0,1023.6397
2023-04-04 17:00:00+00:00,12.25,54.74048,0.0,1023.3388
2023-04-04 18:00:00+00:00,10.05,70.851135,0.0,1023.3233
2023-04-04 19:00:00+00:00,6.75,76.72752,0.0,1023.3003
2023-04-04 20:00:00+00:00,4.95,82.68495,0.0,1023.5865
2023-04-04 21:00:00+00:00,3.4,91.51987,0.0,1023.9744
2023-04-04 22:00:00+00:00,2.85,90.83076,0.0,1023.87085
2023-04-04 23:00:00+00:00,1.9,92.08157,0.0,1023.76404
2023-04-05 00:00:00+00:00,1.65,92.73305,0.0,1023.16315
2023-04-05 01:00:00+00:00,1.35,93.388695,0.0,1022.76184
2023-04-05 02:00:00+00:00,1.0,93.70929,0.0,1022.0606
2023-04-05 03:00:00+00:00,1.4,92.384026,0.0,1021.36487
2023-04-05 04:00:00+00:00,1.9,92.08157,0.0,1021.1691
2023-04-05 05:00:00+00:00,0.95,94.046974,0.0,1021.06226
2023-04-05 06:00:00+00:00,0.65,96.10175,0.0,1021.05994
2023-04-05 07:00:00+00:00,3.65,86.76835,0.0,1020.78265
2023-04-05 08:00:00+00:00,6.3,79.13932,0.0,1020.50244
2023-04-05 09:00:00+00:00,7.95,68.71098,0.0,1020.2146
2023-04-05 10:00:00+00:00,8.7,62.7974,0.0,1020.02045
2023-04-05 11:00:00+00:00,9.65,59.327484,0.0,1019.6276
2023-04-05 12:00:00+00:00,11.2,55.43948,0.0,1019.03955
2023-04-05 13:00:00+00:00,11.65,54.776043,0.0,1018.4439
2023-04-05 14:00:00+00:00,11.7,56.560093,0.0,1017.8454
2023-04-05 15:00:00+00:00,11.35,60.806175,0.0,1017.244
2023-04-05 16:00:00+00:00,10.9,65.33484,0.0,1016.74207
2023-04-05 17:00:00+00:00,10.25,70.64408,0.0,1016.4379
2023-04-05 18:00:00+00:00,9.45,77.16444,0.1,1016.23285
2023-04-05 19:00:00+00:00,8.75,81.17166,0.2,1016.0284
2023-04-05 20:00:00+00:00,8.3,83.97225,0.2,1016.02527
2023-04-05 21:00:00+00:00,8.0,86.294945,0.2,1015.52405
2023-04-05 22:00:00+00:00,7.8,90.548134,0.3,1015.0237
2023-04-05 23:00:00+00:00,7.75,92.75146,0.4,1014.3248
2023-04-06 00:00:00+00:00,8.05,93.72628,0.4,1013.7278
2023-04-06 01:00:00+00:00,8.25,94.70138,0.4,1012.93097
2023-04-06 02:00:00+00:00,8.4,94.70754,0.7,1012.1334
2023-04-06 03:00:00+00:00,8.55,94.713684,0.3,1011.4358
2023-04-06 04:00:00+00:00,8.7,95.3661,0.1,1010.83826
2023-04-06 05:00:00+00:00,8.75,96.0178,0.1,1010.4393
2023-04-06 06:00:00+00:00,8.95,96.024,0.0,1010.24097
2023-04-06 07:00:00+00:00,9.55,94.7544,0.0,1010.24506
2023-04-06 08:00:00+00:00,10.4,91.65459,0.1,1010.3508
2023-04-06 09:00:00+00:00,10.55,88.62501,0.0,1010.252
2023-04-06 10:00:00+00:00,11.2,83.173935,0.0,1010.4561
2023-04-06 11:00:00+00:00,10.85,79.53225,1.5,1010.4536
2023-04-06 12:00:00+00:00,10.8,78.44529,0.3,1011.35144
2023-04-06 13:00:00+00:00,13.35,68.39451,0.1,1011.2691
2023-04-06 14:00:00+00:00,12.8,64.85403,0.2,1011.6646
2023-04-06 15:00:00+00:00,12.2,66.3048,0.1,1011.76056
2023-04-06 16:00:00+00:00,10.8,71.48964,0.2,1012.54913
2023-04-06 17:00:00+00:00,9.6,79.89938,0.0,1013.04
2023-04-06 18:00:00+00:00,9.7,81.02072,0.0,1013.44025
2023-04-06 19:00:00+00:00,8.3,80.54876,0.0,1014.22876
2023-04-06 20:00:00+00:00,7.2,84.429665,0.0,1014.9198
2023-04-06 21:00:00+00:00,6.25,86.11513,0.0,1015.5116
2023-04-06 22:00:00+00:00,5.6,82.47491,0.0,1015.9064
2023-04-06 23:00:00+00:00,5.1,80.3811,0.0,1016.2023
2023-04-07 00:00:00+00:00,4.7,82.65304,0.0,1016.4988
2023-04-07 01:00:00+00:00,4.2,85.59431,0.0,1016.69464
2023-04-07 02:00:00+00:00,3.8,87.71798,0.0,1016.99115
2023-04-07 03:00:00+00:00,3.45,88.94837,0.0,1017.0884
2023-04-07 04:00:00+00:00,3.1,90.201164,0.0,1017.18567
2023-04-07 05:00:00+00:00,2.8,90.502266,0.0,1017.58264
2023-04-07 06:00:00+00:00,3.35,90.22008,0.0,1017.8862
2023-04-07 07:00:00+00:00,5.5,84.83042,0.0,1018.5007
2023-04-07 08:00:00+00:00,7.55,78.770874,0.0,1018.8144
2023-04-07 09:00:00+00:00,9.55,73.52053,0.0,1019.1278
2023-04-07 10:00:00+00:00,11.3,64.51833,0.0,1019.2398
2023-04-07 11:00:00+00:00,12.1,58.481533,0.1,1019.04565
2023-04-07 12:00:00+00:00,12.85,49.73212,0.1,1019.25037
2023-04-07 13:00:00+00:00,13.3,46.604446,0.0,1019.1538
2023-04-07 14:00:00+00:00,13.65,44.749153,0.0,1019.0562
2023-04-07 15:00:00+00:00,13.7,44.12832,0.0,1018.85693
2023-04-07 16:00:00+00:00,13.7,44.12832,0.0,1018.9568
2023-04-07 17:00:00+00:00,13.1,46.547623,0.0,1019.15247
2023-04-07 18:00:00+00:00,11.25,61.210155,0.0,1019.539
2023-04-07 19:00:00+00:00,8.1,72.486534,0.0,1020.3153
2023-04-07 20:00:00+00:00,7.1,77.87565,0.0,1020.60767
2023-04-07 21:00:00+00:00,5.7,84.2561,0.0,1020.997
2023-04-07 22:00:00+00:00,5.6,83.9472,0.0,1021.2958
2023-04-07 23:00:00+00:00,3.6,93.17377,0.0,1021.8803
2023-04-08 00:00:00+00:00,4.15,94.5288,0.0,1022.0836
2023-04-08 01:00:00+00:00,3.15,98.24688,0.0,1022.1761
2023-04-08 02:00:00+00:00,2.55,99.645454,0.0,1022.2717
2023-04-08 03:00:00+00:00,3.65,97.90796,0.0,1022.4793
2023-04-08 04:00:00+00:00,4.4,97.57765,0.0,1022.88403
2023-04-08 05:00:00+00:00,4.0,99.6496,0.0,1023.3801
2023-04-08 06:00:00+00:00,3.4,100.0,0.0,1023.77484
2023-04-08 07:00:00+00:00,4.9,96.90748,0.0,1024.2848
2023-04-08 08:00:00+00:00,6.35,93.6431,0.0,1024.5947
2023-04-08 09:00:00+00:00,8.55,86.35076,0.0,1024.9097
2023-04-08 10:00:00+00:00,10.5,78.6691,0.0,1024.9235
2023-04-08 11:00:00+00:00,11.85,65.77211,0.0,1024.6333
2023-04-08 12:00:00+00:00,12.45,57.755367,0.0,1024.5377
2023-04-08 13:00:00+00:00,13.15,53.643684,0.0,1024.243
2023-04-08 14:00:00+00:00,13.5,51.702023,0.0,1023.9459
2023-04-08 15:00:00+00:00,13.6,51.91118,0.0,1023.64703
2023-04-08 16:00:00+00:00,13.4,52.591354,0.0,1023.4462
2023-04-08 17:00:00+00:00,12.7,54.283077,0.0,1023.3416
2023-04-08 18:00:00+00:00,11.45,65.68439,0.0,1023.53253
2023-04-08 19:00:00+00:00,8.9,78.973434,0.0,1023.81433
2023-04-08 20:00:00+00:00,7.35,88.04341,0.0,1024.1028
2023-04-08 21:00:00+00:00,5.8,94.92907,0.0,1024.1914
2023-04-08 22:00:00+00:00,4.8,97.58537,0.0,1023.98474
2023-04-08 23:00:00+00:00,4.0,99.300285,0.0,1023.97894
2023-04-09 00:00:00+00:00,4.1,98.952896,0.0,1023.58044
2023-04-09 01:00:00+00:00,3.85,99.29942,0.0,1023.07947
2023-04-09 02:00:00+00:00,3.7,100.0,0.0,1022.67926
2023-04-09 03:00:00+00:00,3.5,100.0,0.0,1022.37836
2023-04-09 04:00:00+00:00,3.65,99.99999,0.0,1021.9803
2023-04-09 05:00:00+00:00,3.55,99.29773,0.0,1021.9797
2023-04-09 06:00:00+00:00,4.35,97.91966,0.0,1021.68604
2023-04-09 07:00:00+00:00,6.25,92.98975,0.0,1021.4999
2023-04-09 08:00:00+00:00,8.6,86.95191,0.0,1021.21716
2023-04-09 09:00:00+00:00,10.95,76.08789,0.0,1021.1339
2023-04-09 10:00:00+00:00,12.35,61.686794,0.0,1020.944
2023-04-09 11:00:00+00:00,13.2,58.755215,0.0,1020.1511
2023-04-09 12:00:00+00:00,14.1,56.190605,0.0,1019.758
2023-04-09 13:00:00+00:00,14.8,55.789158,0.0,1018.9644
2023-04-09 14:00:00+00:00,15.35,53.480137,0.0,1018.369
2023-04-09 15:00:00+00:00,15.25,53.085224,0.0,1017.8694
2023-04-09 16:00:00+00:00,14.8,54.079533,0.0,1017.76666
2023-04-09 17:00:00+00:00,13.75,58.4852,0.0,1017.4602
2023-04-09 18:00:00+00:00,12.2,66.994316,0.0,1016.9506
2023-04-09 19:00:00+00:00,10.3,74.16666,0.0,1016.6381
2023-04-09 20:00:00+00:00,9.35,76.61531,0.0,1016.4319
2023-04-09 21:00:00+00:00,9.95,72.0751,0.0,1015.8371
2023-04-09 22:00:00+00:00,10.5,70.203865,0.0,1015.2422
2023-04-09 23:00:00+00:00,11.35,70.12913,0.0,1014.4494
2023-04-10 00:00:00+00:00,10.45,75.74393,0.0,1013.7447
2023-04-10 01:00:00+00:00,11.2,74.07021,0.0,1013.1509
2023-04-10 02:00:00+00:00,10.95,77.6674,0.3,1012.2511
2023-04-10 03:00:00+00:00,10.5,83.088776,0.2,1011.8487
2023-04-10 04:00:00+00:00,10.2,86.22275,0.4,1011.34735
2023-04-10 05:00:00+00:00,9.95,89.78391,0.6,1010.9466
2023-04-10 06:00:00+00:00,10.0,91.32004,0.8,1010.14844
2023-04-10 07:00:00+00:00,10.15,92.25929,0.7,1009.5505
2023-04-10 08:00:00+00:00,10.5,91.96992,1.8,1009.0541
2023-04-10 09:00:00+00:00,10.7,91.98209,1.0,1008.157
2023-04-10 10:00:00+00:00,11.1,92.314896,0.4,1007.56104
2023-04-10 11:00:00+00:00,11.2,92.630005,0.8,1007.0626
2023-04-10 12:00:00+00:00,11.85,92.35839,0.1,1005.6697
2023-04-10 13:00:00+00:00,14.25,75.606346,0.2,1005.28656
2023-04-10 14:00:00+00:00,13.7,70.82819,1.3,1005.0832
2023-04-10 15:00:00+00:00,13.1,64.03394,0.1,1005.47864
2023-04-10 16:00:00+00:00,13.1,58.934868,0.3,1005.17914
2023-04-10 17:00:00+00:00,12.1,60.141254,0.1,1005.7711
2023-04-10 18:00:00+00:00,10.7,64.6087,0.0,1006.3605
2023-04-10 19:00:00+00:00,9.8,65.319336,0.0,1006.7537
2023-04-10 20:00:00+00:00,9.0,66.774254,0.0,1007.4468
2023-04-10 21:00:00+00:00,8.4,69.29266,0.0,1008.0414
2023-04-10 22:00:00+00:00,7.85,72.69589,0.0,1008.5367
2023-04-10 23:00:00+00:00,7.35,75.74994,0.0,1008.93243
2023-04-11 00:00:00+00:00,7.3,76.5472,0.0,1009.13165
2023-04-11 01:00:00+00:00,6.9,77.844246,0.0,1009.528
2023-04-11 02:00:00+00:00,6.45,78.32611,0.0,1009.8243
2023-04-11 03:00:00+00:00,6.05,81.37469,0.0,1010.12085
2023-04-11 04:00:00+00:00,6.05,80.51571,0.0,1010.22064
2023-04-11 05:00:00+00:00,5.75,79.05685,0.0,1010.4181
2023-04-11 06:00:00+00:00,5.8,78.50414,0.0,1011.0173
2023-04-11 07:00:00+00:00,7.1,76.24449,0.0,1011.42566
2023-04-11 08:00:00+00:00,8.65,71.07506,0.0,1011.6363
2023-04-11 09:00:00+00:00,10.1,67.71867,0.0,1011.6462
2023-04-11 10:00:00+00:00,11.35,61.449104,0.1,1010.9561
2023-04-11 11:00:00+00:00,12.4,55.361485,0.2,1010.0651
2023-04-11 12:00:00+00:00,12.55,56.38149,0.1,1009.66675
2023-04-11 13:00:00+00:00,12.05,57.654316,0.0,1008.96466
2023-04-11 14:00:00+00:00,11.05,64.91363,0.3,1008.05975
2023-04-11 15:00:00+00:00,10.35,73.1567,0.2,1007.15674
2023-04-11 16:00:00+00:00,9.45,77.96979,0.5,1006.15234
2023-04-11 17:00:00+00:00,8.6,86.05913,0.7,1003.9507
2023-04-11 18:00:00+00:00,8.5,86.9422,0.7,1001.75433
2023-04-11 19:00:00+00:00,8.45,87.23705,1.0,999.95746
2023-04-11 20:00:00+00:00,8.6,86.95191,1.7,997.8625
2023-04-11 21:00:00+00:00,9.15,88.505516,1.1,996.3694
2023-04-11 22:00:00+00:00,9.55,88.2388,0.8,995.9727
2023-04-11 23:00:00+00:00,8.85,83.459335,0.1,996.36725
2023-04-12 00:00:00+00:00,8.25,86.32036,0.0,995.8641
2023-04-12 01:00:00+00:00,7.55,82.435005,0.0,995.4599
2023-04-12 02:00:00+00:00,7.25,84.14144,0.0,995.3583
2023-04-12 03:00:00+00:00,6.3,85.51845,0.0,995.2519
2023-04-12 04:00:00+00:00,5.45,87.25399,0.0,994.94635
2023-04-12 05:00:00+00:00,4.8,86.57549,0.0,994.7423
2023-04-12 06:00:00+00:00,5.0,81.81277,0.0,994.5439
2023-04-12 07:00:00+00:00,6.4,78.31838,0.0,994.05493
2023-04-12 08:00:00+00:00,8.0,67.27149,0.0,993.8662
2023-04-12 09:00:00+00:00,8.9,64.887436,0.0,993.3733
2023-04-12 10:00:00+00:00,9.8,54.480778,0.1,992.78076
2023-04-12 11:00:00+00:00,10.55,50.71118,0.1,991.8874
2023-04-12 12:00:00+00:00,10.45,55.242626,0.1,991.0884
2023-04-12 13:00:00+00:00,10.05,52.43202,0.1,990.08746
2023-04-12 14:00:00+00:00,9.35,64.759384,0.6,988.8852
2023-04-12 15:00:00+00:00,7.75,79.63255,1.2,988.2756
2023-04-12 16:00:00+00:00,7.85,75.30316,0.2,987.37787
2023-04-12 17:00:00+00:00,7.7,83.610344,0.0,986.5785
2023-04-12 18:00:00+00:00,7.1,81.80234,0.7,986.7738
2023-04-12 19:00:00+00:00,6.95,82.93723,0.1,987.07227
2023-04-12 20:00:00+00:00,6.4,84.93148,0.0,987.867
2023-04-12 21:00:00+00:00,6.55,82.30652,0.0,989.0655
2023-04-12 22:00:00+00:00,6.25,82.84954,0.0,990.4607
2023-04-12 23:00:00+00:00,6.05,83.11703,0.0,991.8566
2023-04-13 00:00:00+00:00,6.65,82.030624,0.0,993.0584
2023-04-13 01:00:00+00:00,6.9,76.7521,0.0,993.659
2023-04-13 02:00:00+00:00,6.45,76.13581,0.0,994.5542
2023-04-13 03:00:00+00:00,6.4,74.25505,0.0,995.35236
2023-04-13 04:00:00+00:00,6.1,73.148026,0.0,996.2484
2023-04-13 05:00:00+00:00,5.55,74.36874,0.0,997.3424
2023-04-13 06:00:00+00:00,5.55,75.172615,0.0,998.14087
2023-04-13 07:00:00+00:00,6.85,70.469444,0.0,998.84863
2023-04-13 08:00:00+00:00,8.15,66.35294,0.0,999.15704
2023-04-13 09:00:00+00:00,9.4,63.86049,0.0,999.66455
2023-04-13 10:00:00+00:00,10.65,58.32358,0.0,999.9725
2023-04-13 11:00:00+00:00,11.75,46.664604,0.0,1000.3793
2023-04-13 12:00:00+00:00,11.2,53.693237,0.0,1000.67487
2023-04-13 13:00:00+00:00,12.2,49.02362,0.0,1000.68176
2023-04-13 14:00:00+00:00,12.2,46.96126,0.1,1000.8814
2023-04-13 15:00:00+00:00,12.2,44.331158,0.3,1001.08105
2023-04-13 16:00:00+00:00,9.75,68.1208,0.6,1001.763
2023-04-13 17:00:00+00:00,10.6,57.082233,0.0,1001.8685
2023-04-13 18:00:00+00:00,9.4,59.903187,0.0,1002.3593
2023-04-13 19:00:00+00:00,7.6,66.70719,0.0,1003.14526
2023-04-13 20:00:00+00:00,6.35,70.8758,0.0,1003.73566
2023-04-13 21:00:00+00:00,5.45,76.51293,0.0,1004.0285
2023-04-13 22:00:00+00:00,4.65,80.60488,0.0,1004.02277
2023-04-13 23:00:00+00:00,3.8,85.85759,0.0,1003.917
2023-04-14 00:00:00+00:00,3.4,89.902405,0.0,1004.1137
2023-04-14 01:00:00+00:00,2.3,93.77379,0.0,1003.8065
2023-04-14 02:00:00+00:00,3.15,94.149895,0.0,1003.4133
2023-04-14 03:00:00+00:00,4.55,92.56965,0.0,1002.9243
2023-04-14 04:00:00+00:00,5.25,88.16276,0.0,1002.4303
2023-04-14 05:00:00+00:00,5.6,86.04748,0.0,1002.333
2023-04-14 06:00:00+00:00,6.25,86.72097,0.0,1002.13776
2023-04-14 07:00:00+00:00,7.65,82.16084,0.1,1001.94824
2023-04-14 08:00:00+00:00,8.1,82.50508,0.4,1001.75146
2023-04-14 09:00:00+00:00,8.95,79.25515,0.2,1001.458
2023-04-14 10:00:00+00:00,9.75,73.04711,0.2,1001.4636
2023-04-14 11:00:00+00:00,9.95,70.3396,0.2,1001.3651
2023-04-14 12:00:00+00:00,9.15,77.384575,0.4,1001.35974
2023-04-14 13:00:00+00:00,9.35,76.349976,0.3,1001.361
2023-04-14 14:00:00+00:00,9.35,72.71952,0.0,1001.4609
2023-04-14 15:00:00+00:00,9.3,70.95248,0.1,1001.85974
2023-04-14 16:00:00+00:00,8.7,74.92311,0.0,1002.3547
2023-04-14 17:00:00+00:00,8.45,78.90623,0.0,1002.65216
2023-04-14 18:00:00+00:00,8.25,81.38615,0.0,1002.9503
2023-04-14 19:00:00+00:00,7.95,84.2228,0.1,1003.4472
2023-04-14 20:00:00+00:00,7.65,90.849976,1.5,1004.3435
2023-04-14 21:00:00+00:00,7.5,91.784164,2.3,1005.04095
2023-04-14 22:00:00+00:00,7.45,92.09794,2.3,1005.73926
2023-04-14 23:00:00+00:00,7.2,90.19217,1.2,1006.43634
2023-04-15 00:00:00+00:00,7.1,91.44215,0.3,1006.63495
2023-04-15 01:00:00+00:00,6.65,92.36894,0.1,1007.0311
2023-04-15 02:00:00+00:00,6.8,91.73991,0.1,1007.73096
2023-04-15 03:00:00+00:00,6.85,92.06142,0.0,1008.5297
2023-04-15 04:00:00+00:00,6.9,92.383644,0.1,1009.3284
2023-04-15 05:00:00+00:00,6.95,92.38658,0.1,1010.32684
2023-04-15 06:00:00+00:00,7.0,91.752594,0.1,1011.62463
2023-04-15 07:00:00+00:00,7.5,88.97594,0.0,1012.92566
2023-04-15 08:00:00+00:00,8.4,85.447,0.0,1013.93
2023-04-15 09:00:00+00:00,9.5,79.88509,0.1,1014.83594
2023-04-15 10:00:00+00:00,10.85,77.38641,0.0,1015.84314
2023-04-15 11:00:00+00:00,12.3,69.59704,0.1,1016.552
2023-04-15 12:00:00+00:00,12.5,67.28897,0.0,1017.75104
2023-04-15 13:00:00+00:00,13.8,60.136246,0.0,1018.25903
2023-04-15 14:00:00+00:00,13.85,57.705753,0.0,1018.75836
2023-04-15 15:00:00+00:00,14.1,55.802147,0.1,1019.259
2023-04-15 16:00:00+00:00,14.2,53.547348,0.0,1019.9584
2023-04-15 17:00:00+00:00,12.6,61.318886,0.0,1020.7459
2023-04-15 18:00:00+00:00,10.9,75.55932,0.0,1021.13354
2023-04-15 19:00:00+00:00,9.85,78.57131,0.0,1021.5255
2023-04-15 20:00:00+00:00,9.5,80.160934,0.0,1022.42126
2023-04-15 21:00:00+00:00,8.5,85.45773,0.0,1023.013
2023-04-15 22:00:00+00:00,7.55,91.156815,0.0,1023.50525
2023-04-15 23:00:00+00:00,5.3,97.255615,0.0,1023.68884
2023-04-16 00:00:00+00:00,5.0,96.23483,0.0,1023.8862
2023-04-16 01:00:00+00:00,5.25,94.90713,0.0,1023.7884
2023-04-16 02:00:00+00:00,5.7,94.265945,0.0,1023.79156
2023-04-16 03:00:00+00:00,6.5,92.68123,0.0,1023.79736
2023-04-16 04:00:00+00:00,6.8,92.698166,0.0,1023.6997
2023-04-16 05:00:00+00:00,6.55,94.95876,0.0,1023.59796
2023-04-16 06:00:00+00:00,7.0,93.35223,0.0,1023.60126
2023-04-16 07:00:00+00:00,7.75,90.85695,0.0,1023.9062
2023-04-16 08:00:00+00:00,8.7,87.560905,0.0,1024.1124
2023-04-16 09:00:00+00:00,9.85,84.44064,0.0,1024.4199
2023-04-16 10:00:00+00:00,11.45,76.17023,0.0,1024.7302
2023-04-16 11:00:00+00:00,12.6,66.163086,0.0,1024.7382
2023-04-16 12:00:00+00:00,14.1,56.777786,0.0,1024.7484
2023-04-16 13:00:00+00:00,14.85,53.905613,0.0,1024.6539
2023-04-16 14:00:00+00:00,15.05,50.337635,0.0,1024.5553
2023-04-16 15:00:00+00:00,14.35,54.33756,0.0,1024.3511
2023-04-16 16:00:00+00:00,13.75,58.081688,0.0,1024.2472
2023-04-16 17:00:00+00:00,13.4,59.83203,0.0,1024.045
2023-04-16 18:00:00+00:00,12.75,69.68672,0.0,1024.1404
2023-04-16 19:00:00+00:00,10.85,74.519424,0.0,1024.2269
2023-04-16 20:00:00+00:00,11.5,65.92387,0.0,1024.6307
2023-04-16 21:00:00+00:00,8.85,78.96598,0.0,1024.8121
2023-04-16 22:00:00+00:00,8.5,81.70239,0.0,1024.7097
2023-04-16 23:00:00+00:00,9.45,78.51082,0.0,1024.6166
2023-04-17 00:00:00+00:00,9.15,80.94584,0.0,1024.6146
2023-04-17 01:00:00+00:00,9.0,86.39617,0.0,1024.6134
2023-04-17 02:00:00+00:00,8.8,88.77891,0.0,1024.7119
2023-04-17 03:00:00+00:00,8.5,92.79312,0.0,1024.7097
2023-04-17 04:00:00+00:00,8.25,95.02512,0.2,1024.9077
2023-04-17 05:00:00+00:00,8.1,95.01932,0.3,1025.0062
2023-04-17 06:00:00+00:00,8.1,94.37207,0.0,1025.3057
2023-04-17 07:00:00+00:00,8.6,92.482475,0.0,1025.8082
2023-04-17 08:00:00+00:00,9.25,87.91165,0.0,1026.2122
2023-04-17 09:00:00+00:00,9.7,83.84785,0.0,1026.5149
2023-04-17 10:00:00+00:00,11.55,74.38602,0.0,1026.8273
2023-04-17 11:00:00+00:00,13.65,64.59879,0.0,1026.5419
2023-04-17 12:00:00+00:00,15.1,59.22253,0.0,1026.2524
2023-04-17 13:00:00+00:00,15.75,56.22469,0.0,1026.1572
2023-04-17 14:00:00+00:00,15.55,56.36671,0.0,1026.0557
2023-04-17 15:00:00+00:00,15.8,54.154766,0.0,1025.6583
2023-04-17 16:00:00+00:00,15.15,55.30456,0.0,1025.7537
2023-04-17 17:00:00+00:00,13.2,68.36375,0.0,1026.1398
2023-04-17 18:00:00+00:00,10.8,79.797,0.0,1026.3226
2023-04-17 19:00:00+00:00,8.75,86.966446,0.0,1026.8075
2023-04-17 20:00:00+00:00,7.9,90.24421,0.0,1027.3004
2023-04-17 21:00:00+00:00,7.25,93.365074,0.0,1027.3959
2023-04-17 22:00:00+00:00,7.45,91.46506,0.0,1027.5967
2023-04-17 23:00:00+00:00,7.5,89.284164,0.0,1027.7966
2023-04-18 00:00:00+00:00,7.4,91.77786,0.0,1027.7959
2023-04-18 01:00:00+00:00,7.25,91.13651,0.0,1027.6952
2023-04-18 02:00:00+00:00,7.15,90.81501,0.0,1027.3949
2023-04-18 03:00:00+00:00,7.1,90.8115,0.0,1027.1948
2023-04-18 04:00:00+00:00,7.0,91.435585,0.0,1027.0945
2023-04-18 05:00:00+00:00,7.25,87.42532,0.0,1026.9966
2023-04-18 06:00:00+00:00,7.45,85.93977,0.0,1026.8981
2023-04-18 07:00:00+00:00,8.3,81.67595,0.0,1026.7045
2023-04-18 08:00:00+00:00,9.4,74.00711,0.0,1026.5126
2023-04-18 09:00:00+00:00,10.85,63.298775,0.0,1026.2231
2023-04-18 10:00:00+00:00,11.65,59.821457,0.0,1025.7299
2023-04-18 11:00:00+00:00,11.85,59.87043,0.0,1025.2322
2023-04-18 12:00:00+00:00,11.0,65.58534,0.0,1025.2264
2023-04-18 13:00:00+00:00,10.25,69.18381,0.2,1025.1211
2023-04-18 14:00:00+00:00,10.1,69.6374,0.0,1024.9205
2023-04-18 15:00:00+00:00,9.95,69.36457,0.0,1024.6201
2023-04-18 16:00:00+00:00,9.75,71.537155,0.0,1024.4192
2023-04-18 17:00:00+00:00,9.35,73.998184,0.0,1024.5162
2023-04-18 18:00:00+00:00,9.35,73.998184,0.0,1024.5162
2023-04-18 19:00:00+00:00,8.7,77.31307,0.0,1024.8112
2023-04-18 20:00:00+00:00,7.65,82.73558,0.0,1025.0033
2023-04-18 21:00:00+00:00,7.4,85.04263,0.0,1025.2009
2023-04-18 22:00:00+00:00,7.75,85.08126,0.0,1025.004
2023-04-18 23:00:00+00:00,7.9,86.28477,0.0,1024.7054
2023-04-19 00:00:00+00:00,8.1,88.41468,0.0,1024.2078
2023-04-19 01:00:00+00:00,7.7,90.54095,0.0,1023.9058
2023-04-19 02:00:00+00:00,7.3,92.08882,0.0,1023.50366
2023-04-19 03:00:00+00:00,7.1,92.39538,0.0,1023.20264
2023-04-19 04:00:00+00:00,7.05,92.0736,0.0,1023.1025
2023-04-19 05:00:00+00:00,7.1,92.07666,0.0,1023.20264
2023-04-19 06:00:00+00:00,8.0,89.01745,0.0,1023.40875
2023-04-19 07:00:00+00:00,9.8,81.87292,0.0,1023.5213
2023-04-19 08:00:00+00:00,11.65,73.64375,0.0,1023.6339
2023-04-19 09:00:00+00:00,12.65,71.10895,0.0,1023.8404
2023-04-19 10:00:00+00:00,13.25,68.84183,0.0,1023.7446
2023-04-19 11:00:00+00:00,13.3,69.08687,0.0,1023.6452
2023-04-19 12:00:00+00:00,14.05,63.59244,0.0,1022.9517
2023-04-19 13:00:00+00:00,14.8,60.99941,0.0,1022.55756
2023-04-19 14:00:00+00:00,14.85,61.84968,0.0,1022.35834
2023-04-19 15:00:00+00:00,13.7,59.698475,0.0,1022.15063
2023-04-19 16:00:00+00:00,12.7,55.634506,0.0,1022.1438
2023-04-19 17:00:00+00:00,11.75,51.7755,0.0,1022.63654
2023-04-19 18:00:00+00:00,10.5,59.749443,0.0,1022.72766
2023-04-19 19:00:00+00:00,9.1,64.70287,0.0,1023.01715
2023-04-19 20:00:00+00:00,8.2,64.03936,0.0,1023.51013
2023-04-19 21:00:00+00:00,7.45,62.052708,0.0,1023.50464
2023-04-19 22:00:00+00:00,6.8,63.02769,0.0,1023.4003
2023-04-19 23:00:00+00:00,6.2,67.85376,0.0,1023.19617
2023-04-20 00:00:00+00:00,5.8,76.02644,0.0,1022.2952
2023-04-20 01:00:00+00:00,5.7,77.931725,0.0,1021.7954
2023-04-20 02:00:00+00:00,5.45,79.29372,0.0,1021.3944
2023-04-20 03:00:00+00:00,5.4,81.28633,0.0,1021.1944
2023-04-20 04:00:00+00:00,5.35,81.56895,0.0,1021.09424
2023-04-20 05:00:00+00:00,5.1,80.66828,0.0,1021.29224
2023-04-20 06:00:00+00:00,5.95,74.17443,0.0,1021.5977
2023-04-20 07:00:00+00:00,7.8,68.6798,0.0,1021.61084
2023-04-20 08:00:00+00:00,9.45,65.01124,0.0,1021.323
2023-04-20 09:00:00+00:00,11.2,57.235817,0.0,1020.7363
2023-04-20 10:00:00+00:00,12.6,46.57188,0.0,1020.2469
2023-04-20 11:00:00+00:00,13.55,44.560833,0.0,1019.355
2023-04-20 12:00:00+00:00,14.45,43.098953,0.0,1018.4628
2023-04-20 13:00:00+00:00,14.6,41.629898,0.0,1017.7651
2023-04-20 14:00:00+00:00,14.3,40.51177,0.0,1017.06445
2023-04-20 15:00:00+00:00,14.0,41.904263,0.0,1016.36383
2023-04-20 16:00:00+00:00,12.3,54.560917,0.0,1015.75354
2023-04-20 17:00:00+00:00,8.95,79.25515,1.0,1016.32916
2023-04-20 18:00:00+00:00,7.3,86.824875,1.2,1016.61707
2023-04-20 19:00:00+00:00,6.95,86.79038,0.0,1016.81415
2023-04-20 20:00:00+00:00,6.6,88.28307,0.0,1016.71185
2023-04-20 21:00:00+00:00,6.3,89.81089,0.0,1016.61005
2023-04-20 22:00:00+00:00,6.25,89.807,0.1,1016.40985
2023-04-20 23:00:00+00:00,6.15,90.11334,0.0,1016.1098
2023-04-21 00:00:00+00:00,6.2,90.43208,0.0,1015.31165
2023-04-21 01:00:00+00:00,5.75,92.6386,0.0,1014.9093
2023-04-21 02:00:00+00:00,5.25,93.26124,0.0,1014.1073
2023-04-21 03:00:00+00:00,4.55,94.879,0.0,1013.5035
2023-04-21 04:00:00+00:00,4.55,94.879,0.0,1013.00446
2023-04-21 05:00:00+00:00,4.5,95.21114,0.0,1012.4053
2023-04-21 06:00:00+00:00,5.9,94.2749,0.1,1012.0163
2023-04-21 07:00:00+00:00,6.35,94.29498,0.7,1011.4206
2023-04-21 08:00:00+00:00,7.15,88.33158,0.3,1010.428
2023-04-21 09:00:00+00:00,7.45,87.44416,0.3,1010.2305
2023-04-21 10:00:00+00:00,7.55,87.45356,0.3,1010.1313
2023-04-21 11:00:00+00:00,7.65,88.37542,1.2,1009.8328
2023-04-21 12:00:00+00:00,8.85,77.87662,0.1,1009.8411
2023-04-21 13:00:00+00:00,10.75,64.39417,0.0,1009.5547
2023-04-21 14:00:00+00:00,10.95,66.494934,0.1,1009.4565
2023-04-21 15:00:00+00:00,11.2,64.49581,0.1,1008.959
2023-04-21 16:00:00+00:00,10.9,63.08885,0.1,1008.458
2023-04-21 17:00:00+00:00,10.4,64.541016,0.0,1008.25494
2023-04-21 18:00:00+00:00,9.75,71.04002,0.0,1008.2505
2023-04-21 19:00:00+00:00,7.2,85.31729,0.0,1007.8336
2023-04-21 20:00:00+00:00,5.65,90.70889,0.0,1007.8226
2023-04-21 21:00:00+00:00,5.7,90.39537,0.0,1007.62317
2023-04-21 22:00:00+00:00,4.6,94.54815,0.0,1007.316
2023-04-21 23:00:00+00:00,5.2,96.5773,0.0,1007.02094
2023-04-22 00:00:00+00:00,4.9,95.226234,0.0,1006.22034
2023-04-22 01:00:00+00:00,4.1,99.64988,0.0,1005.61584
2023-04-22 02:00:00+00:00,2.2,100.0,0.0,1005.20306
2023-04-22 03:00:00+00:00,1.45,100.0,0.0,1004.9978
2023-04-22 04:00:00+00:00,1.7,100.0,0.0,1004.40094
2023-04-22 05:00:00+00:00,1.6,100.0,0.0,1004.4002
2023-04-22 06:00:00+00:00,2.9,97.8953,0.0,1004.3098
2023-04-22 07:00:00+00:00,4.55,95.88423,0.0,1004.72076
2023-04-22 08:00:00+00:00,6.55,93.329,0.0,1004.23584
2023-04-22 09:00:00+00:00,8.55,85.169,0.0,1003.9503
2023-04-22 10:00:00+00:00,10.45,72.922295,0.0,1003.8637
2023-04-22 11:00:00+00:00,11.7,61.74783,0.0,1003.7724
2023-04-22 12:00:00+00:00,12.7,56.617958,0.0,1003.57935
2023-04-22 13:00:00+00:00,13.05,54.950317,0.0,1003.68164
2023-04-22 14:00:00+00:00,12.6,57.390427,0.0,1003.7784
2023-04-22 15:00:00+00:00,12.75,56.630764,0.0,1003.4799
2023-04-22 16:00:00+00:00,13.3,56.180664,0.0,1003.0845
2023-04-22 17:00:00+00:00,12.85,57.053814,0.0,1003.0813
2023-04-22 18:00:00+00:00,11.65,65.50065,0.0,1002.97363
2023-04-22 19:00:00+00:00,9.2,75.53341,0.0,1002.5578
2023-04-22 20:00:00+00:00,8.9,78.15541,0.9,1002.6553
2023-04-22 21:00:00+00:00,9.15,75.00092,0.6,1002.0584
2023-04-22 22:00:00+00:00,9.4,82.38548,0.0,1001.5609
2023-04-22 23:00:00+00:00,9.55,89.448456,0.0,1001.1626
2023-04-23 00:00:00+00:00,9.8,90.38344,0.1,1000.4659
2023-04-23 01:00:00+00:00,10.25,89.201416,0.0,999.8699
2023-04-23 02:00:00+00:00,10.5,88.92073,0.2,999.4726
2023-04-23 03:00:00+00:00,10.15,88.591064,0.0,999.2703
2023-04-23 04:00:00+00:00,9.3,89.73386,0.0,999.1649
2023-04-23 05:00:00+00:00,8.95,90.63029,0.0,999.0626
2023-04-23 06:00:00+00:00,9.4,88.82928,0.0,998.8661
2023-04-23 07:00:00+00:00,10.25,85.6437,0.0,998.9717
2023-04-23 08:00:00+00:00,10.85,81.73046,0.0,998.77606
2023-04-23 09:00:00+00:00,11.35,77.99497,0.1,998.4801
2023-04-23 10:00:00+00:00,11.3,78.520676,0.2,998.2801
2023-04-23 11:00:00+00:00,10.7,84.25029,0.9,998.1762
2023-04-23 12:00:00+00:00,11.0,81.75005,0.4,998.07874
2023-04-23 13:00:00+00:00,10.8,82.843376,1.1,998.077
2023-04-23 14:00:00+00:00,11.2,76.38999,0.6,998.0799
2023-04-23 15:00:00+00:00,12.0,68.58689,0.0,997.7858
2023-04-23 16:00:00+00:00,12.7,59.869133,0.1,998.08984
2023-04-23 17:00:00+00:00,13.0,58.501736,0.1,998.0921
2023-04-23 18:00:00+00:00,11.1,70.07964,0.1,998.6781
2023-04-23 19:00:00+00:00,9.8,77.22021,0.0,999.6674
2023-04-23 20:00:00+00:00,8.7,84.309326,0.0,1000.95746
2023-04-23 21:00:00+00:00,8.2,86.61369,0.0,1001.8522
2023-04-23 22:00:00+00:00,8.05,86.89838,0.0,1002.2501
2023-04-23 23:00:00+00:00,6.5,92.360115,0.0,1002.8383
2023-04-24 00:00:00+00:00,6.6,91.409256,0.0,1003.6373
2023-04-24 01:00:00+00:00,6.0,93.30046,0.0,1004.03253
2023-04-24 02:00:00+00:00,5.65,94.59289,0.0,1004.3294
2023-04-24 03:00:00+00:00,5.3,95.574394,0.0,1005.0256
2023-04-24 04:00:00+00:00,5.65,95.25431,0.0,1005.7267
2023-04-24 05:00:00+00:00,6.1,93.63073,0.0,1006.42847
2023-04-24 06:00:00+00:00,6.55,88.58707,0.0,1007.23
2023-04-24 07:00:00+00:00,7.15,83.54417,0.0,1007.5336
2023-04-24 08:00:00+00:00,8.1,77.21725,0.0,1007.63995
2023-04-24 09:00:00+00:00,9.7,68.11033,0.0,1007.9508
2023-04-24 10:00:00+00:00,10.85,63.520996,0.0,1008.3576
2023-04-24 11:00:00+00:00,11.3,61.8692,0.0,1008.6601
2023-04-24 12:00:00+00:00,11.1,67.22479,0.0,1008.55914
2023-04-24 13:00:00+00:00,11.25,67.72485,0.0,1008.4603
2023-04-24 14:00:00+00:00,11.9,65.329,0.1,1008.1653
2023-04-24 15:00:00+00:00,10.6,69.2549,0.5,1008.05664
2023-04-24 16:00:00+00:00,9.9,75.129875,2.7,1008.35126
2023-04-24 17:00:00+00:00,9.25,80.402695,2.8,1008.44666
2023-04-24 18:00:00+00:00,7.65,82.73558,2.1,1009.0344
2023-04-24 19:00:00+00:00,7.25,85.32272,2.3,1010.12946
2023-04-24 20:00:00+00:00,6.95,85.88742,2.6,1010.82587
2023-04-24 21:00:00+00:00,6.5,83.17273,0.7,1011.52136
2023-04-24 22:00:00+00:00,6.05,84.8923,0.0,1012.1169
2023-04-24 23:00:00+00:00,5.3,86.320526,0.0,1012.81024
2023-04-25 00:00:00+00:00,4.85,85.05839,0.0,1013.306
2023-04-25 01:00:00+00:00,3.3,87.67111,0.0,1013.5943
2023-04-25 02:00:00+00:00,2.7,86.985565,0.0,1013.88934
2023-04-25 03:00:00+00:00,2.0,87.86557,0.0,1014.0838
2023-04-25 04:00:00+00:00,1.35,88.446,0.0,1014.5781
2023-04-25 05:00:00+00:00,1.1,88.74641,0.0,1015.2748
2023-04-25 06:00:00+00:00,2.45,86.96076,0.0,1015.9832
2023-04-25 07:00:00+00:00,4.0,80.80292,0.0,1016.3939
2023-04-25 08:00:00+00:00,5.55,76.52953,0.0,1016.70447
2023-04-25 09:00:00+00:00,7.1,68.53374,0.0,1017.1145
2023-04-25 10:00:00+00:00,8.3,59.845394,0.0,1017.22296
2023-04-25 11:00:00+00:00,9.55,52.86591,0.0,1016.9321
2023-04-25 12:00:00+00:00,9.75,48.33316,0.0,1017.0335
2023-04-25 13:00:00+00:00,10.15,47.05641,0.0,1017.23566
2023-04-25 14:00:00+00:00,10.2,46.89949,0.0,1017.43567
2023-04-25 15:00:00+00:00,10.2,46.728798,0.0,1017.236
2023-04-25 16:00:00+00:00,10.1,46.360275,0.0,1017.2354
2023-04-25 17:00:00+00:00,9.85,45.447884,0.0,1016.93445
2023-04-25 18:00:00+00:00,9.4,48.943615,0.0,1017.13074
2023-04-25 19:00:00+00:00,8.15,59.378647,0.0,1017.222
2023-04-25 20:00:00+00:00,6.85,63.957428,0.0,1017.5122
2023-04-25 21:00:00+00:00,6.2,69.33565,0.0,1017.9066
2023-04-25 22:00:00+00:00,6.1,73.148026,0.0,1018.1055
2023-04-25 23:00:00+00:00,5.85,75.763985,0.0,1018.4031
2023-04-26 00:00:00+00:00,5.1,82.998566,0.0,1018.0985
2023-04-26 01:00:00+00:00,4.35,87.147606,0.0,1017.6939
2023-04-26 02:00:00+00:00,4.25,85.9054,0.0,1017.2937
2023-04-26 03:00:00+00:00,4.25,84.386566,0.0,1017.1939
2023-04-26 04:00:00+00:00,3.15,89.241875,0.0,1016.98645
2023-04-26 05:00:00+00:00,3.6,86.45333,0.0,1016.7903
2023-04-26 06:00:00+00:00,5.15,80.67529,0.0,1016.9013
2023-04-26 07:00:00+00:00,7.0,73.31405,0.0,1017.1139
2023-04-26 08:00:00+00:00,8.5,64.108315,0.0,1016.92487
2023-04-26 09:00:00+00:00,9.65,57.24607,0.0,1016.7332
2023-04-26 10:00:00+00:00,10.1,56.953712,0.0,1016.93604
2023-04-26 11:00:00+00:00,10.65,55.69079,0.0,1016.64026
2023-04-26 12:00:00+00:00,9.2,55.70973,0.0,1016.4309
2023-04-26 13:00:00+00:00,9.8,55.07114,0.0,1016.3352
2023-04-26 14:00:00+00:00,10.9,56.353603,0.0,1016.1432
2023-04-26 15:00:00+00:00,11.55,55.530983,0.0,1015.7485
2023-04-26 16:00:00+00:00,11.2,56.03264,0.0,1015.7459
2023-04-26 17:00:00+00:00,11.1,57.616528,0.0,1015.8451
2023-04-26 18:00:00+00:00,10.4,63.19458,0.0,1015.8403
2023-04-26 19:00:00+00:00,9.75,63.940826,0.0,1016.0354
2023-04-26 20:00:00+00:00,8.75,68.876564,0.0,1016.4277
2023-04-26 21:00:00+00:00,7.4,75.22572,0.0,1016.6177
2023-04-26 22:00:00+00:00,6.8,77.2804,0.0,1016.8132
2023-04-26 23:00:00+00:00,6.55,76.96702,0.0,1017.2105
2023-04-27 00:00:00+00:00,6.3,78.30292,0.0,1017.0093
2023-04-27 01:00:00+00:00,5.95,80.787224,0.0,1016.8071
2023-04-27 02:00:00+00:00,5.95,79.93305,0.0,1016.40796
2023-04-27 03:00:00+00:00,5.0,82.986015,0.0,1016.50073
2023-04-27 04:00:00+00:00,4.9,81.79944,0.0,1016.0011
2023-04-27 05:00:00+00:00,5.45,78.73051,0.0,1015.90515
2023-04-27 06:00:00+00:00,7.1,74.37975,0.0,1015.8171
2023-04-27 07:00:00+00:00,8.15,73.78319,0.0,1015.62506
2023-04-27 08:00:00+00:00,9.45,70.73389,0.0,1015.7338
2023-04-27 09:00:00+00:00,10.7,66.44083,0.0,1015.34314
2023-04-27 10:00:00+00:00,12.05,60.339497,0.0,1014.9531
2023-04-27 11:00:00+00:00,13.0,55.323563,0.0,1014.1614
2023-04-27 12:00:00+00:00,14.0,54.434937,0.0,1013.36957
2023-04-27 13:00:00+00:00,13.15,54.976463,0.0,1012.86487
2023-04-27 14:00:00+00:00,12.5,58.581314,0.1,1012.66077
2023-04-27 15:00:00+00:00,11.5,68.01219,0.4,1012.3544
2023-04-27 16:00:00+00:00,10.35,80.55574,2.8,1011.3487
2023-04-27 17:00:00+00:00,10.15,85.05216,0.4,1010.4488
2023-04-27 18:00:00+00:00,9.95,87.97451,0.8,1009.8487
2023-04-27 19:00:00+00:00,10.1,87.6898,0.4,1009.25085
2023-04-27 20:00:00+00:00,10.4,87.420555,0.3,1008.75397
2023-04-27 21:00:00+00:00,10.1,89.4919,1.0,1008.1529
2023-04-27 22:00:00+00:00,10.05,90.70787,0.4,1007.6535
2023-04-27 23:00:00+00:00,10.1,93.19443,0.1,1007.05505
2023-04-28 00:00:00+00:00,10.4,94.78866,0.2,1006.55817
2023-04-28 01:00:00+00:00,11.15,96.091255,0.0,1005.6649
2023-04-28 02:00:00+00:00,11.55,96.7433,0.0,1005.568
2023-04-28 03:00:00+00:00,11.65,97.06697,0.0,1005.5686
2023-04-28 04:00:00+00:00,11.8,96.74958,0.0,1005.76917
2023-04-28 05:00:00+00:00,11.95,96.11529,0.0,1006.26917
2023-04-28 06:00:00+00:00,12.0,95.79926,0.0,1006.4692
2023-04-28 07:00:00+00:00,12.3,95.80893,0.1,1007.0702
2023-04-28 08:00:00+00:00,13.05,90.91475,0.0,1007.4744
2023-04-28 09:00:00+00:00,13.85,86.87197,0.0,1007.879
2023-04-28 10:00:00+00:00,14.65,83.5847,0.0,1008.3835
2023-04-28 11:00:00+00:00,14.95,83.61971,0.1,1009.0841
2023-04-28 12:00:00+00:00,15.0,79.066956,0.2,1009.68317
2023-04-28 13:00:00+00:00,16.55,68.58381,0.1,1010.09265
2023-04-28 14:00:00+00:00,17.35,62.637314,0.0,1010.49725
2023-04-28 15:00:00+00:00,17.2,64.298225,0.0,1010.89557
2023-04-28 16:00:00+00:00,17.25,63.03444,0.0,1011.19525
2023-04-28 17:00:00+00:00,16.55,65.45572,0.0,1011.68964
2023-04-28 18:00:00+00:00,15.7,70.2658,0.0,1012.28314
2023-04-28 19:00:00+00:00,13.5,78.05953,0.0,1013.06665
2023-04-28 20:00:00+00:00,11.4,84.61514,0.0,1013.8509
2023-04-28 21:00:00+00:00,9.8,90.077446,0.0,1014.7383
2023-04-28 22:00:00+00:00,8.1,94.0499,0.0,1015.42487
2023-04-28 23:00:00+00:00,7.15,96.6296,0.0,1015.81744
2023-04-29 00:00:00+00:00,6.85,97.960686,0.0,1016.3145
2023-04-29 01:00:00+00:00,6.35,98.6309,0.0,1016.5106
2023-04-29 02:00:00+00:00,5.6,100.0,0.0,1016.5052
2023-04-29 03:00:00+00:00,5.1,99.99999,0.0,1016.8011
2023-04-29 04:00:00+00:00,4.8,100.0,0.0,1017.0983
2023-04-29 05:00:00+00:00,4.5,99.99999,0.0,1017.59503
2023-04-29 06:00:00+00:00,6.75,97.62251,0.0,1018.1104
2023-04-29 07:00:00+00:00,8.7,89.38079,0.0,1018.72296
2023-04-29 08:00:00+00:00,10.45,81.95732,0.0,1019.0345
2023-04-29 09:00:00+00:00,12.15,73.23155,0.0,1019.3454
2023-04-29 10:00:00+00:00,13.55,67.74004,0.0,1019.5546
2023-04-29 11:00:00+00:00,14.8,64.8538,0.0,1019.56323
2023-04-29 12:00:00+00:00,15.3,60.910217,0.0,1019.4666
2023-04-29 13:00:00+00:00,16.7,57.043976,0.0,1019.3761
2023-04-29 14:00:00+00:00,17.0,54.467125,0.0,1019.07886
2023-04-29 15:00:00+00:00,17.35,53.45608,0.0,1018.98126
2023-04-29 16:00:00+00:00,17.55,51.190002,0.0,1018.78296
2023-04-29 17:00:00+00:00,16.55,57.394997,0.0,1018.7763
2023-04-29 18:00:00+00:00,14.6,70.05166,0.0,1018.7632
2023-04-29 19:00:00+00:00,12.55,76.09188,0.0,1019.2484
2023-04-29 20:00:00+00:00,10.4,83.07656,0.0,1019.8326
2023-04-29 21:00:00+00:00,8.65,92.17026,0.0,1020.31946
2023-04-29 22:00:00+00:00,8.0,94.045296,0.0,1020.714
2023-04-29 23:00:00+00:00,7.6,96.311195,0.0,1020.9107
2023-04-30 00:00:00+00:00,6.8,93.66526,0.0,1021.1048
2023-04-30 01:00:00+00:00,6.2,93.96149,0.0,1021.1003
2023-04-30 02:00:00+00:00,5.35,95.91019,0.0,1020.695
2023-04-30 03:00:00+00:00,5.15,96.91361,0.0,1020.29456
2023-04-30 04:00:00+00:00,4.8,98.26996,0.0,1020.29205
2023-04-30 05:00:00+00:00,5.2,98.61827,0.0,1020.19507
2023-04-30 06:00:00+00:00,8.0,93.4034,0.0,1020.0153
2023-04-30 07:00:00+00:00,10.1,87.9879,0.0,1020.12976
2023-04-30 08:00:00+00:00,12.3,82.471245,0.0,1020.1451
2023-04-30 09:00:00+00:00,14.0,70.408455,0.0,1020.1566
2023-04-30 10:00:00+00:00,15.0,61.88473,0.0,1019.96375
2023-04-30 11:00:00+00:00,15.2,62.14229,0.0,1019.6656
2023-04-30 12:00:00+00:00,16.45,57.175327,0.0,1019.17474
2023-04-30 13:00:00+00:00,16.8,55.538948,0.0,1018.67804
2023-04-30 14:00:00+00:00,17.0,51.924442,0.0,1018.3802
2023-04-30 15:00:00+00:00,16.65,52.00917,0.0,1017.87854
2023-04-30 16:00:00+00:00,16.1,54.606255,0.0,1017.376
2023-04-30 17:00:00+00:00,15.4,59.295704,0.0,1017.27136
2023-04-30 18:00:00+00:00,14.45,66.560326,0.0,1016.96564
2023-04-30 19:00:00+00:00,12.9,74.367775,0.0,1016.95514
2023-04-30 20:00:00+00:00,11.1,81.20944,0.0,1017.24243
2023-04-30 21:00:00+00:00,10.4,80.56265,0.0,1017.3374
2023-04-30 22:00:00+00:00,9.45,85.85231,0.0,1016.9315
2023-04-30 23:00:00+00:00,8.0,91.81556,0.0,1016.5221
2023-05-01 00:00:00+00:00,9.55,92.53687,0.0,1016.33325
2023-05-01 01:00:00+00:00,8.65,93.75527,0.0,1015.92804
2023-05-01 02:00:00+00:00,8.5,94.068275,0.0,1015.22815
2023-05-01 03:00:00+00:00,8.0,95.3408,0.0,1014.72565
2023-05-01 04:00:00+00:00,8.05,96.65332,0.0,1014.52625
2023-05-01 05:00:00+00:00,9.05,96.6794,0.0,1014.63306
2023-05-01 06:00:00+00:00,9.3,92.52261,0.0,1014.8346
2023-05-01 07:00:00+00:00,9.75,88.256325,0.0,1015.237
2023-05-01 08:00:00+00:00,10.6,83.38417,0.1,1015.3425
2023-05-01 09:00:00+00:00,12.05,78.102066,0.1,1015.35236
2023-05-01 10:00:00+00:00,13.35,71.72735,0.2,1015.36127
2023-05-01 11:00:00+00:00,14.6,71.960724,0.0,1015.4695
2023-05-01 12:00:00+00:00,13.5,76.503624,0.1,1015.86127
2023-05-01 13:00:00+00:00,16.2,68.285034,0.0,1015.77966
2023-05-01 14:00:00+00:00,15.5,65.44766,0.4,1016.3738
2023-05-01 15:00:00+00:00,16.25,57.32001,0.1,1016.0794
2023-05-01 16:00:00+00:00,16.9,55.375904,0.0,1016.18365
2023-05-01 17:00:00+00:00,16.6,57.407467,0.0,1016.6804
2023-05-01 18:00:00+00:00,15.85,64.43064,0.0,1016.9752
2023-05-01 19:00:00+00:00,13.05,80.11477,0.0,1017.3555
2023-05-01 20:00:00+00:00,11.55,83.49772,0.0,1018.34344
2023-05-01 21:00:00+00:00,10.8,86.86879,0.0,1019.23627
2023-05-01 22:00:00+00:00,10.7,85.981705,0.0,1019.73474
2023-05-01 23:00:00+00:00,9.6,89.756996,0.0,1020.1263
2023-05-02 00:00:00+00:00,9.35,90.350716,0.0,1020.42413
2023-05-02 01:00:00+00:00,8.5,93.42877,0.0,1020.71747
2023-05-02 02:00:00+00:00,8.8,95.36969,0.0,1021.0191
2023-05-02 03:00:00+00:00,8.75,96.0178,0.0,1021.61755
2023-05-02 04:00:00+00:00,8.4,96.33421,0.0,1022.2138
2023-05-02 05:00:00+00:00,8.95,93.45148,0.0,1022.9164
2023-05-02 06:00:00+00:00,9.2,91.26723,0.0,1023.3176
2023-05-02 07:00:00+00:00,9.55,89.14467,0.0,1023.91864
2023-05-02 08:00:00+00:00,10.05,86.79594,0.0,1024.2214
2023-05-02 09:00:00+00:00,11.05,82.31372,0.0,1024.7277
2023-05-02 10:00:00+00:00,11.7,79.38485,0.0,1025.0316
2023-05-02 11:00:00+00:00,12.25,75.784874,0.0,1025.0355
2023-05-02 12:00:00+00:00,12.7,71.36137,0.0,1025.9366
2023-05-02 13:00:00+00:00,13.45,68.415,0.0,1026.0415
2023-05-02 14:00:00+00:00,13.8,67.79199,0.0,1025.9445
2023-05-02 15:00:00+00:00,13.95,68.285126,0.0,1025.7456
2023-05-02 16:00:00+00:00,13.65,68.455925,0.0,1025.7434
2023-05-02 17:00:00+00:00,13.05,67.17451,0.0,1025.7395
2023-05-02 18:00:00+00:00,11.55,67.553665,0.0,1025.5297
2023-05-02 19:00:00+00:00,9.75,70.79259,0.0,1025.8165
2023-05-02 20:00:00+00:00,8.15,76.151344,0.0,1026.4042
2023-05-02 21:00:00+00:00,7.4,80.704704,0.0,1026.7979
2023-05-02 22:00:00+00:00,6.8,84.383644,0.0,1026.8936
2023-05-02 23:00:00+00:00,6.4,86.432816,0.0,1026.9905
2023-05-03 00:00:00+00:00,6.35,87.64608,0.0,1026.6907
2023-05-03 01:00:00+00:00,5.7,91.03054,0.0,1026.7856
2023-05-03 02:00:00+00:00,5.35,92.291855,0.0,1026.4836
2023-05-03 03:00:00+00:00,5.1,93.25336,0.0,1026.2825
2023-05-03 04:00:00+00:00,4.9,93.57083,0.0,1025.7819
2023-05-03 05:00:00+00:00,5.0,92.92136,0.0,1025.7825
2023-05-03 06:00:00+00:00,6.65,89.52599,0.0,1025.994
2023-05-03 07:00:00+00:00,8.8,82.30893,0.0,1026.0094
2023-05-03 08:00:00+00:00,10.5,72.67969,0.0,1025.7219
2023-05-03 09:00:00+00:00,11.6,66.86631,0.0,1025.4302
2023-05-03 10:00:00+00:00,12.4,63.434696,0.0,1025.2361
2023-05-03 11:00:00+00:00,12.85,61.591312,0.0,1024.8397
2023-05-03 12:00:00+00:00,13.75,58.283134,0.0,1024.2472
2023-05-03 13:00:00+00:00,13.8,59.311924,0.0,1023.54895
2023-05-03 14:00:00+00:00,13.75,57.88085,0.0,1023.04956
2023-05-03 15:00:00+00:00,13.25,57.75535,0.0,1022.54694
2023-05-03 16:00:00+00:00,12.5,57.767982,0.0,1022.2424
2023-05-03 17:00:00+00:00,11.4,61.246105,0.0,1022.03516
2023-05-03 18:00:00+00:00,10.2,66.565,0.0,1021.5277
2023-05-03 19:00:00+00:00,9.1,71.41234,0.0,1021.32043
2023-05-03 20:00:00+00:00,8.3,75.38025,0.0,1021.315
2023-05-03 21:00:00+00:00,8.1,78.03169,0.0,1020.9142
2023-05-03 22:00:00+00:00,8.1,80.52081,0.0,1020.3153
2023-05-03 23:00:00+00:00,8.25,83.38684,0.0,1019.6179
2023-05-04 00:00:00+00:00,7.75,85.971054,0.0,1019.1155
2023-05-04 01:00:00+00:00,8.15,86.90814,0.0,1018.3198
2023-05-04 02:00:00+00:00,8.55,86.35076,0.0,1017.7236
2023-05-04 03:00:00+00:00,8.7,86.36593,0.0,1017.12604
2023-05-04 04:00:00+00:00,8.5,88.14614,0.0,1016.326
2023-05-04 05:00:00+00:00,8.4,88.74516,0.0,1015.52686
2023-05-04 06:00:00+00:00,9.6,84.41223,0.0,1015.2358
2023-05-04 07:00:00+00:00,10.85,81.4528,0.0,1014.54565
2023-05-04 08:00:00+00:00,12.55,77.9146,0.0,1014.05835
2023-05-04 09:00:00+00:00,13.9,73.54479,0.0,1013.36896
2023-05-04 10:00:00+00:00,15.2,69.93398,0.0,1012.67883
2023-05-04 11:00:00+00:00,16.0,68.7017,0.0,1011.88574
2023-05-04 12:00:00+00:00,17.5,59.203796,0.0,1011.2967
2023-05-04 13:00:00+00:00,16.9,60.468403,0.0,1011.0933
2023-05-04 14:00:00+00:00,17.2,63.65785,0.3,1010.9954
2023-05-04 15:00:00+00:00,17.8,63.369244,0.2,1010.5001
2023-05-04 16:00:00+00:00,18.8,62.96639,0.0,1010.2072
2023-05-04 17:00:00+00:00,17.35,71.99029,0.4,1010.19775
2023-05-04 18:00:00+00:00,16.5,76.72753,0.0,1010.1921
2023-05-04 19:00:00+00:00,14.9,80.6367,0.0,1011.07996
2023-05-04 20:00:00+00:00,13.1,85.939255,0.0,1011.56696
2023-05-04 21:00:00+00:00,12.25,89.958176,0.0,1011.6611
2023-05-04 22:00:00+00:00,12.1,90.84998,0.0,1011.56
2023-05-04 23:00:00+00:00,11.6,93.271774,0.0,1011.85626
2023-05-05 00:00:00+00:00,11.55,92.34105,0.0,1012.15533
2023-05-05 01:00:00+00:00,11.05,94.18342,0.0,1011.8524
2023-05-05 02:00:00+00:00,10.8,94.80465,0.0,1011.75073
2023-05-05 03:00:00+00:00,10.95,94.49434,0.0,1011.752
2023-05-05 04:00:00+00:00,10.7,94.800674,0.0,1011.65027
2023-05-05 05:00:00+00:00,10.95,93.55101,0.0,1011.95166
2023-05-05 06:00:00+00:00,11.85,89.031494,0.0,1012.4567
2023-05-05 07:00:00+00:00,12.6,83.90227,0.0,1012.6614
2023-05-05 08:00:00+00:00,13.7,78.35158,0.0,1012.6687
2023-05-05 09:00:00+00:00,14.85,75.20287,0.1,1012.97614
2023-05-05 10:00:00+00:00,15.45,73.57296,0.1,1012.7802
2023-05-05 11:00:00+00:00,16.25,68.98139,0.1,1012.48627
2023-05-05 12:00:00+00:00,15.5,72.1271,0.2,1012.38135
2023-05-05 13:00:00+00:00,16.75,65.71795,0.1,1011.9903
2023-05-05 14:00:00+00:00,16.9,64.66244,0.1,1011.99164
2023-05-05 15:00:00+00:00,17.45,59.992184,0.0,1011.5959
2023-05-05 16:00:00+00:00,17.6,58.04558,0.0,1011.497
2023-05-05 17:00:00+00:00,16.85,61.68902,0.0,1011.592
2023-05-05 18:00:00+00:00,15.95,68.92138,0.0,1011.78564
2023-05-05 19:00:00+00:00,14.4,76.64792,0.0,1012.2742
2023-05-05 20:00:00+00:00,12.55,87.03653,0.0,1012.76086
2023-05-05 21:00:00+00:00,11.55,92.03348,0.0,1012.95386
2023-05-05 22:00:00+00:00,10.75,94.170044,0.0,1012.74854
2023-05-05 23:00:00+00:00,10.25,95.10154,0.0,1012.6452
2023-05-06 00:00:00+00:00,10.2,94.780624,0.0,1012.64484
2023-05-06 01:00:00+00:00,10.15,94.77862,0.0,1012.44495
2023-05-06 02:00:00+00:00,9.75,95.72568,0.0,1012.24274
2023-05-06 03:00:00+00:00,8.85,97.33145,0.0,1012.2365
2023-05-06 04:00:00+00:00,8.55,98.32074,0.0,1012.0346
2023-05-06 05:00:00+00:00,9.2,98.329315,0.0,1012.13916
2023-05-06 06:00:00+00:00,10.9,94.17674,0.0,1012.1509
2023-05-06 07:00:00+00:00,12.6,88.50202,0.1,1012.5616
2023-05-06 08:00:00+00:00,13.15,84.80878,0.3,1012.46564
2023-05-06 09:00:00+00:00,14.75,78.24819,0.1,1012.3765
2023-05-06 10:00:00+00:00,14.8,76.71165,0.3,1012.47675
2023-05-06 11:00:00+00:00,14.0,77.61511,0.6,1012.4713
2023-05-06 12:00:00+00:00,13.6,86.27531,0.9,1012.16895
2023-05-06 13:00:00+00:00,13.65,88.008,0.8,1011.9697
2023-05-06 14:00:00+00:00,14.0,88.91182,1.5,1011.87244
2023-05-06 15:00:00+00:00,13.6,91.25149,0.8,1011.3705
2023-05-06 16:00:00+00:00,14.05,88.33319,0.2,1011.1741
2023-05-06 17:00:00+00:00,14.3,87.48826,0.0,1010.9761
2023-05-06 18:00:00+00:00,14.35,88.35882,0.0,1010.7768
2023-05-06 19:00:00+00:00,14.15,89.2165,0.0,1010.87524
2023-05-06 20:00:00+00:00,13.65,90.95531,0.0,1011.1712
2023-05-06 21:00:00+00:00,13.55,90.649765,0.0,1011.6696
2023-05-06 22:00:00+00:00,13.35,91.83797,0.0,1011.868
2023-05-06 23:00:00+00:00,13.0,93.65073,0.0,1011.96564
2023-05-07 00:00:00+00:00,13.0,94.579865,0.0,1012.1652
2023-05-07 01:00:00+00:00,12.9,94.2649,0.0,1012.06445
2023-05-07 02:00:00+00:00,12.2,96.44072,0.0,1012.06
2023-05-07 03:00:00+00:00,11.85,97.39312,0.0,1012.4567
2023-05-07 04:00:00+00:00,11.5,98.03382,0.0,1012.65375
2023-05-07 05:00:00+00:00,11.65,97.71213,0.0,1012.95447
2023-05-07 06:00:00+00:00,12.5,94.55919,0.0,1013.1598
2023-05-07 07:00:00+00:00,13.35,91.83797,0.0,1013.6645
2023-05-07 08:00:00+00:00,14.35,88.06931,0.1,1014.07056
2023-05-07 09:00:00+00:00,15.85,77.13166,0.1,1014.5797
2023-05-07 10:00:00+00:00,16.5,74.000786,0.1,1014.88324
2023-05-07 11:00:00+00:00,17.55,69.01174,0.1,1015.28955
2023-05-07 12:00:00+00:00,16.4,73.98345,0.1,1016.0804
2023-05-07 13:00:00+00:00,17.4,70.3605,0.1,1016.08704
2023-05-07 14:00:00+00:00,18.0,67.7502,0.1,1016.3903
2023-05-07 15:00:00+00:00,18.3,66.26725,0.0,1016.4921
2023-05-07 16:00:00+00:00,18.6,64.81945,0.0,1016.2947
2023-05-07 17:00:00+00:00,18.55,64.80858,0.0,1016.19446
2023-05-07 18:00:00+00:00,18.1,68.66809,0.0,1016.29114
2023-05-07 19:00:00+00:00,16.6,77.24819,0.0,1016.9799
2023-05-07 20:00:00+00:00,16.55,73.28097,0.0,1017.47876
2023-05-07 21:00:00+00:00,12.8,89.10847,0.0,1017.8528
2023-05-07 22:00:00+00:00,12.25,92.075424,0.0,1018.0489
2023-05-07 23:00:00+00:00,11.9,92.66898,0.0,1018.64514
2023-05-08 00:00:00+00:00,10.55,95.43199,0.0,1018.73566
2023-05-08 01:00:00+00:00,9.85,97.35225,0.0,1018.4315
2023-05-08 02:00:00+00:00,9.5,98.333244,0.0,1018.1295
2023-05-08 03:00:00+00:00,9.4,98.663574,0.0,1018.22864
2023-05-08 04:00:00+00:00,9.0,98.65935,0.0,1018.12604
2023-05-08 05:00:00+00:00,9.65,97.02103,0.0,1017.9309
2023-05-08 06:00:00+00:00,11.1,91.08602,0.0,1018.5399
2023-05-08 07:00:00+00:00,12.4,86.154915,0.0,1018.6487
2023-05-08 08:00:00+00:00,13.25,80.411354,0.0,1018.65436
2023-05-08 09:00:00+00:00,13.35,78.036736,0.0,1018.3556
2023-05-08 10:00:00+00:00,13.7,76.27945,0.1,1018.25806
2023-05-08 11:00:00+00:00,14.4,72.896255,0.1,1017.6639
2023-05-08 12:00:00+00:00,14.5,73.89802,0.3,1017.76434
2023-05-08 13:00:00+00:00,14.55,74.40288,0.0,1017.3655
2023-05-08 14:00:00+00:00,15.7,71.92419,0.0,1016.97424
2023-05-08 15:00:00+00:00,15.35,74.54022,0.0,1016.67224
2023-05-08 16:00:00+00:00,14.3,78.18054,0.0,1016.3658
2023-05-08 17:00:00+00:00,13.7,81.01143,0.0,1015.8626
2023-05-08 18:00:00+00:00,13.2,84.532524,0.0,1015.7596
2023-05-08 19:00:00+00:00,13.1,86.512245,0.0,1015.1601
2023-05-08 20:00:00+00:00,13.0,89.12457,0.4,1014.86005
2023-05-08 21:00:00+00:00,12.95,91.20891,0.4,1014.26086
2023-05-08 22:00:00+00:00,12.95,93.03315,1.3,1013.4624
2023-05-08 23:00:00+00:00,13.05,93.345314,2.4,1012.36505
2023-05-09 00:00:00+00:00,13.1,93.34783,1.9,1011.7666
2023-05-09 01:00:00+00:00,13.1,93.96411,1.9,1011.06793
2023-05-09 02:00:00+00:00,12.95,95.5154,0.2,1010.3683
2023-05-09 03:00:00+00:00,12.6,96.45166,0.0,1010.266
2023-05-09 04:00:00+00:00,12.3,96.762115,0.0,1010.1642
2023-05-09 05:00:00+00:00,12.15,96.758354,0.0,1009.96344
2023-05-09 06:00:00+00:00,12.85,93.64352,0.0,1009.7685
2023-05-09 07:00:00+00:00,13.3,90.33388,0.0,1009.6719
2023-05-09 08:00:00+00:00,13.55,86.55637,0.0,1009.374
2023-05-09 09:00:00+00:00,14.05,83.238205,0.0,1009.3775
2023-05-09 10:00:00+00:00,15.4,75.04543,0.0,1009.08685
2023-05-09 11:00:00+00:00,15.85,71.7131,0.1,1008.59106
2023-05-09 12:00:00+00:00,17.1,68.69438,0.0,1008.19995
2023-05-09 13:00:00+00:00,16.7,73.0663,0.2,1007.6981
2023-05-09 14:00:00+00:00,17.1,72.181595,0.2,1007.4015
2023-05-09 15:00:00+00:00,15.5,78.10212,2.6,1007.49066
2023-05-09 16:00:00+00:00,15.4,80.97015,0.2,1007.1904
2023-05-09 17:00:00+00:00,15.5,77.58807,0.0,1007.0914
2023-05-09 18:00:00+00:00,15.45,74.80521,0.0,1007.091
2023-05-09 19:00:00+00:00,12.5,91.17926,0.4,1007.77014
2023-05-09 20:00:00+00:00,12.05,93.29473,0.0,1007.56726
2023-05-09 21:00:00+00:00,11.25,94.50698,0.0,1007.76166
2023-05-09 22:00:00+00:00,11.0,94.81263,0.0,1007.85986
2023-05-09 23:00:00+00:00,10.4,95.74712,0.0,1007.9555
2023-05-10 00:00:00+00:00,10.4,97.038376,0.0,1008.4545
2023-05-10 01:00:00+00:00,10.35,96.38944,0.1,1008.4543
2023-05-10 02:00:00+00:00,10.7,93.8528,0.1,1008.65607
2023-05-10 03:00:00+00:00,10.15,92.25929,0.0,1009.05145
2023-05-10 04:00:00+00:00,9.35,91.89945,0.0,1009.44543
2023-05-10 05:00:00+00:00,9.25,92.83441,0.0,1009.7441
2023-05-10 06:00:00+00:00,10.1,92.880806,0.0,1010.3487
2023-05-10 07:00:00+00:00,11.15,89.27376,0.0,1010.7552
2023-05-10 08:00:00+00:00,12.6,81.40868,0.0,1010.8648
2023-05-10 09:00:00+00:00,14.1,75.32871,0.0,1010.97473
2023-05-10 10:00:00+00:00,15.4,65.20557,0.1,1011.08307
2023-05-10 11:00:00+00:00,16.3,67.62535,0.1,1010.8896
2023-05-10 12:00:00+00:00,16.9,68.20023,0.0,1010.9935
2023-05-10 13:00:00+00:00,17.4,60.18189,0.0,1010.797
2023-05-10 14:00:00+00:00,14.55,71.71026,0.9,1011.37683
2023-05-10 15:00:00+00:00,14.85,76.21104,0.1,1010.9799
2023-05-10 16:00:00+00:00,16.3,69.45211,0.0,1010.49036
2023-05-10 17:00:00+00:00,13.85,74.28184,3.2,1011.1728
2023-05-10 18:00:00+00:00,13.5,78.05953,1.6,1010.97064
2023-05-10 19:00:00+00:00,13.0,84.792305,0.0,1011.1671
2023-05-10 20:00:00+00:00,11.5,89.90183,0.0,1011.5559
2023-05-10 21:00:00+00:00,11.3,88.98657,0.0,1011.854
2023-05-10 22:00:00+00:00,10.75,90.45194,0.0,1012.04987
2023-05-10 23:00:00+00:00,9.95,93.186615,0.0,1012.1442
2023-05-11 00:00:00+00:00,9.8,90.99814,0.0,1012.64233
2023-05-11 01:00:00+00:00,9.65,92.22978,0.0,1012.5413
2023-05-11 02:00:00+00:00,9.4,93.15789,0.1,1012.6394
2023-05-11 03:00:00+00:00,8.7,95.3661,0.1,1012.9342
2023-05-11 04:00:00+00:00,8.25,96.65857,0.1,1012.93097
2023-05-11 05:00:00+00:00,8.25,97.318855,0.0,1013.0307
2023-05-11 06:00:00+00:00,9.3,94.424034,0.5,1013.5371
2023-05-11 07:00:00+00:00,10.7,90.14434,0.3,1013.84607
2023-05-11 08:00:00+00:00,12.3,84.71517,0.0,1013.8571
2023-05-11 09:00:00+00:00,13.5,81.25531,0.1,1014.06476
2023-05-11 10:00:00+00:00,14.7,75.42888,0.1,1014.17285
2023-05-11 11:00:00+00:00,15.9,64.225136,0.2,1013.7815
2023-05-11 12:00:00+00:00,16.3,59.918636,0.1,1013.98376
2023-05-11 13:00:00+00:00,16.95,53.169205,0.3,1013.3892
2023-05-11 14:00:00+00:00,16.55,53.06374,0.0,1013.48627
2023-05-11 15:00:00+00:00,16.35,58.129898,0.0,1013.6845
2023-05-11 16:00:00+00:00,15.15,68.76056,1.7,1014.1756
2023-05-11 17:00:00+00:00,14.75,67.98839,0.1,1014.37274
2023-05-11 18:00:00+00:00,14.2,72.860054,0.0,1014.5686
2023-05-11 19:00:00+00:00,13.2,85.380196,0.0,1015.26056
2023-05-11 20:00:00+00:00,11.2,86.907425,0.0,1015.8457
2023-05-11 21:00:00+00:00,10.55,89.829796,0.0,1016.4401
2023-05-11 22:00:00+00:00,10.0,92.56245,0.0,1016.6359
2023-05-11 23:00:00+00:00,9.6,94.43691,0.0,1017.0323
2023-05-12 00:00:00+00:00,9.5,95.717384,0.0,1017.5307
2023-05-12 01:00:00+00:00,8.75,97.99105,0.0,1017.8249
2023-05-12 02:00:00+00:00,9.3,99.32927,0.0,1018.1282
2023-05-12 03:00:00+00:00,9.4,99.664406,0.0,1018.5281
2023-05-12 04:00:00+00:00,9.7,98.005974,0.0,1018.8298
2023-05-12 05:00:00+00:00,10.0,92.87536,0.0,1019.33075
2023-05-12 06:00:00+00:00,10.35,90.11841,0.0,1019.83234
2023-05-12 07:00:00+00:00,10.5,91.04562,0.0,1020.1327
2023-05-12 08:00:00+00:00,11.3,84.60397,0.0,1020.33765
2023-05-12 09:00:00+00:00,12.15,79.181786,0.1,1020.3435
2023-05-12 10:00:00+00:00,12.45,78.427376,0.2,1020.5453
2023-05-12 11:00:00+00:00,12.2,80.266014,0.8,1020.54376
2023-05-12 12:00:00+00:00,11.3,85.75363,0.7,1020.4375
2023-05-12 13:00:00+00:00,12.7,78.99536,0.1,1020.4471
2023-05-12 14:00:00+00:00,12.6,80.32156,0.0,1020.54626
2023-05-12 15:00:00+00:00,12.25,82.74266,0.0,1020.7437
2023-05-12 16:00:00+00:00,12.35,82.755005,0.0,1020.944
2023-05-12 17:00:00+00:00,12.2,84.13777,0.0,1021.24243
2023-05-12 18:00:00+00:00,11.95,84.96129,0.0,1021.3403
2023-05-12 19:00:00+00:00,11.6,85.784805,0.0,1021.8371
2023-05-12 20:00:00+00:00,11.3,86.04319,0.0,1022.53345
2023-05-12 21:00:00+00:00,10.9,86.58552,0.0,1023.3294
2023-05-12 22:00:00+00:00,10.65,85.97655,0.0,1023.52704
2023-05-12 23:00:00+00:00,10.4,85.9508,0.0,1023.62524
2023-05-13 00:00:00+00:00,9.75,88.55695,0.0,1024.1198
2023-05-13 01:00:00+00:00,9.65,88.85016,0.0,1024.0192
2023-05-13 02:00:00+00:00,9.6,89.148735,0.0,1024.0188
2023-05-13 03:00:00+00:00,9.55,89.448456,0.0,1024.1182
2023-05-13 04:00:00+00:00,9.65,89.456375,0.0,1024.1189
2023-05-13 05:00:00+00:00,9.75,89.76854,0.0,1024.2196
2023-05-13 06:00:00+00:00,10.05,89.48795,0.0,1024.4211
2023-05-13 07:00:00+00:00,10.7,86.85912,0.0,1024.6252
2023-05-13 08:00:00+00:00,11.55,84.347084,0.0,1024.9308
2023-05-13 09:00:00+00:00,12.45,80.84321,0.0,1024.8372
2023-05-13 10:00:00+00:00,12.65,80.598976,0.0,1024.8385
2023-05-13 11:00:00+00:00,13.2,78.53966,0.0,1024.8423
2023-05-13 12:00:00+00:00,13.3,76.21445,0.0,1024.843
2023-05-13 13:00:00+00:00,12.65,77.92991,0.0,1024.6388
2023-05-13 14:00:00+00:00,13.9,72.56076,0.0,1024.3481
2023-05-13 15:00:00+00:00,15.45,68.132065,0.0,1023.75934
2023-05-13 16:00:00+00:00,15.35,71.38112,0.0,1023.2597
2023-05-13 17:00:00+00:00,14.8,73.9505,0.0,1022.9568
2023-05-13 18:00:00+00:00,13.9,76.56792,0.0,1022.75104
2023-05-13 19:00:00+00:00,12.65,82.23884,0.0,1022.8423
2023-05-13 20:00:00+00:00,10.7,90.448364,0.0,1023.2279
2023-05-13 21:00:00+00:00,9.85,92.867195,0.0,1023.3221
2023-05-13 22:00:00+00:00,9.1,94.736145,0.0,1023.21674
2023-05-13 23:00:00+00:00,8.0,96.9823,0.0,1022.71
2023-05-14 00:00:00+00:00,7.15,98.63958,0.0,1022.3048
2023-05-14 01:00:00+00:00,6.95,98.29934,0.0,1022.004
2023-05-14 02:00:00+00:00,6.85,98.63634,0.0,1021.5044
2023-05-14 03:00:00+00:00,7.2,97.63095,0.0,1021.2075
2023-05-14 04:00:00+00:00,7.35,97.2998,0.0,1021.0089
2023-05-14 05:00:00+00:00,7.65,96.31263,0.0,1020.7117
2023-05-14 06:00:00+00:00,8.1,95.34442,0.0,1020.41516
2023-05-14 07:00:00+00:00,8.6,94.39381,0.0,1020.31885
2023-05-14 08:00:00+00:00,9.45,91.28379,0.0,1020.0255
2023-05-14 09:00:00+00:00,11.0,85.144646,0.0,1019.8368
2023-05-14 10:00:00+00:00,12.95,79.83241,0.0,1019.5507
2023-05-14 11:00:00+00:00,15.2,73.77418,0.0,1019.26636
2023-05-14 12:00:00+00:00,16.4,67.64598,0.0,1018.6755
2023-05-14 13:00:00+00:00,17.95,64.250206,0.0,1018.1866
2023-05-14 14:00:00+00:00,18.6,61.68311,0.0,1017.3926
2023-05-14 15:00:00+00:00,19.0,62.597054,0.0,1016.6964
2023-05-14 16:00:00+00:00,18.85,62.35654,0.0,1016.1964
2023-05-14 17:00:00+00:00,18.2,63.458977,0.5,1015.89246
2023-05-14 18:00:00+00:00,16.95,70.50658,0.2,1015.6849
2023-05-14 19:00:00+00:00,15.8,83.71839,0.0,1015.67725
2023-05-14 20:00:00+00:00,13.5,88.285995,0.0,1015.4621
2023-05-14 21:00:00+00:00,14.0,84.34185,0.0,1015.56537
2023-05-14 22:00:00+00:00,13.9,83.220276,0.0,1015.2654
2023-05-14 23:00:00+00:00,13.55,84.29119,0.0,1015.16296
2023-05-15 00:00:00+00:00,12.1,88.75521,0.0,1015.4526
2023-05-15 01:00:00+00:00,12.15,83.288506,0.0,1015.3531
2023-05-15 02:00:00+00:00,11.85,81.86046,0.0,1015.451
2023-05-15 03:00:00+00:00,11.6,83.22231,0.4,1015.649
2023-05-15 04:00:00+00:00,11.4,83.19815,0.1,1015.84705
2023-05-15 05:00:00+00:00,11.05,82.59355,0.0,1016.0444
2023-05-15 06:00:00+00:00,11.0,78.4755,0.0,1016.44336
2023-05-15 07:00:00+00:00,10.75,70.98712,0.0,1017.1401
2023-05-15 08:00:00+00:00,10.5,70.69298,0.0,1017.5377
2023-05-15 09:00:00+00:00,11.8,62.639122,0.0,1017.846
2023-05-15 10:00:00+00:00,13.1,57.918926,0.0,1017.9548
2023-05-15 11:00:00+00:00,14.0,55.197945,0.0,1018.0606
2023-05-15 12:00:00+00:00,13.75,53.615055,0.0,1018.35846
2023-05-15 13:00:00+00:00,13.85,51.796806,0.0,1018.5587
2023-05-15 14:00:00+00:00,14.75,47.848896,0.0,1018.66455
2023-05-15 15:00:00+00:00,14.55,44.688774,0.0,1018.66296
2023-05-15 16:00:00+00:00,14.35,49.97032,0.0,1019.06104
2023-05-15 17:00:00+00:00,13.85,52.161205,0.0,1019.45703
2023-05-15 18:00:00+00:00,13.05,56.31277,0.0,1019.85077
2023-05-15 19:00:00+00:00,11.5,70.40093,0.0,1020.53864
2023-05-15 20:00:00+00:00,9.9,78.30867,0.0,1021.2264
2023-05-15 21:00:00+00:00,8.5,85.163536,0.0,1021.6157
2023-05-15 22:00:00+00:00,7.05,90.808,0.0,1021.90485
2023-05-15 23:00:00+00:00,6.1,93.30566,0.0,1022.1975
2023-05-16 00:00:00+00:00,6.3,93.96619,0.0,1022.1991
2023-05-16 01:00:00+00:00,5.8,94.59924,0.0,1022.2952
2023-05-16 02:00:00+00:00,5.15,94.90313,0.0,1022.091
2023-05-16 03:00:00+00:00,5.45,93.59838,0.0,1022.09296
2023-05-16 04:00:00+00:00,5.35,92.9406,0.0,1022.0922
2023-05-16 05:00:00+00:00,6.2,91.38282,0.0,1022.29803
2023-05-16 06:00:00+00:00,7.9,86.28477,0.0,1022.7093
2023-05-16 07:00:00+00:00,9.65,81.29289,0.0,1023.02106
2023-05-16 08:00:00+00:00,11.45,76.17023,0.0,1023.13324
2023-05-16 09:00:00+00:00,13.15,65.82909,0.0,1023.1452
2023-05-16 10:00:00+00:00,14.4,58.44461,0.0,1023.15344
2023-05-16 11:00:00+00:00,15.1,54.158234,0.0,1023.1583
2023-05-16 12:00:00+00:00,15.3,51.2897,0.0,1022.95996
2023-05-16 13:00:00+00:00,16.75,45.631527,0.0,1022.5703
2023-05-16 14:00:00+00:00,16.75,46.110493,0.0,1022.3707
2023-05-16 15:00:00+00:00,15.45,56.534885,0.0,1022.7612
2023-05-16 16:00:00+00:00,15.6,55.04111,0.0,1023.0617
2023-05-16 17:00:00+00:00,15.15,56.653088,0.1,1023.25836
2023-05-16 18:00:00+00:00,14.35,61.732555,0.1,1023.3529
2023-05-16 19:00:00+00:00,13.35,67.69839,0.0,1023.74524
2023-05-16 20:00:00+00:00,11.25,75.87731,0.0,1024.2299
2023-05-16 21:00:00+00:00,10.25,80.81812,0.0,1024.8218
2023-05-16 22:00:00+00:00,9.5,84.112144,0.0,1025.116
2023-05-16 23:00:00+00:00,8.85,86.97613,0.0,1025.3112
2023-05-17 00:00:00+00:00,7.6,92.10704,0.0,1025.3021
2023-05-17 01:00:00+00:00,7.05,93.67754,0.0,1025.3981
2023-05-17 02:00:00+00:00,6.6,94.63291,0.0,1025.4946
2023-05-17 03:00:00+00:00,6.05,95.932686,0.0,1025.7902
2023-05-17 04:00:00+00:00,5.8,96.59351,0.0,1026.0876
2023-05-17 05:00:00+00:00,7.05,95.306114,0.0,1026.3961
2023-05-17 06:00:00+00:00,8.85,88.78312,0.0,1026.7084
2023-05-17 07:00:00+00:00,10.45,84.22165,0.0,1027.1189
2023-05-17 08:00:00+00:00,12.25,80.27297,0.0,1027.3312
2023-05-17 09:00:00+00:00,14.2,69.502075,0.0,1027.1447
2023-05-17 10:00:00+00:00,15.2,62.77872,0.1,1026.6523
2023-05-17 11:00:00+00:00,15.6,60.15792,0.1,1026.6549
2023-05-17 12:00:00+00:00,16.8,54.787575,0.1,1026.4634
2023-05-17 13:00:00+00:00,17.15,50.90768,0.1,1026.2662
2023-05-17 14:00:00+00:00,17.0,51.924442,0.0,1026.2653
2023-05-17 15:00:00+00:00,16.8,52.407196,0.0,1026.0641
2023-05-17 16:00:00+00:00,16.6,54.17787,0.0,1026.0627
2023-05-17 17:00:00+00:00,16.3,55.60037,0.0,1025.9612
2023-05-17 18:00:00+00:00,14.8,65.29506,0.0,1026.2505
2023-05-17 19:00:00+00:00,13.5,75.9911,0.0,1026.3413
2023-05-17 20:00:00+00:00,11.9,82.9785,0.0,1026.53
2023-05-17 21:00:00+00:00,10.75,84.54231,0.0,1026.8214
2023-05-17 22:00:00+00:00,10.1,86.80082,0.0,1026.9167
2023-05-17 23:00:00+00:00,9.8,89.46823,0.0,1026.815
2023-05-18 00:00:00+00:00,9.8,89.772385,0.0,1026.815
2023-05-18 01:00:00+00:00,9.3,89.1243,0.0,1026.7115
2023-05-18 02:00:00+00:00,8.95,90.32151,0.0,1026.709
2023-05-18 03:00:00+00:00,9.55,81.8403,0.0,1026.6134
2023-05-18 04:00:00+00:00,9.4,82.95371,0.0,1026.5126
2023-05-18 05:00:00+00:00,8.85,91.55578,0.0,1026.6086
2023-05-18 06:00:00+00:00,9.95,83.02144,0.0,1026.8159
2023-05-18 07:00:00+00:00,11.1,80.38518,0.0,1027.0236
2023-05-18 08:00:00+00:00,12.25,74.76161,0.0,1027.2312
2023-05-18 09:00:00+00:00,13.25,69.78594,0.0,1027.3379
2023-05-18 10:00:00+00:00,14.7,67.065674,0.0,1027.1482
2023-05-18 11:00:00+00:00,15.85,61.663822,0.0,1026.8566
2023-05-18 12:00:00+00:00,17.1,55.615627,0.1,1026.4656
2023-05-18 13:00:00+00:00,17.4,54.38572,0.1,1026.1681
2023-05-18 14:00:00+00:00,17.55,53.326885,0.0,1025.8696
2023-05-18 15:00:00+00:00,17.35,54.188316,0.0,1025.469
2023-05-18 16:00:00+00:00,17.6,54.06946,0.0,1025.0714
2023-05-18 17:00:00+00:00,17.15,55.439922,0.0,1024.9688
2023-05-18 18:00:00+00:00,16.05,64.47497,0.0,1025.0612
2023-05-18 19:00:00+00:00,13.95,73.06032,0.0,1025.4462
2023-05-18 20:00:00+00:00,12.2,73.49076,0.0,1026.133
2023-05-18 21:00:00+00:00,11.15,74.5716,0.0,1026.425
2023-05-18 22:00:00+00:00,10.5,75.7523,0.0,1026.72
2023-05-18 23:00:00+00:00,9.8,78.56377,0.0,1026.4158
2023-05-19 00:00:00+00:00,8.75,85.19081,0.0,1026.2086
2023-05-19 01:00:00+00:00,8.15,88.41903,0.0,1026.2045
2023-05-19 02:00:00+00:00,8.0,88.40598,0.0,1025.9039
2023-05-19 03:00:00+00:00,7.65,90.849976,0.0,1025.7019
2023-05-19 04:00:00+00:00,8.05,90.877815,0.0,1025.6046
2023-05-19 05:00:00+00:00,8.5,91.22064,0.0,1025.8076
2023-05-19 06:00:00+00:00,9.65,87.35045,0.0,1025.8157
2023-05-19 07:00:00+00:00,10.75,82.555984,0.0,1025.5239
2023-05-19 08:00:00+00:00,11.85,77.017815,0.0,1025.831
2023-05-19 09:00:00+00:00,12.1,75.75995,0.1,1025.9325
2023-05-19 10:00:00+00:00,12.0,77.30367,0.5,1025.832
2023-05-19 11:00:00+00:00,12.85,74.86442,0.4,1025.8378
2023-05-19 12:00:00+00:00,15.75,64.84391,0.1,1025.2588
2023-05-19 13:00:00+00:00,16.2,61.122993,0.0,1024.9623
2023-05-19 14:00:00+00:00,17.0,56.541443,0.0,1024.6683
2023-05-19 15:00:00+00:00,16.75,56.8632,0.0,1024.367
2023-05-19 16:00:00+00:00,16.75,56.670475,0.0,1024.2671
2023-05-19 17:00:00+00:00,16.2,58.489017,0.0,1024.3634
2023-05-19 18:00:00+00:00,15.55,62.223454,0.0,1024.4587
2023-05-19 19:00:00+00:00,14.4,68.840965,0.0,1024.7504
2023-05-19 20:00:00+00:00,11.9,73.43699,0.0,1025.3324
2023-05-19 21:00:00+00:00,10.4,78.38473,0.0,1025.9209
2023-05-19 22:00:00+00:00,9.75,81.30629,0.0,1026.1158
2023-05-19 23:00:00+00:00,8.9,82.8918,0.0,1026.1097
2023-05-20 00:00:00+00:00,8.1,86.90326,0.0,1026.0043
2023-05-20 01:00:00+00:00,7.55,89.59728,0.0,1025.8008
2023-05-20 02:00:00+00:00,7.15,91.44541,0.0,1025.3988
2023-05-20 03:00:00+00:00,6.85,92.380714,0.0,1025.0973
2023-05-20 04:00:00+00:00,6.65,93.011444,0.0,1024.996
2023-05-20 05:00:00+00:00,7.35,91.14329,0.0,1024.9014
2023-05-20 06:00:00+00:00,9.0,86.10029,0.0,1024.8131
2023-05-20 07:00:00+00:00,10.95,80.09096,0.0,1024.5275
2023-05-20 08:00:00+00:00,13.05,74.6458,0.0,1024.1426
2023-05-20 09:00:00+00:00,15.05,69.67037,0.0,1023.8567
2023-05-20 10:00:00+00:00,16.65,64.391556,0.0,1023.3683
2023-05-20 11:00:00+00:00,17.45,57.618923,0.1,1022.9745
2023-05-20 12:00:00+00:00,17.85,55.80661,0.0,1022.67755
2023-05-20 13:00:00+00:00,18.4,52.296436,0.0,1022.2818
2023-05-20 14:00:00+00:00,18.5,49.05292,0.0,1021.88354
2023-05-20 15:00:00+00:00,18.65,49.093853,0.0,1021.38544
2023-05-20 16:00:00+00:00,18.35,48.18172,0.0,1020.98395
2023-05-20 17:00:00+00:00,17.5,49.62369,0.0,1020.8786
2023-05-20 18:00:00+00:00,16.55,55.09779,0.0,1021.07196
2023-05-20 19:00:00+00:00,14.85,57.3613,0.0,1021.46
2023-05-20 20:00:00+00:00,12.85,62.665974,0.0,1021.64575
2023-05-20 21:00:00+00:00,11.45,68.237434,0.0,1021.73596
2023-05-20 22:00:00+00:00,10.3,72.391426,0.0,1021.72833
2023-05-20 23:00:00+00:00,9.4,76.88955,0.0,1021.72186
2023-05-21 00:00:00+00:00,8.7,77.31307,0.0,1021.0185
2023-05-21 01:00:00+00:00,8.2,81.66272,0.0,1020.8153
2023-05-21 02:00:00+00:00,7.85,85.38776,0.0,1020.713
2023-05-21 03:00:00+00:00,7.6,88.98426,0.0,1020.4117
2023-05-21 04:00:00+00:00,7.35,91.45852,0.0,1020.4101
2023-05-21 05:00:00+00:00,8.05,90.566086,0.0,1020.6144
2023-05-21 06:00:00+00:00,9.75,86.177,0.0,1020.42694
2023-05-21 07:00:00+00:00,11.75,80.20325,0.0,1020.1413
2023-05-21 08:00:00+00:00,13.7,73.509254,0.0,1020.1544
2023-05-21 09:00:00+00:00,15.35,64.97489,0.0,1020.1656
2023-05-21 10:00:00+00:00,16.55,58.773716,0.0,1019.8742
2023-05-21 11:00:00+00:00,16.75,57.835564,0.0,1019.6758
2023-05-21 12:00:00+00:00,17.0,57.70201,0.0,1019.3783
2023-05-21 13:00:00+00:00,17.3,56.617043,0.0,1019.0808
2023-05-21 14:00:00+00:00,17.95,53.79488,0.0,1018.9851
2023-05-21 15:00:00+00:00,17.85,54.317974,0.0,1018.68506
2023-05-21 16:00:00+00:00,17.7,55.01936,0.0,1018.4845
2023-05-21 17:00:00+00:00,16.85,58.846985,0.0,1018.57886
2023-05-21 18:00:00+00:00,16.0,61.90777,0.0,1018.5731
2023-05-21 19:00:00+00:00,14.8,61.627403,0.0,1018.86456
2023-05-21 20:00:00+00:00,12.85,67.13223,0.0,1019.0507
2023-05-21 21:00:00+00:00,11.35,73.08663,0.0,1019.33997
2023-05-21 22:00:00+00:00,10.75,76.31641,0.0,1019.3358
2023-05-21 23:00:00+00:00,10.95,77.1377,0.0,1019.13776
2023-05-22 00:00:00+00:00,9.6,82.41088,0.0,1018.729
2023-05-22 01:00:00+00:00,9.25,84.083145,0.0,1018.32745
2023-05-22 02:00:00+00:00,9.2,84.366615,0.0,1018.02783
2023-05-22 03:00:00+00:00,9.2,84.65677,0.0,1017.7284
2023-05-22 04:00:00+00:00,9.45,84.10635,0.0,1017.43054
2023-05-22 05:00:00+00:00,11.1,78.22315,0.0,1017.6416
2023-05-22 06:00:00+00:00,12.35,74.525024,0.0,1018.1493
2023-05-22 07:00:00+00:00,13.0,73.63341,0.0,1018.15375
2023-05-22 08:00:00+00:00,14.15,68.55792,0.0,1018.2612
2023-05-22 09:00:00+00:00,14.75,67.303215,0.0,1018.46497
2023-05-22 10:00:00+00:00,16.8,63.99515,0.0,1018.3786
2023-05-22 11:00:00+00:00,18.65,60.679577,0.0,1018.29126
2023-05-22 12:00:00+00:00,17.85,62.751217,0.0,1018.8847
2023-05-22 13:00:00+00:00,18.65,61.08383,0.0,1018.79034
2023-05-22 14:00:00+00:00,18.4,62.04748,0.0,1018.98804
2023-05-22 15:00:00+00:00,18.5,60.64427,0.0,1018.989
2023-05-22 16:00:00+00:00,19.2,56.71265,0.0,1018.99347
2023-05-22 17:00:00+00:00,18.6,55.99658,0.0,1019.28906
2023-05-22 18:00:00+00:00,17.3,58.167454,0.0,1019.57983
2023-05-22 19:00:00+00:00,15.55,61.802948,0.0,1020.4663
2023-05-22 20:00:00+00:00,13.55,60.283596,0.0,1021.2514
2023-05-22 21:00:00+00:00,12.1,61.62755,0.0,1022.23944
2023-05-22 22:00:00+00:00,11.0,66.50575,0.0,1023.13043
2023-05-22 23:00:00+00:00,10.15,71.613594,0.0,1023.4237
2023-05-23 00:00:00+00:00,9.5,70.74367,0.0,1023.5191
2023-05-23 01:00:00+00:00,9.25,72.19474,0.0,1023.6172
2023-05-23 02:00:00+00:00,8.95,74.18549,0.0,1023.5152
2023-05-23 03:00:00+00:00,8.7,80.04744,0.0,1024.0127
2023-05-23 04:00:00+00:00,8.4,89.97208,0.0,1024.1101
2023-05-23 05:00:00+00:00,9.1,90.950294,0.0,1024.2148
2023-05-23 06:00:00+00:00,10.45,85.37439,0.0,1024.7235
2023-05-23 07:00:00+00:00,11.65,78.30669,0.0,1024.9314
2023-05-23 08:00:00+00:00,13.1,69.75623,0.0,1024.8417
2023-05-23 09:00:00+00:00,14.6,61.370274,0.0,1024.8517
2023-05-23 10:00:00+00:00,15.5,58.316395,0.0,1025.0574
2023-05-23 11:00:00+00:00,15.9,57.624237,0.0,1025.1599
2023-05-23 12:00:00+00:00,16.6,53.624905,0.0,1025.2642
2023-05-23 13:00:00+00:00,16.2,54.259182,0.0,1025.1619
2023-05-23 14:00:00+00:00,16.8,52.767353,0.0,1024.8665
2023-05-23 15:00:00+00:00,16.75,53.664227,0.0,1024.7661
2023-05-23 16:00:00+00:00,16.85,53.142868,0.0,1024.7671
2023-05-23 17:00:00+00:00,16.65,49.90541,0.0,1024.5659
2023-05-23 18:00:00+00:00,16.3,53.54615,0.0,1024.3641
2023-05-23 19:00:00+00:00,15.3,62.1655,0.0,1024.3573
2023-05-23 20:00:00+00:00,12.2,76.29297,0.0,1024.7356
2023-05-23 21:00:00+00:00,11.3,81.23618,0.0,1025.1284
2023-05-23 22:00:00+00:00,10.0,87.08671,0.0,1025.1195
2023-05-23 23:00:00+00:00,9.05,89.10387,0.0,1025.013
2023-05-24 00:00:00+00:00,8.6,87.25131,0.0,1024.7103
2023-05-24 01:00:00+00:00,8.2,89.34069,0.0,1024.5082
2023-05-24 02:00:00+00:00,8.2,92.7765,0.0,1024.2087
2023-05-24 03:00:00+00:00,8.25,95.349846,0.0,1024.1091
2023-05-24 04:00:00+00:00,7.4,97.30085,0.0,1023.8037
2023-05-24 05:00:00+00:00,8.9,91.871635,0.0,1024.1136
2023-05-24 06:00:00+00:00,10.65,84.24457,0.0,1024.2256
2023-05-24 07:00:00+00:00,12.35,79.21093,0.0,1024.3375
2023-05-24 08:00:00+00:00,14.1,73.82782,0.0,1024.2494
2023-05-24 09:00:00+00:00,15.65,68.172966,0.0,1024.0604
2023-05-24 10:00:00+00:00,17.65,54.635242,0.0,1023.7741
2023-05-24 11:00:00+00:00,18.5,53.575203,0.0,1023.4806
2023-05-24 12:00:00+00:00,19.95,47.00228,0.0,1023.29016
2023-05-24 13:00:00+00:00,20.8,47.876495,0.0,1022.8965
2023-05-24 14:00:00+00:00,20.4,50.238403,0.0,1022.8939
2023-05-24 15:00:00+00:00,20.2,51.89525,0.0,1022.79266
2023-05-24 16:00:00+00:00,20.05,52.730423,0.0,1022.7917
2023-05-24 17:00:00+00:00,19.6,53.50146,0.0,1022.6891
2023-05-24 18:00:00+00:00,18.95,57.795902,0.0,1022.8845
2023-05-24 19:00:00+00:00,17.45,66.52675,0.0,1023.0743
2023-05-24 20:00:00+00:00,15.1,77.0143,0.0,1023.7572
2023-05-24 21:00:00+00:00,13.5,83.7273,0.0,1024.445
2023-05-24 22:00:00+00:00,11.9,85.24167,0.0,1024.8334
2023-05-24 23:00:00+00:00,10.4,90.42678,0.0,1025.2222
2023-05-25 00:00:00+00:00,9.5,94.11382,0.0,1025.3157
2023-05-25 01:00:00+00:00,8.75,96.344215,0.0,1025.6097
2023-05-25 02:00:00+00:00,8.55,96.66641,0.0,1025.9077
2023-05-25 03:00:00+00:00,8.25,96.98823,0.0,1026.0055
2023-05-25 04:00:00+00:00,9.25,93.78405,0.0,1026.1123
2023-05-25 05:00:00+00:00,10.6,87.73536,0.0,1026.4213
2023-05-25 06:00:00+00:00,11.5,82.92954,0.0,1027.0261
2023-05-25 07:00:00+00:00,12.7,75.09278,0.0,1027.6333
2023-05-25 08:00:00+00:00,14.05,69.237526,0.0,1027.7426
2023-05-25 09:00:00+00:00,15.65,63.522747,0.0,1027.8533
2023-05-25 10:00:00+00:00,17.15,57.350254,0.0,1027.9631
2023-05-25 11:00:00+00:00,18.0,52.724796,0.0,1027.8688
2023-05-25 12:00:00+00:00,16.85,59.446068,0.0,1027.9612
2023-05-25 13:00:00+00:00,17.3,58.36386,0.0,1027.9641
2023-05-25 14:00:00+00:00,17.1,58.907932,0.0,1027.8629
2023-05-25 15:00:00+00:00,16.55,60.99938,0.0,1028.0587
2023-05-25 16:00:00+00:00,15.7,65.491104,0.0,1028.2528
2023-05-25 17:00:00+00:00,15.45,65.21649,0.0,1028.1511
2023-05-25 18:00:00+00:00,15.3,62.58897,0.0,1028.3497
2023-05-25 19:00:00+00:00,14.7,65.7173,0.0,1028.5455
2023-05-25 20:00:00+00:00,13.75,71.31862,0.0,1028.6389
2023-05-25 21:00:00+00:00,12.9,74.61999,0.0,1029.1318
2023-05-25 22:00:00+00:00,11.4,79.61148,0.0,1029.5208
2023-05-25 23:00:00+00:00,9.8,84.14685,0.0,1029.6095
2023-05-26 00:00:00+00:00,9.0,87.2892,0.0,1029.3044
2023-05-26 01:00:00+00:00,8.55,89.36878,0.0,1029.4009
2023-05-26 02:00:00+00:00,8.45,89.97587,0.0,1029.4003
2023-05-26 03:00:00+00:00,8.25,90.89169,0.0,1029.2992
2023-05-26 04:00:00+00:00,7.75,93.07057,0.0,1029.3955
2023-05-26 05:00:00+00:00,8.2,90.26639,0.0,1029.5983
2023-05-26 06:00:00+00:00,9.55,84.40655,0.0,1029.907
2023-05-26 07:00:00+00:00,11.3,73.83413,0.0,1030.019
2023-05-26 08:00:00+00:00,12.75,65.066635,0.0,1030.029
2023-05-26 09:00:00+00:00,13.8,63.318306,0.0,1030.0366
2023-05-26 10:00:00+00:00,14.75,61.61566,0.0,1030.043
2023-05-26 11:00:00+00:00,15.4,60.726986,0.0,1029.8475
2023-05-26 12:00:00+00:00,17.0,51.042088,0.0,1029.5591
2023-05-26 13:00:00+00:00,17.45,50.640743,0.0,1029.4623
2023-05-26 14:00:00+00:00,17.7,46.537296,0.0,1029.2642
2023-05-26 15:00:00+00:00,17.7,44.95577,0.0,1028.9648
2023-05-26 16:00:00+00:00,17.25,49.55548,0.0,1028.6624
2023-05-26 17:00:00+00:00,16.45,54.69703,0.0,1028.4573
2023-05-26 18:00:00+00:00,15.25,59.869213,0.0,1028.5491
2023-05-26 19:00:00+00:00,13.6,66.833115,0.0,1028.8372
2023-05-26 20:00:00+00:00,11.45,73.35603,0.0,1029.1217
2023-05-26 21:00:00+00:00,10.2,77.81741,0.0,1029.4125
2023-05-26 22:00:00+00:00,9.45,82.10911,0.0,1029.2076
2023-05-26 23:00:00+00:00,8.9,86.980965,0.0,1029.0042
2023-05-27 00:00:00+00:00,8.25,90.27007,0.0,1028.3011
2023-05-27 01:00:00+00:00,7.85,93.71659,0.0,1027.9988
2023-05-27 02:00:00+00:00,7.6,94.999916,0.0,1027.5977
2023-05-27 03:00:00+00:00,7.5,95.3226,0.0,1027.1978
2023-05-27 04:00:00+00:00,7.4,95.64675,0.0,1026.9974
2023-05-27 05:00:00+00:00,8.15,94.37426,0.0,1026.9032
2023-05-27 06:00:00+00:00,10.25,85.93532,0.0,1027.0175
2023-05-27 07:00:00+00:00,11.65,79.64735,0.0,1026.6282
2023-05-27 08:00:00+00:00,13.05,70.22314,0.0,1026.2385
2023-05-27 09:00:00+00:00,14.3,66.302864,0.0,1025.8478
2023-05-27 10:00:00+00:00,15.25,64.95291,0.0,1025.455
2023-05-27 11:00:00+00:00,16.05,63.827507,0.0,1024.9613
2023-05-27 12:00:00+00:00,17.35,57.594105,0.0,1023.97186
2023-05-27 13:00:00+00:00,18.2,55.147507,0.0,1023.1788
2023-05-27 14:00:00+00:00,18.75,52.92201,0.0,1022.6836
2023-05-27 15:00:00+00:00,19.05,50.213978,0.0,1022.2863
2023-05-27 16:00:00+00:00,19.05,51.24343,0.0,1021.98694
2023-05-27 17:00:00+00:00,18.3,56.487305,0.0,1021.6823
2023-05-27 18:00:00+00:00,16.85,62.31354,0.0,1021.5732
2023-05-27 19:00:00+00:00,14.65,68.891396,0.0,1021.95776
2023-05-27 20:00:00+00:00,12.3,75.53628,0.0,1021.9417
2023-05-27 21:00:00+00:00,10.7,79.782715,0.0,1022.22986
2023-05-27 22:00:00+00:00,9.5,83.824326,0.0,1022.22156
2023-05-27 23:00:00+00:00,8.55,88.757835,0.0,1021.9154
2023-05-28 00:00:00+00:00,8.3,90.89515,0.0,1021.315
2023-05-28 01:00:00+00:00,7.6,93.383,0.0,1021.01044
2023-05-28 02:00:00+00:00,7.0,94.3238,0.0,1020.8067
2023-05-28 03:00:00+00:00,6.5,95.28587,0.0,1020.80316
2023-05-28 04:00:00+00:00,6.2,95.93749,0.0,1020.9007
2023-05-28 05:00:00+00:00,7.75,90.544556,0.0,1021.0118
2023-05-28 06:00:00+00:00,9.6,82.69421,0.0,1021.02454
2023-05-28 07:00:00+00:00,11.85,70.469475,0.0,1021.23987
2023-05-28 08:00:00+00:00,14.0,57.743393,0.0,1021.2546
2023-05-28 09:00:00+00:00,15.9,51.097095,0.0,1021.26733
2023-05-28 10:00:00+00:00,17.5,46.00165,0.0,1021.2779
2023-05-28 11:00:00+00:00,18.8,42.83793,0.0,1021.2865
2023-05-28 12:00:00+00:00,20.05,36.46481,0.0,1021.29456
2023-05-28 13:00:00+00:00,20.55,38.82924,0.0,1020.9984
2023-05-28 14:00:00+00:00,20.85,41.821014,0.0,1020.9003
2023-05-28 15:00:00+00:00,20.7,42.498035,0.0,1020.89954
2023-05-28 16:00:00+00:00,19.95,44.664883,0.0,1020.89465
2023-05-28 17:00:00+00:00,19.55,46.73246,0.0,1020.99194
2023-05-28 18:00:00+00:00,17.95,53.612976,0.0,1021.58026
2023-05-28 19:00:00+00:00,16.7,58.01943,0.0,1022.17084
2023-05-28 20:00:00+00:00,14.85,64.86482,0.0,1022.8574
2023-05-28 21:00:00+00:00,13.1,77.475716,0.0,1023.54407
2023-05-28 22:00:00+00:00,11.7,79.65451,0.0,1024.333
2023-05-28 23:00:00+00:00,10.65,77.62061,0.0,1024.7247
2023-05-29 00:00:00+00:00,9.75,75.88866,0.0,1024.9182
2023-05-29 01:00:00+00:00,9.15,77.65351,0.0,1025.0139
2023-05-29 02:00:00+00:00,8.6,82.2833,0.0,1025.1095
2023-05-29 03:00:00+00:00,8.15,88.11501,0.0,1025.0068
2023-05-29 04:00:00+00:00,7.8,88.38853,0.0,1024.9045
2023-05-29 05:00:00+00:00,8.4,82.54316,0.0,1025.208
2023-05-29 06:00:00+00:00,9.75,76.41567,0.0,1025.4174
2023-05-29 07:00:00+00:00,11.4,67.99134,0.0,1025.8279
2023-05-29 08:00:00+00:00,13.0,58.298473,0.0,1025.7393
2023-05-29 09:00:00+00:00,13.6,56.453766,0.0,1025.9427
2023-05-29 10:00:00+00:00,14.4,53.974335,0.0,1025.9482
2023-05-29 11:00:00+00:00,15.4,52.758907,0.0,1025.955
2023-05-29 12:00:00+00:00,15.15,55.30456,0.0,1026.153
2023-05-29 13:00:00+00:00,16.1,52.581627,0.0,1025.7601
2023-05-29 14:00:00+00:00,16.85,52.241234,0.0,1025.5657
2023-05-29 15:00:00+00:00,16.9,51.190594,0.0,1025.4662
2023-05-29 16:00:00+00:00,16.75,53.847897,0.0,1025.4648
2023-05-29 17:00:00+00:00,15.9,55.497753,0.0,1025.5592
2023-05-29 18:00:00+00:00,14.55,57.682034,0.0,1025.6497
2023-05-29 19:00:00+00:00,13.4,61.0857,0.0,1025.8417
2023-05-29 20:00:00+00:00,11.95,66.022,0.0,1026.4305
2023-05-29 21:00:00+00:00,10.8,70.26317,0.0,1027.1211
2023-05-29 22:00:00+00:00,9.8,74.33563,0.0,1027.3141
2023-05-29 23:00:00+00:00,9.1,78.730034,0.0,1027.4087
2023-05-30 00:00:00+00:00,8.6,82.854485,0.0,1027.3053
2023-05-30 01:00:00+00:00,8.4,84.2748,0.0,1027.304
2023-05-30 02:00:00+00:00,8.2,84.251724,0.0,1027.3027
2023-05-30 03:00:00+00:00,8.1,84.53246,0.0,1027.4016
2023-05-30 04:00:00+00:00,8.45,84.28056,0.0,1027.5039
2023-05-30 05:00:00+00:00,9.6,80.45158,0.0,1027.7115
2023-05-30 06:00:00+00:00,11.05,73.78965,0.0,1027.8218
2023-05-30 07:00:00+00:00,11.8,69.49695,0.0,1028.2261
2023-05-30 08:00:00+00:00,12.55,66.838524,0.0,1028.331
2023-05-30 09:00:00+00:00,13.75,62.44392,0.0,1028.2396
2023-05-30 10:00:00+00:00,15.05,58.806355,0.0,1028.0487
2023-05-30 11:00:00+00:00,16.1,58.464405,0.0,1027.5568
2023-05-30 12:00:00+00:00,16.3,58.315285,0.0,1027.5581
2023-05-30 13:00:00+00:00,16.45,59.14865,0.0,1027.559
2023-05-30 14:00:00+00:00,16.6,60.193535,0.0,1027.2605
2023-05-30 15:00:00+00:00,16.6,61.63079,0.0,1026.8613
2023-05-30 16:00:00+00:00,16.45,62.43113,0.0,1026.6606
2023-05-30 17:00:00+00:00,15.55,65.238335,0.0,1026.455
2023-05-30 18:00:00+00:00,14.65,67.05515,0.0,1026.3494
2023-05-30 19:00:00+00:00,13.9,68.50698,0.0,1026.4441
2023-05-30 20:00:00+00:00,13.05,71.67094,0.0,1026.4382
2023-05-30 21:00:00+00:00,12.55,71.82107,0.0,1026.734
2023-05-30 22:00:00+00:00,12.35,71.78347,0.0,1026.9325
2023-05-30 23:00:00+00:00,11.95,75.220955,0.0,1026.7299
2023-05-31 00:00:00+00:00,11.35,77.46494,0.0,1026.3265
2023-05-31 01:00:00+00:00,10.95,80.36432,0.0,1026.1243
2023-05-31 02:00:00+00:00,10.9,82.294685,0.0,1026.0242
2023-05-31 03:00:00+00:00,10.85,83.69772,0.0,1025.824
2023-05-31 04:00:00+00:00,10.8,84.2617,0.0,1025.6239
2023-05-31 05:00:00+00:00,11.0,83.99954,0.0,1025.7255
2023-05-31 06:00:00+00:00,11.65,81.282845,0.0,1025.8297
2023-05-31 07:00:00+00:00,12.4,77.628624,0.0,1025.835
2023-05-31 08:00:00+00:00,13.05,75.40633,0.0,1025.7395
2023-05-31 09:00:00+00:00,14.05,72.34418,0.0,1025.4469
2023-05-31 10:00:00+00:00,15.4,68.58056,0.0,1025.2561
2023-05-31 11:00:00+00:00,16.0,68.01666,0.0,1025.0609
2023-05-31 12:00:00+00:00,15.35,70.90573,0.0,1024.9565
2023-05-31 13:00:00+00:00,16.1,68.721825,0.0,1024.5624
2023-05-31 14:00:00+00:00,17.5,65.00967,0.0,1024.2722
2023-05-31 15:00:00+00:00,18.0,63.414146,0.0,1023.87634
2023-05-31 16:00:00+00:00,18.65,60.277683,0.0,1023.48157
2023-05-31 17:00:00+00:00,18.3,62.024487,0.0,1023.1795
2023-05-31 18:00:00+00:00,16.8,68.17992,0.0,1023.06976
2023-05-31 19:00:00+00:00,15.0,72.034836,0.0,1023.4571
2023-05-31 20:00:00+00:00,13.45,76.23885,0.0,1023.74585
2023-05-31 21:00:00+00:00,12.8,76.39052,0.0,1024.2405
2023-05-31 22:00:00+00:00,12.05,78.89972,0.0,1024.1355
2023-05-31 23:00:00+00:00,11.5,80.16825,0.0,1024.3314
2023-06-01 00:00:00+00:00,10.4,82.231,0.0,1024.5236
2023-06-01 01:00:00+00:00,10.2,82.20545,0.0,1024.4221
2023-06-01 02:00:00+00:00,10.15,81.63867,0.0,1024.222
2023-06-01 03:00:00+00:00,10.35,80.006134,0.0,1024.124
2023-06-01 04:00:00+00:00,10.3,80.27351,0.0,1023.9241
2023-06-01 05:00:00+00:00,10.55,79.761246,0.0,1023.8259
2023-06-01 06:00:00+00:00,10.9,78.72895,0.0,1023.7286
2023-06-01 07:00:00+00:00,11.6,75.93534,0.0,1023.63367
2023-06-01 08:00:00+00:00,12.5,73.0456,0.0,1023.7395
2023-06-01 09:00:00+00:00,13.55,70.32087,0.0,1023.6468
2023-06-01 10:00:00+00:00,14.3,68.588425,0.0,1023.6519
2023-06-01 11:00:00+00:00,15.3,65.40416,0.0,1023.45905
2023-06-01 12:00:00+00:00,14.75,65.28412,0.0,1023.7549
2023-06-01 13:00:00+00:00,16.4,61.170082,0.0,1023.4665
2023-06-01 14:00:00+00:00,17.45,59.791172,0.0,1023.0743
2023-06-01 15:00:00+00:00,17.95,59.51136,0.0,1022.57837
2023-06-01 16:00:00+00:00,18.05,58.94084,0.0,1022.0799
2023-06-01 17:00:00+00:00,17.25,60.755013,0.0,1021.8752
2023-06-01 18:00:00+00:00,16.45,62.43113,0.0,1021.67004
2023-06-01 19:00:00+00:00,14.9,66.43116,0.0,1021.9593
2023-06-01 20:00:00+00:00,13.5,69.362526,0.0,1022.4488
2023-06-01 21:00:00+00:00,12.4,70.09542,0.0,1022.9405
2023-06-01 22:00:00+00:00,11.5,72.61386,0.0,1023.2334
2023-06-01 23:00:00+00:00,11.4,72.84519,0.0,1023.4325
2023-06-02 00:00:00+00:00,11.25,71.32918,0.0,1023.5313
2023-06-02 01:00:00+00:00,11.15,69.366165,0.0,1023.4308
2023-06-02 02:00:00+00:00,10.45,74.70692,0.0,1023.2263
2023-06-02 03:00:00+00:00,10.2,75.18119,0.0,1023.02484
2023-06-02 04:00:00+00:00,10.35,70.90952,0.0,1023.0262
2023-06-02 05:00:00+00:00,10.45,71.17546,0.0,1023.0268
2023-06-02 06:00:00+00:00,10.7,70.977455,0.0,1023.1282
2023-06-02 07:00:00+00:00,11.0,69.09603,0.0,1023.2302
2023-06-02 08:00:00+00:00,11.6,67.33085,0.0,1023.3343
2023-06-02 09:00:00+00:00,12.5,63.898094,0.0,1023.0409
2023-06-02 10:00:00+00:00,13.6,60.504116,0.0,1022.9484
2023-06-02 11:00:00+00:00,15.05,56.433235,0.0,1022.8586
2023-06-02 12:00:00+00:00,15.75,54.3282,0.0,1022.66376
2023-06-02 13:00:00+00:00,16.45,53.03732,0.0,1022.46857
2023-06-02 14:00:00+00:00,17.4,52.208958,0.0,1022.07574
2023-06-02 15:00:00+00:00,17.75,51.946987,0.0,1021.67883
2023-06-02 16:00:00+00:00,17.1,53.027405,0.0,1021.3751
2023-06-02 17:00:00+00:00,16.35,54.11267,0.0,1021.27026
2023-06-02 18:00:00+00:00,15.5,55.394836,0.0,1021.3643
2023-06-02 19:00:00+00:00,14.3,60.05029,0.0,1021.5559
2023-06-02 20:00:00+00:00,12.9,65.32408,0.0,1021.746
2023-06-02 21:00:00+00:00,11.8,71.92592,0.0,1022.2375
2023-06-02 22:00:00+00:00,10.8,77.64401,0.0,1022.5299
2023-06-02 23:00:00+00:00,10.05,81.346405,0.0,1022.62463
2023-06-03 00:00:00+00:00,9.05,85.81054,0.0,1022.51776
2023-06-03 01:00:00+00:00,8.3,89.04224,0.0,1022.4129
2023-06-03 02:00:00+00:00,7.7,92.11308,0.0,1022.30896
2023-06-03 03:00:00+00:00,7.4,94.66626,0.0,1022.0072
2023-06-03 04:00:00+00:00,7.8,95.33352,0.0,1021.8105
2023-06-03 05:00:00+00:00,8.95,90.01368,0.0,1021.8185
2023-06-03 06:00:00+00:00,10.45,84.796295,0.0,1021.8291
2023-06-03 07:00:00+00:00,12.2,79.18908,0.0,1021.74146
2023-06-03 08:00:00+00:00,14.2,73.845406,0.0,1021.6551
2023-06-03 09:00:00+00:00,16.4,68.09843,0.0,1021.57
2023-06-03 10:00:00+00:00,18.6,58.09663,0.0,1021.3851
2023-06-03 11:00:00+00:00,19.7,53.70675,0.0,1021.1925
2023-06-03 12:00:00+00:00,19.25,55.973255,0.0,1021.2894
2023-06-03 13:00:00+00:00,20.2,52.0691,0.0,1021.0959
2023-06-03 14:00:00+00:00,21.0,47.770466,0.0,1020.7017
2023-06-03 15:00:00+00:00,21.4,45.990013,0.0,1020.4048
2023-06-03 16:00:00+00:00,21.15,44.697304,0.0,1020.1038
2023-06-03 17:00:00+00:00,20.2,48.524147,0.0,1020.0977
2023-06-03 18:00:00+00:00,18.7,53.808212,0.0,1020.2878
2023-06-03 19:00:00+00:00,17.1,55.804695,0.0,1020.7763
2023-06-03 20:00:00+00:00,15.15,56.264862,0.0,1021.16235
2023-06-03 21:00:00+00:00,13.8,61.18086,0.0,1021.7524
2023-06-03 22:00:00+00:00,12.7,66.641205,0.0,1022.044
2023-06-03 23:00:00+00:00,11.5,72.11687,0.0,1022.23535
2023-06-04 00:00:00+00:00,10.45,77.058075,0.0,1022.1285
2023-06-04 01:00:00+00:00,9.55,82.121994,0.0,1022.1221
2023-06-04 02:00:00+00:00,9.1,84.93676,0.0,1022.0191
2023-06-04 03:00:00+00:00,8.75,86.66826,0.0,1022.0168
2023-06-04 04:00:00+00:00,8.45,88.445076,0.0,1021.9148
2023-06-04 05:00:00+00:00,9.25,86.12594,0.0,1022.0203
2023-06-04 06:00:00+00:00,10.75,80.88632,0.0,1022.03064
2023-06-04 07:00:00+00:00,12.65,74.830215,0.0,1022.14355
2023-06-04 08:00:00+00:00,14.6,68.88131,0.0,1022.1567
2023-06-04 09:00:00+00:00,16.45,63.917038,0.0,1022.2689
2023-06-04 10:00:00+00:00,18.05,59.535416,0.0,1022.1797
2023-06-04 11:00:00+00:00,19.3,55.98587,0.0,1022.1881
2023-06-04 12:00:00+00:00,20.05,50.3133,0.0,1022.2926
2023-06-04 13:00:00+00:00,20.65,49.635975,0.0,1021.99713
2023-06-04 14:00:00+00:00,21.0,48.741623,0.0,1021.7997
2023-06-04 15:00:00+00:00,21.05,49.082714,0.0,1021.5006
2023-06-04 16:00:00+00:00,20.7,50.150673,0.0,1021.1989
2023-06-04 17:00:00+00:00,20.05,52.37897,0.0,1020.9951
2023-06-04 18:00:00+00:00,18.85,57.00498,0.0,1021.187
2023-06-04 19:00:00+00:00,16.7,64.18741,0.0,1021.67175
2023-06-04 20:00:00+00:00,14.55,71.71026,0.0,1022.1563
2023-06-04 21:00:00+00:00,13.0,78.774155,0.0,1022.84485
2023-06-04 22:00:00+00:00,11.8,82.13082,0.0,1023.3355
2023-06-04 23:00:00+00:00,10.7,84.5367,0.0,1023.727
2023-06-05 00:00:00+00:00,9.7,87.65317,0.0,1023.7203
2023-06-05 01:00:00+00:00,8.9,90.31786,0.0,1023.51483
2023-06-05 02:00:00+00:00,8.45,91.843666,0.0,1023.2122
2023-06-05 03:00:00+00:00,8.15,93.41103,0.0,1022.91095
2023-06-05 04:00:00+00:00,7.95,94.365524,0.0,1022.8096
2023-06-05 05:00:00+00:00,9.35,86.43134,0.0,1022.8195
2023-06-05 06:00:00+00:00,10.6,79.22461,0.0,1022.928
2023-06-05 07:00:00+00:00,11.45,75.39342,0.0,1023.13324
2023-06-05 08:00:00+00:00,12.3,71.774055,0.0,1023.33905
2023-06-05 09:00:00+00:00,13.4,67.70881,0.0,1023.1468
2023-06-05 10:00:00+00:00,14.75,63.534447,0.0,1022.9564
2023-06-05 11:00:00+00:00,16.15,60.494137,0.0,1022.7661
2023-06-05 12:00:00+00:00,15.1,62.96927,0.0,1023.05853
2023-06-05 13:00:00+00:00,16.3,59.312878,0.0,1022.5675
2023-06-05 14:00:00+00:00,17.0,58.487366,0.0,1022.07324
2023-06-05 15:00:00+00:00,17.4,56.451057,0.0,1021.5767
2023-06-05 16:00:00+00:00,17.95,52.71161,0.0,1020.9814
2023-06-05 17:00:00+00:00,17.3,55.66667,0.0,1020.7776
2023-06-05 18:00:00+00:00,16.2,59.489983,0.0,1020.7702
2023-06-05 19:00:00+00:00,14.9,62.49673,0.0,1021.16077
2023-06-05 20:00:00+00:00,13.95,65.77802,0.0,1021.4538
2023-06-05 21:00:00+00:00,13.2,67.436295,0.0,1021.8479
2023-06-05 22:00:00+00:00,12.3,68.412964,0.0,1022.241
2023-06-05 23:00:00+00:00,11.9,70.237595,0.0,1022.4379
2023-06-06 00:00:00+00:00,11.3,73.58116,0.0,1022.33386
2023-06-06 01:00:00+00:00,10.9,75.04217,0.0,1022.33136
2023-06-06 02:00:00+00:00,10.9,74.78475,0.0,1022.13165
2023-06-06 03:00:00+00:00,10.95,73.26568,0.0,1021.8326
2023-06-06 04:00:00+00:00,11.0,72.77181,0.0,1021.73315
2023-06-06 05:00:00+00:00,11.2,75.86901,0.0,1021.6346
2023-06-06 06:00:00+00:00,11.65,73.896225,0.0,1021.83734
2023-06-06 07:00:00+00:00,12.0,72.70581,0.0,1022.0393
2023-06-06 08:00:00+00:00,12.2,73.49076,0.0,1022.0409
2023-06-06 09:00:00+00:00,12.75,71.61437,0.0,1022.3439
2023-06-06 10:00:00+00:00,13.4,69.34252,0.1,1022.3484
2023-06-06 11:00:00+00:00,14.35,65.41855,0.0,1022.05536
2023-06-06 12:00:00+00:00,14.4,64.325966,0.0,1021.85596
2023-06-06 13:00:00+00:00,15.25,61.52329,0.0,1021.6622
2023-06-06 14:00:00+00:00,16.15,59.276443,0.0,1021.26904
2023-06-06 15:00:00+00:00,16.4,58.93646,0.0,1020.9712
2023-06-06 16:00:00+00:00,16.55,58.1793,0.0,1020.5729
2023-06-06 17:00:00+00:00,16.4,58.142258,0.0,1020.37225
2023-06-06 18:00:00+00:00,15.85,60.21787,0.0,1020.3688
2023-06-06 19:00:00+00:00,14.65,63.94546,0.0,1020.4606
2023-06-06 20:00:00+00:00,13.0,70.21335,0.0,1021.0482
2023-06-06 21:00:00+00:00,11.7,74.66685,0.0,1021.53827
2023-06-06 22:00:00+00:00,10.95,77.93344,0.0,1021.633
2023-06-06 23:00:00+00:00,10.4,80.28752,0.0,1021.5293
2023-06-07 00:00:00+00:00,9.4,85.55381,0.0,1021.4225
2023-06-07 01:00:00+00:00,9.2,85.53254,0.0,1021.12177
2023-06-07 02:00:00+00:00,8.9,86.980965,0.0,1020.9199
2023-06-07 03:00:00+00:00,8.65,88.462395,0.0,1020.6189
2023-06-07 04:00:00+00:00,8.45,90.28481,0.0,1020.6173
2023-06-07 05:00:00+00:00,9.3,87.317535,0.0,1020.52356
2023-06-07 06:00:00+00:00,10.7,81.71086,0.0,1020.53314
2023-06-07 07:00:00+00:00,12.55,74.81308,0.0,1020.6457
2023-06-07 08:00:00+00:00,15.05,66.46313,0.0,1020.7626
2023-06-07 09:00:00+00:00,16.4,64.55232,0.0,1020.4721
2023-06-07 10:00:00+00:00,17.55,62.89235,0.0,1020.1803
2023-06-07 11:00:00+00:00,18.9,60.13695,0.0,1019.88983
2023-06-07 12:00:00+00:00,17.65,62.70572,0.0,1020.0811
2023-06-07 13:00:00+00:00,19.0,59.961437,0.0,1019.591
2023-06-07 14:00:00+00:00,19.85,58.401676,0.0,1019.0974
2023-06-07 15:00:00+00:00,20.35,56.998463,0.0,1018.6015
2023-06-07 16:00:00+00:00,20.35,56.998463,0.0,1018.2022
2023-06-07 17:00:00+00:00,19.65,59.326538,0.0,1017.99817
2023-06-07 18:00:00+00:00,17.9,65.312546,0.0,1018.0864
2023-06-07 19:00:00+00:00,15.35,72.5819,0.0,1018.56866
2023-06-07 20:00:00+00:00,13.75,76.03204,0.0,1019.0571
2023-06-07 21:00:00+00:00,12.35,78.94394,0.0,1019.54663
2023-06-07 22:00:00+00:00,11.2,81.22283,0.0,1019.53864
2023-06-07 23:00:00+00:00,10.35,82.78765,0.0,1019.5329
2023-06-08 00:00:00+00:00,9.9,85.60678,0.0,1019.2302
2023-06-08 01:00:00+00:00,9.45,87.630196,0.0,1018.8278
2023-06-08 02:00:00+00:00,9.05,90.32882,0.0,1018.6253
2023-06-08 03:00:00+00:00,8.75,92.491104,0.0,1018.52356
2023-06-08 04:00:00+00:00,8.5,94.068275,0.0,1018.422
2023-06-08 05:00:00+00:00,9.3,90.347084,0.0,1018.228
2023-06-08 06:00:00+00:00,10.75,83.97053,0.0,1017.93854
2023-06-08 07:00:00+00:00,12.45,77.636375,0.0,1017.85046
2023-06-08 08:00:00+00:00,14.1,73.33341,0.0,1017.662
2023-06-08 09:00:00+00:00,15.85,68.90133,0.0,1017.47424
2023-06-08 10:00:00+00:00,17.4,64.34242,0.0,1017.18494
2023-06-08 11:00:00+00:00,18.8,60.513714,0.0,1016.7949
2023-06-08 12:00:00+00:00,19.8,57.43069,0.0,1016.3023
2023-06-08 13:00:00+00:00,20.3,55.129513,0.0,1015.9061
2023-06-08 14:00:00+00:00,20.9,52.77659,0.0,1015.31116
2023-06-08 15:00:00+00:00,21.1,52.65374,0.0,1014.8134
2023-06-08 16:00:00+00:00,20.9,52.427036,0.0,1014.4128
2023-06-08 17:00:00+00:00,19.95,56.335957,0.0,1014.1073
2023-06-08 18:00:00+00:00,18.45,61.24025,0.0,1013.9976
2023-06-08 19:00:00+00:00,16.9,64.01743,0.0,1014.18744
2023-06-08 20:00:00+00:00,15.2,66.71959,0.0,1014.57526
2023-06-08 21:00:00+00:00,13.85,68.72962,0.0,1015.06537
2023-06-08 22:00:00+00:00,12.8,70.654434,0.0,1015.0581
2023-06-08 23:00:00+00:00,12.05,74.2196,0.0,1014.75354
2023-06-09 00:00:00+00:00,11.5,78.01799,0.0,1014.3505
2023-06-09 01:00:00+00:00,11.05,82.59355,0.0,1014.0482
2023-06-09 02:00:00+00:00,10.9,83.13751,0.0,1013.648
2023-06-09 03:00:00+00:00,10.8,83.97633,0.0,1013.148
2023-06-09 04:00:00+00:00,10.75,84.82949,0.0,1012.9482
2023-06-09 05:00:00+00:00,11.5,83.77415,0.0,1012.95325
2023-06-09 06:00:00+00:00,12.95,80.63997,0.0,1013.0632
2023-06-09 07:00:00+00:00,14.9,75.96607,0.0,1013.0762
2023-06-09 08:00:00+00:00,17.0,70.51615,0.0,1012.7907
2023-06-09 09:00:00+00:00,18.95,65.970024,0.0,1012.60376
2023-06-09 10:00:00+00:00,20.55,62.741817,0.0,1012.2147
2023-06-09 11:00:00+00:00,21.85,60.044056,0.0,1011.82367
2023-06-09 12:00:00+00:00,22.95,57.078476,0.0,1011.5312
2023-06-09 13:00:00+00:00,23.45,54.665585,0.0,1011.3347
2023-06-09 14:00:00+00:00,23.9,53.55068,0.0,1011.13794
2023-06-09 15:00:00+00:00,23.85,53.19138,0.0,1010.83813
2023-06-09 16:00:00+00:00,23.45,53.78447,0.0,1010.7358
2023-06-09 17:00:00+00:00,22.7,55.552494,0.0,1010.7311
2023-06-09 18:00:00+00:00,21.75,58.66844,0.0,1011.02454
2023-06-09 19:00:00+00:00,20.75,64.23268,0.0,1011.118
2023-06-09 20:00:00+00:00,19.1,71.37664,0.0,1011.3071
2023-06-09 21:00:00+00:00,17.75,77.42525,0.0,1011.5978
2023-06-09 22:00:00+00:00,16.8,80.89159,0.0,1011.69116
2023-06-09 23:00:00+00:00,15.95,83.19099,0.0,1011.4862
2023-06-10 00:00:00+00:00,15.3,86.16138,0.0,1011.58154
2023-06-10 01:00:00+00:00,15.3,84.4869,0.0,1011.48175
2023-06-10 02:00:00+00:00,14.9,85.2783,0.0,1011.17975
2023-06-10 03:00:00+00:00,14.45,87.215126,0.0,1010.97705
2023-06-10 04:00:00+00:00,14.1,88.919975,0.0,1011.0745
2023-06-10 05:00:00+00:00,15.15,85.02576,0.0,1010.98175
2023-06-10 06:00:00+00:00,16.95,80.12585,0.0,1010.6943
2023-06-10 07:00:00+00:00,19.4,72.36305,0.0,1010.9098
2023-06-10 08:00:00+00:00,21.75,65.07609,0.0,1010.9247
2023-06-10 09:00:00+00:00,23.8,59.53776,0.0,1011.1373
2023-06-10 10:00:00+00:00,25.45,54.46553,0.0,1011.2476
2023-06-10 11:00:00+00:00,26.7,50.58394,0.0,1011.0556
2023-06-10 12:00:00+00:00,28.1,43.700268,0.0,1011.16394
2023-06-10 13:00:00+00:00,28.35,39.073124,0.0,1010.9658
2023-06-10 14:00:00+00:00,28.4,38.0783,0.0,1010.76654
2023-06-10 15:00:00+00:00,28.15,39.145134,0.0,1010.6652
2023-06-10 16:00:00+00:00,27.55,41.88471,0.0,1010.6614
2023-06-10 17:00:00+00:00,26.5,46.620644,0.0,1010.8546
2023-06-10 18:00:00+00:00,24.75,52.566147,0.0,1011.24316
2023-06-10 19:00:00+00:00,23.1,56.015015,0.0,1011.4323
2023-06-10 20:00:00+00:00,21.05,60.840782,0.0,1011.9184
2023-06-10 21:00:00+00:00,19.35,65.83899,0.0,1012.3068
2023-06-10 22:00:00+00:00,18.2,69.140495,0.0,1012.4989
2023-06-10 23:00:00+00:00,17.45,72.482925,0.0,1012.594
2023-06-11 00:00:00+00:00,16.6,79.8167,0.0,1012.5882
2023-06-11 01:00:00+00:00,16.2,79.239876,0.0,1012.1864
2023-06-11 02:00:00+00:00,16.25,78.47154,0.0,1011.8873
2023-06-11 03:00:00+00:00,15.65,81.003395,0.0,1011.58405
2023-06-11 04:00:00+00:00,15.45,80.97679,0.0,1011.6823
2023-06-11 05:00:00+00:00,16.35,77.209435,0.0,1011.78815
2023-06-11 06:00:00+00:00,17.85,72.79279,0.0,1011.79803
2023-06-11 07:00:00+00:00,20.1,67.955185,0.0,1011.81256
2023-06-11 08:00:00+00:00,22.45,63.77793,0.0,1011.9273
2023-06-11 09:00:00+00:00,24.4,58.733124,0.0,1011.8398
2023-06-11 10:00:00+00:00,26.1,55.152733,0.0,1011.7504
2023-06-11 11:00:00+00:00,27.5,51.2792,0.0,1011.759
2023-06-11 12:00:00+00:00,28.2,46.77798,0.0,1011.9631
2023-06-11 13:00:00+00:00,29.3,41.96062,0.0,1011.4707
2023-06-11 14:00:00+00:00,29.9,39.887486,0.0,1011.27454
2023-06-11 15:00:00+00:00,28.7,36.451893,0.0,1011.2676
2023-06-11 16:00:00+00:00,28.3,36.340054,0.0,1011.0655
2023-06-11 17:00:00+00:00,27.6,42.309353,0.0,1011.2606
2023-06-11 18:00:00+00:00,26.25,50.79148,0.0,1011.5518
2023-06-11 19:00:00+00:00,23.85,68.26879,0.0,1011.73645
2023-06-11 20:00:00+00:00,22.45,74.76795,0.0,1012.12695
2023-06-11 21:00:00+00:00,20.7,84.80215,0.0,1012.6149
2023-06-11 22:00:00+00:00,18.75,93.03488,0.0,1012.8022
2023-06-11 23:00:00+00:00,17.55,92.677376,0.0,1012.7942
2023-06-12 00:00:00+00:00,17.55,85.830215,0.0,1012.5946
2023-06-12 01:00:00+00:00,16.5,91.144356,0.0,1012.6874
2023-06-12 02:00:00+00:00,16.65,88.2676,0.0,1012.1893
2023-06-12 03:00:00+00:00,16.4,89.97136,0.0,1012.08795
2023-06-12 04:00:00+00:00,15.95,92.88866,0.0,1012.085
2023-06-12 05:00:00+00:00,16.65,91.447334,0.0,1012.58856
2023-06-12 06:00:00+00:00,18.0,90.95194,0.0,1012.7971
2023-06-12 07:00:00+00:00,20.15,82.106346,0.0,1012.9109
2023-06-12 08:00:00+00:00,21.8,77.78813,0.0,1012.8216
2023-06-12 09:00:00+00:00,23.55,70.83848,0.0,1012.83264
2023-06-12 10:00:00+00:00,25.05,64.74778,0.0,1012.7423
2023-06-12 11:00:00+00:00,26.05,60.63242,0.1,1012.54877
2023-06-12 12:00:00+00:00,26.2,60.666744,0.0,1012.8492
2023-06-12 13:00:00+00:00,26.85,59.496376,0.1,1012.55383
2023-06-12 14:00:00+00:00,26.55,60.177807,1.9,1012.452
2023-06-12 15:00:00+00:00,24.5,64.02075,2.2,1012.53925
2023-06-12 16:00:00+00:00,24.85,64.9092,0.7,1012.24194
2023-06-12 17:00:00+00:00,25.25,65.198235,0.0,1012.14465
2023-06-12 18:00:00+00:00,24.15,68.11344,0.7,1012.7366
2023-06-12 19:00:00+00:00,23.6,69.96187,0.0,1012.8329
2023-06-12 20:00:00+00:00,21.6,71.15189,0.0,1013.0199
2023-06-12 21:00:00+00:00,19.6,73.57632,0.0,1013.00726
2023-06-12 22:00:00+00:00,17.7,75.92114,0.0,1013.1944
2023-06-12 23:00:00+00:00,16.25,80.02926,0.0,1013.1849
2023-06-13 00:00:00+00:00,15.45,80.1816,0.0,1013.07965
2023-06-13 01:00:00+00:00,14.3,83.543686,0.0,1012.77264
2023-06-13 02:00:00+00:00,13.65,82.36471,0.0,1012.3689
2023-06-13 03:00:00+00:00,13.6,72.017365,0.0,1011.96936
2023-06-13 04:00:00+00:00,13.1,72.16863,0.0,1011.96625
2023-06-13 05:00:00+00:00,14.05,75.57317,0.0,1011.87274
2023-06-13 06:00:00+00:00,15.45,77.83713,0.0,1012.18134
2023-06-13 07:00:00+00:00,17.15,76.57929,0.0,1011.9932
2023-06-13 08:00:00+00:00,19.4,71.432236,0.0,1011.9079
2023-06-13 09:00:00+00:00,21.75,64.45029,0.0,1011.92285
2023-06-13 10:00:00+00:00,23.8,58.214947,0.0,1011.7362
2023-06-13 11:00:00+00:00,25.25,48.91791,0.0,1011.74536
2023-06-13 12:00:00+00:00,26.75,39.398613,0.0,1011.65485
2023-06-13 13:00:00+00:00,27.0,35.73665,0.0,1011.8561
2023-06-13 14:00:00+00:00,26.4,35.806515,0.0,1011.8522
2023-06-13 15:00:00+00:00,25.85,33.894855,0.0,1011.9485
2023-06-13 16:00:00+00:00,25.3,33.397705,0.0,1012.145
2023-06-13 17:00:00+00:00,24.25,37.035046,0.0,1012.4378
2023-06-13 18:00:00+00:00,23.3,42.08677,0.0,1012.4318
2023-06-13 19:00:00+00:00,22.0,46.46566,0.0,1012.6231
2023-06-13 20:00:00+00:00,19.8,53.19644,0.0,1013.208
2023-06-13 21:00:00+00:00,17.95,56.971596,0.0,1013.9945
2023-06-13 22:00:00+00:00,16.25,58.899815,0.0,1014.3826
2023-06-13 23:00:00+00:00,14.95,58.781757,0.0,1014.8731
2023-06-14 00:00:00+00:00,13.75,58.891186,0.0,1014.7653
2023-06-14 01:00:00+00:00,12.5,61.722286,0.0,1014.9564
2023-06-14 02:00:00+00:00,11.7,68.52528,0.0,1014.951
2023-06-14 03:00:00+00:00,11.1,78.75878,0.0,1014.5476
2023-06-14 04:00:00+00:00,10.75,87.45308,0.0,1014.7447
2023-06-14 05:00:00+00:00,11.8,87.54994,0.0,1014.75195
2023-06-14 06:00:00+00:00,13.55,83.17832,0.0,1015.0632
2023-06-14 07:00:00+00:00,15.9,76.88564,0.0,1015.2786
2023-06-14 08:00:00+00:00,18.35,70.77307,0.0,1015.49426
2023-06-14 09:00:00+00:00,20.75,64.65114,0.0,1015.5098
2023-06-14 10:00:00+00:00,23.0,58.022327,0.0,1015.52423
2023-06-14 11:00:00+00:00,24.6,52.868374,0.0,1015.3347
2023-06-14 12:00:00+00:00,25.9,42.253056,0.0,1015.143
2023-06-14 13:00:00+00:00,26.55,36.08893,0.0,1015.04736
2023-06-14 14:00:00+00:00,26.7,35.061493,0.0,1015.04834
2023-06-14 15:00:00+00:00,26.5,36.681446,0.0,1015.047
2023-06-14 16:00:00+00:00,25.35,39.6605,0.0,1015.23956
2023-06-14 17:00:00+00:00,24.2,41.917973,0.0,1015.43195
2023-06-14 18:00:00+00:00,22.85,46.08191,0.0,1015.72284
2023-06-14 19:00:00+00:00,21.15,53.901913,0.0,1016.1112
2023-06-14 20:00:00+00:00,19.15,60.59611,0.0,1016.5976
2023-06-14 21:00:00+00:00,17.5,67.201614,0.0,1017.18555
2023-06-14 22:00:00+00:00,16.25,72.26471,0.0,1017.5766
2023-06-14 23:00:00+00:00,15.2,77.02999,0.0,1017.6694
2023-06-15 00:00:00+00:00,13.95,85.17726,0.0,1017.9605
2023-06-15 01:00:00+00:00,12.85,90.30146,0.0,1018.0526
2023-06-15 02:00:00+00:00,12.15,92.68283,0.0,1018.0479
2023-06-15 03:00:00+00:00,11.6,94.521675,0.0,1018.0444
2023-06-15 04:00:00+00:00,11.6,94.521675,0.0,1018.0444
2023-06-15 05:00:00+00:00,13.0,89.7167,0.0,1018.15375
2023-06-15 06:00:00+00:00,14.75,83.32151,0.0,1018.2654
2023-06-15 07:00:00+00:00,16.8,77.02663,0.0,1018.3786
2023-06-15 08:00:00+00:00,19.0,70.43591,0.0,1018.5929
2023-06-15 09:00:00+00:00,21.0,64.07913,0.0,1018.5058
2023-06-15 10:00:00+00:00,22.75,57.2149,0.0,1018.41724
2023-06-15 11:00:00+00:00,24.15,47.832966,0.0,1018.3263
2023-06-15 12:00:00+00:00,25.0,41.586586,0.0,1018.3317
2023-06-15 13:00:00+00:00,25.65,38.960014,0.0,1018.03644
2023-06-15 14:00:00+00:00,25.9,38.77183,0.0,1017.83813
2023-06-15 15:00:00+00:00,25.7,38.586834,0.0,1017.7373
2023-06-15 16:00:00+00:00,25.2,38.703735,0.0,1017.63434
2023-06-15 17:00:00+00:00,24.7,37.920563,0.0,1017.5313
2023-06-15 18:00:00+00:00,23.45,41.567833,0.0,1017.6231
2023-06-15 19:00:00+00:00,21.8,49.121292,0.0,1018.01196
2023-06-15 20:00:00+00:00,19.65,57.20351,0.0,1018.4972
2023-06-15 21:00:00+00:00,18.0,66.203766,0.0,1018.7859
2023-06-15 22:00:00+00:00,16.55,72.31949,0.0,1018.8761
2023-06-15 23:00:00+00:00,15.25,76.528984,0.0,1018.86743
2023-06-16 00:00:00+00:00,14.05,82.14181,0.0,1019.0591
2023-06-16 01:00:00+00:00,12.7,89.39665,0.0,1018.94995
2023-06-16 02:00:00+00:00,12.35,91.169334,0.0,1018.74817
2023-06-16 03:00:00+00:00,12.1,92.37281,0.0,1018.5466
2023-06-16 04:00:00+00:00,11.95,92.67176,0.0,1018.44586
2023-06-16 05:00:00+00:00,13.4,84.83614,0.0,1018.45575
2023-06-16 06:00:00+00:00,15.2,77.02999,0.0,1018.4679
2023-06-16 07:00:00+00:00,17.45,68.99185,0.0,1018.6825
2023-06-16 08:00:00+00:00,19.75,58.57086,0.0,1018.6975
2023-06-16 09:00:00+00:00,21.55,48.89054,0.0,1018.4095
2023-06-16 10:00:00+00:00,22.9,42.828995,0.0,1018.3183
2023-06-16 11:00:00+00:00,23.8,38.959602,0.0,1018.12445
2023-06-16 12:00:00+00:00,24.4,37.203007,0.0,1017.72894
2023-06-16 13:00:00+00:00,25.05,36.272045,0.0,1017.3339
2023-06-16 14:00:00+00:00,25.3,35.856712,0.0,1016.7366
2023-06-16 15:00:00+00:00,25.5,35.076412,0.0,1016.33856
2023-06-16 16:00:00+00:00,25.4,34.694798,0.0,1015.93866
2023-06-16 17:00:00+00:00,25.35,35.152485,0.0,1015.53906
2023-06-16 18:00:00+00:00,24.9,35.382683,0.0,1015.0372
2023-06-16 19:00:00+00:00,22.0,47.72386,0.0,1015.2183
2023-06-16 20:00:00+00:00,18.6,58.290947,0.0,1015.49615
2023-06-16 21:00:00+00:00,17.0,64.90057,0.0,1015.8849
2023-06-16 22:00:00+00:00,15.8,74.864426,0.0,1016.3759
2023-06-16 23:00:00+00:00,15.0,80.384415,0.0,1016.0711
2023-06-17 00:00:00+00:00,14.1,82.694534,0.0,1015.566
2023-06-17 01:00:00+00:00,13.35,83.98878,0.0,1015.1616
2023-06-17 02:00:00+00:00,12.85,85.059044,0.0,1014.8587
2023-06-17 03:00:00+00:00,12.4,86.44318,0.0,1014.25714
2023-06-17 04:00:00+00:00,12.25,87.29913,0.0,1013.8569
2023-06-17 05:00:00+00:00,13.3,83.148254,0.0,1013.66425
2023-06-17 06:00:00+00:00,14.9,75.96607,0.2,1013.87463
2023-06-17 07:00:00+00:00,16.4,72.77184,0.7,1013.5851
2023-06-17 08:00:00+00:00,17.7,69.269264,0.0,1013.39404
2023-06-17 09:00:00+00:00,20.0,64.2779,0.0,1013.00977
2023-06-17 10:00:00+00:00,21.7,57.330975,0.0,1012.82086
2023-06-17 11:00:00+00:00,23.1,52.653152,0.0,1012.3307
2023-06-17 12:00:00+00:00,22.6,54.628624,0.0,1012.2277
2023-06-17 13:00:00+00:00,23.8,51.307453,0.0,1011.83606
2023-06-17 14:00:00+00:00,24.05,51.03922,0.2,1011.5382
2023-06-17 15:00:00+00:00,21.7,66.33334,1.0,1012.2219
2023-06-17 16:00:00+00:00,22.6,59.831898,0.0,1011.02997
2023-06-17 17:00:00+00:00,22.65,60.23141,0.0,1010.83057
2023-06-17 18:00:00+00:00,22.35,61.141468,0.0,1010.4294
2023-06-17 19:00:00+00:00,21.75,64.6583,0.0,1010.1262
2023-06-17 20:00:00+00:00,20.1,69.28829,0.0,1010.2155
2023-06-17 21:00:00+00:00,18.8,71.55336,0.0,1010.5067
2023-06-17 22:00:00+00:00,17.7,73.96554,0.0,1010.39966
2023-06-17 23:00:00+00:00,17.05,76.06423,0.0,1010.0961
2023-06-18 00:00:00+00:00,16.2,79.239876,0.0,1009.6911
2023-06-18 01:00:00+00:00,15.3,85.88029,0.0,1008.9865
2023-06-18 02:00:00+00:00,15.8,83.445366,0.0,1008.39105
2023-06-18 03:00:00+00:00,15.6,87.0377,0.0,1008.28973
2023-06-18 04:00:00+00:00,15.2,90.46902,0.0,1008.1873
2023-06-18 05:00:00+00:00,15.85,88.48572,0.0,1008.092
2023-06-18 06:00:00+00:00,17.45,83.90747,0.0,1008.2022
2023-06-18 07:00:00+00:00,18.8,82.20074,1.0,1008.0114
2023-06-18 08:00:00+00:00,19.1,84.361465,2.0,1007.7138
2023-06-18 09:00:00+00:00,20.3,81.34869,0.0,1007.2223
2023-06-18 10:00:00+00:00,22.9,74.60761,0.0,1007.2387
2023-06-18 11:00:00+00:00,22.45,71.08297,2.3,1007.23596
2023-06-18 12:00:00+00:00,23.25,65.18731,0.3,1007.04144
2023-06-18 13:00:00+00:00,24.55,54.76563,0.0,1006.4506
2023-06-18 14:00:00+00:00,22.35,69.281685,0.0,1006.1373
2023-06-18 15:00:00+00:00,22.55,68.88133,0.0,1005.8392
2023-06-18 16:00:00+00:00,21.15,73.140915,0.2,1005.73047
2023-06-18 17:00:00+00:00,20.25,79.05145,1.0,1005.52527
2023-06-18 18:00:00+00:00,19.2,87.36915,5.7,1004.9198
2023-06-18 19:00:00+00:00,18.65,87.04211,2.7,1005.3156
2023-06-18 20:00:00+00:00,18.0,91.82313,1.5,1005.1115
2023-06-18 21:00:00+00:00,17.65,92.682785,0.2,1005.3089
2023-06-18 22:00:00+00:00,17.2,93.549324,0.0,1005.5058
2023-06-18 23:00:00+00:00,16.45,94.416565,0.0,1005.80005
2023-06-19 00:00:00+00:00,15.55,95.60327,0.0,1006.5925
2023-06-19 01:00:00+00:00,15.15,95.899155,0.0,1006.7897
2023-06-19 02:00:00+00:00,14.8,95.88821,0.0,1006.9871
2023-06-19 03:00:00+00:00,14.45,94.63918,0.0,1007.4837
2023-06-19 04:00:00+00:00,14.05,94.31469,0.0,1007.9802
2023-06-19 05:00:00+00:00,14.7,92.520386,0.0,1008.4837
2023-06-19 06:00:00+00:00,15.9,90.22589,0.0,1008.8907
2023-06-19 07:00:00+00:00,17.7,81.799385,0.0,1009.0023
2023-06-19 08:00:00+00:00,18.5,78.800514,0.1,1009.20734
2023-06-19 09:00:00+00:00,20.05,69.72811,0.2,1009.21704
2023-06-19 10:00:00+00:00,20.9,65.952545,0.3,1009.32227
2023-06-19 11:00:00+00:00,21.95,60.067535,0.2,1009.22906
2023-06-19 12:00:00+00:00,22.1,59.135464,0.0,1009.32983
2023-06-19 13:00:00+00:00,22.5,56.968117,0.1,1009.13275
2023-06-19 14:00:00+00:00,22.6,56.992664,0.0,1009.1335
2023-06-19 15:00:00+00:00,22.85,57.053978,0.0,1008.7357
2023-06-19 16:00:00+00:00,22.5,57.713676,0.0,1008.434
2023-06-19 17:00:00+00:00,22.15,57.628513,0.0,1008.3321
2023-06-19 18:00:00+00:00,21.4,60.922035,0.0,1008.42706
2023-06-19 19:00:00+00:00,20.35,69.1136,0.0,1008.81976
2023-06-19 20:00:00+00:00,18.6,78.05675,0.0,1009.40753
2023-06-19 21:00:00+00:00,16.6,87.41292,0.0,1009.5939
2023-06-19 22:00:00+00:00,15.35,92.257355,0.0,1009.28625
2023-06-19 23:00:00+00:00,14.85,93.434944,0.0,1008.88385
2023-06-20 00:00:00+00:00,16.1,92.300446,0.0,1008.5926
2023-06-20 01:00:00+00:00,15.6,93.170494,0.0,1008.1899
2023-06-20 02:00:00+00:00,14.8,95.578186,0.0,1007.0869
2023-06-20 03:00:00+00:00,15.1,94.97216,0.0,1006.8892
2023-06-20 04:00:00+00:00,15.85,90.807755,2.9,1006.2954
2023-06-20 05:00:00+00:00,16.4,90.55296,0.0,1005.69995
2023-06-20 06:00:00+00:00,17.45,90.33641,0.0,1004.90845
2023-06-20 07:00:00+00:00,18.95,85.15443,0.0,1005.01794
2023-06-20 08:00:00+00:00,18.75,89.57299,2.7,1005.0168
2023-06-20 09:00:00+00:00,19.9,83.9165,0.1,1004.9241
2023-06-20 10:00:00+00:00,20.0,82.871925,0.1,1005.02466
2023-06-20 11:00:00+00:00,21.6,73.68598,0.0,1004.7352
2023-06-20 12:00:00+00:00,22.45,68.64302,0.0,1004.6408
2023-06-20 13:00:00+00:00,21.7,70.26853,0.0,1005.0353
2023-06-20 14:00:00+00:00,21.65,69.14564,0.1,1005.1349
2023-06-20 15:00:00+00:00,22.25,67.73397,0.0,1005.23834
2023-06-20 16:00:00+00:00,22.55,62.985783,0.0,1005.6396
2023-06-20 17:00:00+00:00,22.45,59.990364,0.0,1006.13806
2023-06-20 18:00:00+00:00,21.85,61.224285,0.0,1006.33386
2023-06-20 19:00:00+00:00,21.0,66.1871,0.0,1006.9273
2023-06-20 20:00:00+00:00,19.35,74.00914,0.0,1007.5158
2023-06-20 21:00:00+00:00,17.8,82.07632,0.0,1008.404
2023-06-20 22:00:00+00:00,16.8,87.71339,0.0,1008.69684
2023-06-20 23:00:00+00:00,16.05,90.821335,0.0,1009.4906
2023-06-21 00:00:00+00:00,15.55,92.56772,0.0,1009.7865
2023-06-21 01:00:00+00:00,15.2,94.05911,0.0,1010.2834
2023-06-21 02:00:00+00:00,14.8,95.88821,0.0,1010.5803
2023-06-21 03:00:00+00:00,15.1,96.20782,0.0,1010.9815
2023-06-21 04:00:00+00:00,15.35,95.59658,0.0,1011.5819
2023-06-21 05:00:00+00:00,16.0,91.40613,0.0,1012.28503
2023-06-21 06:00:00+00:00,17.05,84.13356,0.0,1012.7911
2023-06-21 07:00:00+00:00,18.2,77.997055,0.0,1013.29736
2023-06-21 08:00:00+00:00,19.2,72.79689,0.0,1013.8032
2023-06-21 09:00:00+00:00,19.8,69.229614,0.1,1014.1064
2023-06-21 10:00:00+00:00,21.2,62.27804,0.1,1014.5146
2023-06-21 11:00:00+00:00,22.3,56.364994,0.1,1014.6214
2023-06-21 12:00:00+00:00,22.5,54.961384,0.2,1015.02185
2023-06-21 13:00:00+00:00,22.95,52.44232,0.1,1015.0248
2023-06-21 14:00:00+00:00,23.3,51.512547,0.2,1015.02704
2023-06-21 15:00:00+00:00,23.45,51.5518,0.1,1015.0279
2023-06-21 16:00:00+00:00,23.35,52.717808,0.1,1015.22687
2023-06-21 17:00:00+00:00,22.85,54.51382,0.0,1015.3236
2023-06-21 18:00:00+00:00,22.35,56.561466,0.0,1015.22046
2023-06-21 19:00:00+00:00,21.3,64.14477,0.0,1015.6131
2023-06-21 20:00:00+00:00,19.35,74.48809,0.0,1015.70044
2023-06-21 21:00:00+00:00,18.25,80.56252,0.0,1016.59155
2023-06-21 22:00:00+00:00,17.4,85.53939,0.0,1016.6859
2023-06-21 23:00:00+00:00,16.9,88.288864,0.0,1016.68274
2023-06-22 00:00:00+00:00,16.1,90.24024,0.0,1016.77716
2023-06-22 01:00:00+00:00,14.75,94.65132,0.0,1016.868
2023-06-22 02:00:00+00:00,14.15,96.18026,0.0,1016.8639
2023-06-22 03:00:00+00:00,13.65,97.74727,0.0,1016.86035
2023-06-22 04:00:00+00:00,13.3,99.349976,0.0,1016.65857
2023-06-22 05:00:00+00:00,14.45,97.76109,0.0,1016.96564
2023-06-22 06:00:00+00:00,16.05,92.000656,0.0,1016.97644
2023-06-22 07:00:00+00:00,17.9,85.86556,0.0,1016.48944
2023-06-22 08:00:00+00:00,20.0,79.26792,0.0,1016.603
2023-06-22 09:00:00+00:00,21.85,65.72834,0.0,1016.61475
2023-06-22 10:00:00+00:00,23.05,57.28819,0.0,1016.4227
2023-06-22 11:00:00+00:00,23.95,50.186886,0.0,1016.4285
2023-06-22 12:00:00+00:00,25.2,42.90029,0.0,1016.0373
2023-06-22 13:00:00+00:00,26.15,39.23038,0.0,1015.6437
2023-06-22 14:00:00+00:00,26.4,37.021576,0.0,1015.64526
2023-06-22 15:00:00+00:00,26.3,37.99152,0.0,1015.64465
2023-06-22 16:00:00+00:00,26.2,39.24442,0.0,1015.8437
2023-06-22 17:00:00+00:00,25.0,44.13621,0.0,1016.4352
2023-06-22 18:00:00+00:00,23.25,56.783226,0.0,1016.92316
2023-06-22 19:00:00+00:00,22.65,63.413723,0.0,1017.5182
2023-06-22 20:00:00+00:00,20.9,72.16838,0.0,1017.9063
2023-06-22 21:00:00+00:00,19.25,75.43785,0.0,1018.6943
2023-06-22 22:00:00+00:00,17.65,78.16805,0.0,1019.2826
2023-06-22 23:00:00+00:00,16.2,86.25077,0.0,1019.47266
2023-06-23 00:00:00+00:00,17.2,82.00106,0.0,1019.37964
2023-06-23 01:00:00+00:00,16.4,86.55037,0.0,1019.6736
2023-06-23 02:00:00+00:00,15.35,91.36465,0.0,1019.86615
2023-06-23 03:00:00+00:00,14.7,93.12431,0.0,1019.86206
2023-06-23 04:00:00+00:00,14.6,94.953094,0.0,1020.55975
2023-06-23 05:00:00+00:00,15.95,94.39557,0.0,1021.06805
2023-06-23 06:00:00+00:00,17.1,91.47565,0.0,1021.1755
2023-06-23 07:00:00+00:00,18.7,84.857155,0.0,1021.6851
2023-06-23 08:00:00+00:00,20.2,77.548386,0.0,1021.6947
2023-06-23 09:00:00+00:00,22.0,66.82262,0.0,1021.80615
2023-06-23 10:00:00+00:00,23.1,57.30038,0.0,1021.7133
2023-06-23 11:00:00+00:00,23.9,51.50127,0.0,1021.8183
2023-06-23 12:00:00+00:00,23.6,52.954525,0.0,1022.1158
2023-06-23 13:00:00+00:00,24.4,49.01007,0.0,1021.92126
2023-06-23 14:00:00+00:00,25.2,43.7573,0.0,1021.627
2023-06-23 15:00:00+00:00,25.7,41.370323,0.0,1021.5304
2023-06-23 16:00:00+00:00,25.6,42.169586,0.0,1021.42993
2023-06-23 17:00:00+00:00,25.4,43.382362,0.0,1021.3288
2023-06-23 18:00:00+00:00,24.75,45.54287,0.0,1021.5243
2023-06-23 19:00:00+00:00,22.7,57.57518,0.0,1021.61096
2023-06-23 20:00:00+00:00,21.1,64.936646,0.0,1022.00006
2023-06-23 21:00:00+00:00,19.4,73.06817,0.0,1022.38837
2023-06-23 22:00:00+00:00,18.2,79.26735,0.0,1022.3804
2023-06-23 23:00:00+00:00,17.35,84.43905,0.0,1022.4747
2023-06-24 00:00:00+00:00,16.75,86.86417,0.0,1022.5703
2023-06-24 01:00:00+00:00,16.25,89.381424,0.0,1022.46735
2023-06-24 02:00:00+00:00,15.65,92.87274,0.0,1022.2638
2023-06-24 03:00:00+00:00,15.2,94.97596,0.0,1022.2606
2023-06-24 04:00:00+00:00,14.85,96.51225,0.0,1022.2584
2023-06-24 05:00:00+00:00,15.8,93.18069,0.0,1022.5643
2023-06-24 06:00:00+00:00,17.6,85.559975,0.0,1022.5762
2023-06-24 07:00:00+00:00,19.95,75.79437,0.0,1022.6913
2023-06-24 08:00:00+00:00,21.65,70.03515,0.0,1022.5027
2023-06-24 09:00:00+00:00,22.3,69.492744,0.0,1022.30707
2023-06-24 10:00:00+00:00,22.7,68.69218,0.1,1022.01025
2023-06-24 11:00:00+00:00,23.7,64.86962,0.1,1021.7172
2023-06-24 12:00:00+00:00,25.1,58.712,0.0,1021.32684
2023-06-24 13:00:00+00:00,25.55,56.43821,0.0,1020.9305
2023-06-24 14:00:00+00:00,26.1,53.422104,0.0,1020.5344
2023-06-24 15:00:00+00:00,26.1,53.08178,0.0,1020.03534
2023-06-24 16:00:00+00:00,26.2,52.432472,0.0,1019.537
2023-06-24 17:00:00+00:00,26.3,50.641735,0.0,1019.03845
2023-06-24 18:00:00+00:00,25.95,52.368286,0.0,1018.7367
2023-06-24 19:00:00+00:00,24.65,62.849712,0.0,1018.52924
2023-06-24 20:00:00+00:00,22.65,71.34521,0.0,1018.3167
2023-06-24 21:00:00+00:00,20.8,77.147316,0.0,1018.10535
2023-06-24 22:00:00+00:00,19.6,80.48546,0.0,1017.7983
2023-06-24 23:00:00+00:00,18.8,80.3779,0.0,1017.59344
2023-06-25 00:00:00+00:00,17.7,80.228584,0.0,1016.9873
2023-06-25 01:00:00+00:00,16.75,83.55628,0.0,1016.5816
2023-06-25 02:00:00+00:00,15.95,86.22601,0.0,1015.9777
2023-06-25 03:00:00+00:00,14.95,86.40894,0.0,1015.37213
2023-06-25 04:00:00+00:00,14.95,82.79857,0.0,1014.97296
2023-06-25 05:00:00+00:00,17.7,73.48363,0.0,1014.79144
2023-06-25 06:00:00+00:00,20.0,71.082924,0.0,1014.3073
2023-06-25 07:00:00+00:00,22.35,66.89454,0.0,1013.8231
2023-06-25 08:00:00+00:00,24.5,58.94481,0.0,1013.33777
2023-06-25 09:00:00+00:00,26.1,54.80272,0.0,1012.7486
2023-06-25 10:00:00+00:00,27.35,49.158916,0.0,1012.3573
2023-06-25 11:00:00+00:00,28.0,45.686943,0.0,1011.86206
2023-06-25 12:00:00+00:00,28.9,41.313637,0.0,1011.26855
2023-06-25 13:00:00+00:00,29.05,40.824306,0.0,1010.77026
2023-06-25 14:00:00+00:00,28.95,41.46108,0.0,1010.3704
2023-06-25 15:00:00+00:00,28.0,45.248615,0.0,1010.16516
2023-06-25 16:00:00+00:00,27.4,41.97975,0.0,1009.86224
2023-06-25 17:00:00+00:00,25.75,53.162605,0.0,1009.5527
2023-06-25 18:00:00+00:00,24.15,58.67365,0.0,1009.9417
2023-06-25 19:00:00+00:00,23.0,63.08568,0.0,1010.4336
2023-06-25 20:00:00+00:00,20.85,68.989105,0.1,1011.2184
2023-06-25 21:00:00+00:00,19.65,57.20351,0.0,1012.5084
2023-06-25 22:00:00+00:00,17.95,59.31251,0.0,1013.196
2023-06-25 23:00:00+00:00,16.6,64.38049,0.0,1013.6861
2023-06-26 00:00:00+00:00,15.85,71.474976,0.0,1014.1805
2023-06-26 01:00:00+00:00,15.15,77.02215,0.0,1014.5749
2023-06-26 02:00:00+00:00,14.55,81.12462,0.0,1014.8702
2023-06-26 03:00:00+00:00,13.95,85.17726,0.0,1015.1658
2023-06-26 04:00:00+00:00,13.55,88.29029,0.0,1015.66205
2023-06-26 05:00:00+00:00,14.3,84.93409,0.0,1016.06635
2023-06-26 06:00:00+00:00,15.75,76.10426,0.0,1016.5753
2023-06-26 07:00:00+00:00,17.0,69.58986,0.0,1017.08264
2023-06-26 08:00:00+00:00,18.1,62.392006,0.0,1017.2893
2023-06-26 09:00:00+00:00,19.5,54.560024,0.0,1017.39825
2023-06-26 10:00:00+00:00,20.5,48.60582,0.0,1017.80396
2023-06-26 11:00:00+00:00,21.45,43.439667,0.0,1018.10944
2023-06-26 12:00:00+00:00,21.75,41.933365,0.0,1018.5107
2023-06-26 13:00:00+00:00,22.35,37.895023,0.0,1018.6142
2023-06-26 14:00:00+00:00,21.4,38.276085,0.0,1018.4085
2023-06-26 15:00:00+00:00,21.35,40.28055,0.0,1018.6079
2023-06-26 16:00:00+00:00,21.9,38.026314,0.0,1018.51166
2023-06-26 17:00:00+00:00,21.45,37.50828,0.0,1018.2092
2023-06-26 18:00:00+00:00,20.85,39.863342,0.0,1018.405
2023-06-26 19:00:00+00:00,20.1,43.059086,0.0,1018.89935
2023-06-26 20:00:00+00:00,19.0,46.899166,0.0,1019.29156
2023-06-26 21:00:00+00:00,17.95,51.472176,0.0,1019.6838
2023-06-26 22:00:00+00:00,17.45,58.59752,0.0,1020.1797
2023-06-26 23:00:00+00:00,16.15,66.02971,0.0,1020.0713
2023-06-27 00:00:00+00:00,15.1,72.29451,0.0,1020.36365
2023-06-27 01:00:00+00:00,15.05,74.73729,0.0,1020.3633
2023-06-27 02:00:00+00:00,15.2,75.261475,0.0,1020.1646
2023-06-27 03:00:00+00:00,15.1,76.75928,0.0,1020.0642
2023-06-27 04:00:00+00:00,14.05,83.238205,0.0,1020.0572
2023-06-27 05:00:00+00:00,14.5,83.01731,0.0,1020.25964
2023-06-27 06:00:00+00:00,15.65,77.3554,0.0,1020.1678
2023-06-27 07:00:00+00:00,16.85,71.661446,0.0,1020.27563
2023-06-27 08:00:00+00:00,18.25,63.470173,0.0,1020.08496
2023-06-27 09:00:00+00:00,19.85,53.745567,0.0,1019.9957
2023-06-27 10:00:00+00:00,20.15,53.28749,0.0,1019.6982
2023-06-27 11:00:00+00:00,20.45,52.134884,0.0,1019.5004
2023-06-27 12:00:00+00:00,20.9,50.879166,0.0,1019.50336
2023-06-27 13:00:00+00:00,20.75,52.387764,0.0,1019.1031
2023-06-27 14:00:00+00:00,21.45,51.02516,0.0,1018.6085
2023-06-27 15:00:00+00:00,21.85,51.30057,0.0,1018.112
2023-06-27 16:00:00+00:00,21.7,52.809902,0.0,1017.61194
2023-06-27 17:00:00+00:00,21.65,54.38718,0.0,1017.1126
2023-06-27 18:00:00+00:00,20.7,62.164577,0.0,1017.10657
2023-06-27 19:00:00+00:00,20.25,65.176155,0.0,1017.1037
2023-06-27 20:00:00+00:00,19.8,68.33702,0.0,1017.001
2023-06-27 21:00:00+00:00,19.3,72.111206,0.0,1017.1974
2023-06-27 22:00:00+00:00,18.95,75.14562,0.0,1016.99554
2023-06-27 23:00:00+00:00,18.1,80.02449,0.0,1016.69037
2023-06-28 00:00:00+00:00,16.6,89.12103,0.0,1016.9799
2023-06-28 01:00:00+00:00,17.0,88.29734,0.0,1016.58356
2023-06-28 02:00:00+00:00,17.5,86.656235,0.0,1016.3871
2023-06-28 03:00:00+00:00,17.35,88.04414,0.0,1015.9869
2023-06-28 04:00:00+00:00,17.1,89.734474,0.0,1015.68585
2023-06-28 05:00:00+00:00,17.35,88.32697,0.0,1015.48785
2023-06-28 06:00:00+00:00,18.25,82.92747,0.0,1015.49365
2023-06-28 07:00:00+00:00,18.75,80.37113,0.0,1015.6967
2023-06-28 08:00:00+00:00,19.3,78.41166,0.0,1015.89984
2023-06-28 09:00:00+00:00,20.2,74.870346,0.0,1015.7059
2023-06-28 10:00:00+00:00,21.55,69.12612,0.0,1015.5149
2023-06-28 11:00:00+00:00,22.45,64.18859,0.0,1015.2212
2023-06-28 12:00:00+00:00,21.3,72.471054,0.0,1015.5133
2023-06-28 13:00:00+00:00,21.75,70.05416,0.0,1015.3166
2023-06-28 14:00:00+00:00,22.85,65.10224,0.0,1014.9243
2023-06-28 15:00:00+00:00,23.15,63.727024,0.0,1014.62683
2023-06-28 16:00:00+00:00,24.3,59.08606,0.0,1014.13495
2023-06-28 17:00:00+00:00,24.0,58.45014,0.0,1013.5342
2023-06-28 18:00:00+00:00,23.4,60.21244,0.0,1013.5304
2023-06-28 19:00:00+00:00,22.45,64.3948,0.0,1013.5244
2023-06-28 20:00:00+00:00,21.4,69.76385,0.1,1013.61743
2023-06-28 21:00:00+00:00,20.45,74.43439,0.0,1013.9108
2023-06-28 22:00:00+00:00,19.3,79.93254,0.0,1013.8038
2023-06-28 23:00:00+00:00,18.35,86.46093,0.4,1013.6976
2023-06-29 00:00:00+00:00,18.15,87.8325,0.2,1013.69635
2023-06-29 01:00:00+00:00,17.5,91.2093,0.0,1013.19305
2023-06-29 02:00:00+00:00,17.4,91.202866,1.0,1013.19244
2023-06-29 03:00:00+00:00,17.25,94.14967,0.3,1012.69244
2023-06-29 04:00:00+00:00,16.95,94.43744,0.4,1012.5907
2023-06-29 05:00:00+00:00,15.95,91.9947,0.5,1012.88354
2023-06-29 06:00:00+00:00,15.75,91.39021,1.2,1013.28156
2023-06-29 07:00:00+00:00,15.7,90.79759,1.3,1013.6804
2023-06-29 08:00:00+00:00,15.95,88.49412,0.4,1013.9815
2023-06-29 09:00:00+00:00,16.35,84.60262,0.0,1014.28345
2023-06-29 10:00:00+00:00,17.3,76.85337,0.0,1014.58923
2023-06-29 11:00:00+00:00,18.85,66.82007,0.1,1014.5994
2023-06-29 12:00:00+00:00,19.95,59.98857,0.0,1014.806
2023-06-29 13:00:00+00:00,21.2,53.205975,0.1,1014.7142
2023-06-29 14:00:00+00:00,21.6,49.891125,0.0,1014.6169
2023-06-29 15:00:00+00:00,21.75,47.815136,0.0,1014.51807
2023-06-29 16:00:00+00:00,21.9,45.66656,0.0,1014.21954
2023-06-29 17:00:00+00:00,22.05,43.1692,0.0,1013.8213
2023-06-29 18:00:00+00:00,21.45,42.133923,0.0,1013.81744
2023-06-29 19:00:00+00:00,20.45,48.92021,0.0,1013.9108
2023-06-29 20:00:00+00:00,19.0,55.3516,0.0,1013.9017
2023-06-29 21:00:00+00:00,16.95,66.64251,0.0,1014.1877
2023-06-29 22:00:00+00:00,17.8,61.90925,0.0,1014.39276
2023-06-29 23:00:00+00:00,16.7,69.53093,0.0,1014.48535
2023-06-30 00:00:00+00:00,14.9,78.27068,0.0,1014.1741
2023-06-30 01:00:00+00:00,13.5,83.7273,0.0,1013.8651
2023-06-30 02:00:00+00:00,12.1,91.152756,0.0,1013.2568
2023-06-30 03:00:00+00:00,11.65,93.58532,0.0,1012.95447
2023-06-30 04:00:00+00:00,11.35,93.57065,0.0,1012.9523
2023-06-30 05:00:00+00:00,12.1,86.41342,0.0,1012.95734
2023-06-30 06:00:00+00:00,13.4,76.23073,0.0,1012.7666
2023-06-30 07:00:00+00:00,15.1,68.98187,0.0,1012.6782
2023-06-30 08:00:00+00:00,17.15,60.52775,0.0,1012.3924
2023-06-30 09:00:00+00:00,18.6,49.584076,0.0,1012.1025
2023-06-30 10:00:00+00:00,17.95,52.89081,0.0,1011.79865
2023-06-30 11:00:00+00:00,18.5,52.678013,0.0,1010.9041
2023-06-30 12:00:00+00:00,18.1,67.77064,0.0,1010.40216
2023-06-30 13:00:00+00:00,17.7,69.95651,0.1,1009.9006
2023-06-30 14:00:00+00:00,18.2,68.238266,0.0,1009.205
2023-06-30 15:00:00+00:00,18.15,69.35787,0.0,1008.4063
2023-06-30 16:00:00+00:00,18.3,71.694466,0.0,1007.60876
2023-06-30 17:00:00+00:00,18.45,74.0946,0.1,1006.71124
2023-06-30 18:00:00+00:00,18.4,75.788086,0.0,1006.0124
2023-06-30 19:00:00+00:00,18.5,76.791695,0.0,1005.6141
2023-06-30 20:00:00+00:00,18.0,80.78913,0.0,1005.1115
2023-06-30 21:00:00+00:00,17.6,84.46658,0.2,1004.80963
2023-06-30 22:00:00+00:00,17.4,87.20502,0.2,1004.3092
2023-06-30 23:00:00+00:00,17.5,88.057106,0.0,1003.71094
2023-07-01 00:00:00+00:00,17.35,88.895065,0.0,1003.4105
2023-07-01 01:00:00+00:00,17.45,88.90313,0.0,1003.1118
2023-07-01 02:00:00+00:00,17.5,88.339645,0.0,1002.51324
2023-07-01 03:00:00+00:00,17.4,87.485374,0.0,1002.313
2023-07-01 04:00:00+00:00,17.2,87.74883,0.1,1002.41156
2023-07-01 05:00:00+00:00,17.2,86.62748,0.0,1002.41156
2023-07-01 06:00:00+00:00,17.5,83.6431,0.0,1002.51324
2023-07-01 07:00:00+00:00,18.0,77.21271,0.0,1003.0155
2023-07-01 08:00:00+00:00,18.95,67.060165,0.0,1003.2213
2023-07-01 09:00:00+00:00,19.4,63.726494,0.1,1003.5236
2023-07-01 10:00:00+00:00,19.55,60.290707,0.0,1003.6244
2023-07-01 11:00:00+00:00,20.3,55.49651,0.0,1003.629
2023-07-01 12:00:00+00:00,20.55,56.86,0.0,1004.22955
2023-07-01 13:00:00+00:00,20.7,55.230915,0.0,1004.4302
2023-07-01 14:00:00+00:00,21.3,52.35774,0.0,1004.53375
2023-07-01 15:00:00+00:00,21.1,51.786724,0.0,1004.53253
2023-07-01 16:00:00+00:00,21.65,48.269188,0.0,1004.536
2023-07-01 17:00:00+00:00,21.5,47.269737,0.0,1004.53503
2023-07-01 18:00:00+00:00,21.3,45.347122,0.0,1004.53375
2023-07-01 19:00:00+00:00,20.3,49.209564,0.0,1005.32587
2023-07-01 20:00:00+00:00,19.05,50.89823,0.0,1006.2164
2023-07-01 21:00:00+00:00,18.3,52.447388,0.0,1007.1097
2023-07-01 22:00:00+00:00,17.5,55.529366,0.0,1007.50385
2023-07-01 23:00:00+00:00,15.95,62.738243,0.0,1007.79315
2023-07-02 00:00:00+00:00,14.25,70.93368,0.0,1008.3806
2023-07-02 01:00:00+00:00,13.45,78.31403,0.0,1008.4751
2023-07-02 02:00:00+00:00,12.8,81.708466,0.0,1008.77014
2023-07-02 03:00:00+00:00,12.3,82.471245,0.0,1008.96655
2023-07-02 04:00:00+00:00,11.85,84.665276,0.0,1009.2628
2023-07-02 05:00:00+00:00,12.7,81.42185,0.0,1009.66766
2023-07-02 06:00:00+00:00,14.2,76.10551,0.0,1009.7778
2023-07-02 07:00:00+00:00,15.7,69.565445,0.0,1010.1871
2023-07-02 08:00:00+00:00,17.0,61.7239,0.0,1010.19556
2023-07-02 09:00:00+00:00,17.7,56.33624,0.0,1010.0004
2023-07-02 10:00:00+00:00,18.6,50.777573,0.0,1009.9066
2023-07-02 11:00:00+00:00,19.65,45.34853,0.0,1009.9132
2023-07-02 12:00:00+00:00,19.2,48.08707,0.0,1010.0103
2023-07-02 13:00:00+00:00,19.6,43.810177,0.0,1009.91296
2023-07-02 14:00:00+00:00,19.2,44.301746,0.0,1009.91046
2023-07-02 15:00:00+00:00,19.55,44.24859,0.0,1009.71295
2023-07-02 16:00:00+00:00,19.7,41.780678,0.0,1009.51434
2023-07-02 17:00:00+00:00,19.3,40.1095,0.0,1009.3122
2023-07-02 18:00:00+00:00,18.85,40.54053,0.0,1009.0099
2023-07-02 19:00:00+00:00,17.9,43.027996,0.0,1009.10333
2023-07-02 20:00:00+00:00,16.45,50.023293,0.0,1008.994
2023-07-02 21:00:00+00:00,15.45,55.572655,0.0,1009.4865
2023-07-02 22:00:00+00:00,14.6,61.79118,0.0,1009.5806
2023-07-02 23:00:00+00:00,13.85,67.57228,0.0,1009.3762
2023-07-03 00:00:00+00:00,13.4,70.53066,0.0,1009.77234
2023-07-03 01:00:00+00:00,13.0,74.89003,0.0,1009.67
2023-07-03 02:00:00+00:00,12.6,80.051796,0.0,1009.5673
2023-07-03 03:00:00+00:00,12.1,83.00291,0.0,1009.16455
2023-07-03 04:00:00+00:00,11.65,85.50198,0.0,1009.0619
2023-07-03 05:00:00+00:00,12.45,82.767334,0.0,1008.9675
2023-07-03 06:00:00+00:00,13.8,77.325005,0.0,1009.17633
2023-07-03 07:00:00+00:00,15.25,63.863472,0.0,1009.28564
2023-07-03 08:00:00+00:00,16.55,55.474922,0.0,1009.19434
2023-07-03 09:00:00+00:00,17.2,55.83016,0.0,1009.099
2023-07-03 10:00:00+00:00,17.25,57.569283,0.0,1009.09924
2023-07-03 11:00:00+00:00,18.05,54.923447,0.2,1009.10425
2023-07-03 12:00:00+00:00,18.75,50.303463,0.1,1008.7098
2023-07-03 13:00:00+00:00,19.35,48.620747,0.0,1008.31433
2023-07-03 14:00:00+00:00,18.25,56.285275,0.1,1008.1075
2023-07-03 15:00:00+00:00,17.2,64.72828,0.3,1008.1009
2023-07-03 16:00:00+00:00,17.45,60.5988,0.0,1007.9028
2023-07-03 17:00:00+00:00,18.4,53.549152,0.0,1007.70917
2023-07-03 18:00:00+00:00,18.2,51.538933,0.0,1007.8077
2023-07-03 19:00:00+00:00,17.15,54.69166,0.0,1008.1005
2023-07-03 20:00:00+00:00,15.9,59.417274,0.0,1008.5913
2023-07-03 21:00:00+00:00,14.8,63.11497,0.0,1009.38257
2023-07-03 22:00:00+00:00,14.0,68.29537,0.0,1009.7764
2023-07-03 23:00:00+00:00,13.45,71.746124,0.0,1009.7726
2023-07-04 00:00:00+00:00,13.25,76.2063,0.0,1010.0708
2023-07-04 01:00:00+00:00,13.1,77.2154,0.0,1010.0698
2023-07-04 02:00:00+00:00,13.2,77.7522,0.0,1009.8708
2023-07-04 03:00:00+00:00,13.4,77.52233,0.0,1009.6725
2023-07-04 04:00:00+00:00,13.35,78.56201,0.0,1009.5723
2023-07-04 05:00:00+00:00,13.45,78.84055,0.0,1009.47314
2023-07-04 06:00:00+00:00,14.3,75.61463,0.0,1009.47894
2023-07-04 07:00:00+00:00,15.4,71.39053,0.0,1009.48615
2023-07-04 08:00:00+00:00,16.75,62.081646,0.0,1009.6946
2023-07-04 09:00:00+00:00,17.8,55.418358,0.0,1009.502
2023-07-04 10:00:00+00:00,18.2,55.707584,0.0,1009.5045
2023-07-04 11:00:00+00:00,18.8,58.729866,0.1,1008.90967
2023-07-04 12:00:00+00:00,17.15,61.758743,0.7,1009.2983
2023-07-04 13:00:00+00:00,16.85,67.06634,0.2,1008.8971
2023-07-04 14:00:00+00:00,15.7,82.34871,1.1,1008.4903
2023-07-04 15:00:00+00:00,15.8,82.90169,0.7,1007.6924
2023-07-04 16:00:00+00:00,15.9,86.78344,0.9,1006.9943
2023-07-04 17:00:00+00:00,14.9,88.694855,2.8,1006.0894
2023-07-04 18:00:00+00:00,14.5,90.12445,1.9,1005.18823
2023-07-04 19:00:00+00:00,14.3,91.59596,1.5,1004.688
2023-07-04 20:00:00+00:00,14.15,93.70566,1.6,1004.188
2023-07-04 21:00:00+00:00,13.9,94.92625,0.8,1003.78723
2023-07-04 22:00:00+00:00,13.85,87.73591,0.8,1003.687
2023-07-04 23:00:00+00:00,13.0,89.4202,1.7,1003.88104
2023-07-05 00:00:00+00:00,12.05,89.047775,3.2,1004.17377
2023-07-05 01:00:00+00:00,12.0,92.06048,1.0,1004.2734
2023-07-05 02:00:00+00:00,11.9,88.738525,0.0,1004.8716
2023-07-05 03:00:00+00:00,11.15,90.177536,0.0,1005.46533
2023-07-05 04:00:00+00:00,10.7,91.05913,0.0,1005.9613
2023-07-05 05:00:00+00:00,11.0,91.079315,0.0,1006.5624
2023-07-05 06:00:00+00:00,12.1,89.05183,0.0,1006.9688
2023-07-05 07:00:00+00:00,13.7,84.308105,0.0,1007.47864
2023-07-05 08:00:00+00:00,15.75,71.218704,0.0,1007.99164
2023-07-05 09:00:00+00:00,16.6,66.568695,0.1,1008.2963
2023-07-05 10:00:00+00:00,17.6,62.69433,0.1,1008.80206
2023-07-05 11:00:00+00:00,18.45,61.444027,0.0,1009.2066
2023-07-05 12:00:00+00:00,17.5,64.57892,0.0,1010.1987
2023-07-05 13:00:00+00:00,18.4,57.083847,0.0,1010.4041
2023-07-05 14:00:00+00:00,19.25,49.928936,0.0,1010.5096
2023-07-05 15:00:00+00:00,19.3,46.822475,0.0,1010.8094
2023-07-05 16:00:00+00:00,19.3,46.66314,0.0,1010.9092
2023-07-05 17:00:00+00:00,19.1,47.733536,0.0,1010.8081
2023-07-05 18:00:00+00:00,18.65,50.106033,0.0,1011.00494
2023-07-05 19:00:00+00:00,17.75,55.0322,0.0,1011.29834
2023-07-05 20:00:00+00:00,16.25,59.099968,0.0,1011.78754
2023-07-05 21:00:00+00:00,14.85,64.42629,0.0,1012.57684
2023-07-05 22:00:00+00:00,13.6,69.147255,0.0,1013.16705
2023-07-05 23:00:00+00:00,12.75,73.58895,0.0,1013.4608
2023-07-06 00:00:00+00:00,12.45,80.84321,0.0,1013.6585
2023-07-06 01:00:00+00:00,11.85,85.81072,0.0,1013.7542
2023-07-06 02:00:00+00:00,11.4,89.59355,0.0,1013.65125
2023-07-06 03:00:00+00:00,11.0,92.30908,0.0,1013.54895
2023-07-06 04:00:00+00:00,10.75,93.85513,0.0,1013.6468
2023-07-06 05:00:00+00:00,11.55,91.42102,0.0,1013.85205
2023-07-06 06:00:00+00:00,13.15,85.94437,0.0,1014.16235
2023-07-06 07:00:00+00:00,14.95,80.11246,0.0,1014.374
2023-07-06 08:00:00+00:00,16.65,71.6243,0.0,1014.485
2023-07-06 09:00:00+00:00,18.0,62.57691,0.0,1014.49396
2023-07-06 10:00:00+00:00,18.6,56.37335,0.0,1014.49805
2023-07-06 11:00:00+00:00,19.9,50.442463,0.0,1014.3066
2023-07-06 12:00:00+00:00,20.4,47.12638,0.0,1014.40967
2023-07-06 13:00:00+00:00,20.1,47.203228,0.0,1014.3079
2023-07-06 14:00:00+00:00,20.75,47.063812,0.0,1014.01263
2023-07-06 15:00:00+00:00,20.3,50.21158,0.0,1013.90985
2023-07-06 16:00:00+00:00,20.35,49.889038,0.0,1013.8104
2023-07-06 17:00:00+00:00,20.1,43.651993,0.0,1013.80884
2023-07-06 18:00:00+00:00,19.35,49.117702,0.0,1013.804
2023-07-06 19:00:00+00:00,18.4,56.323063,0.0,1013.7978
2023-07-06 20:00:00+00:00,16.55,63.299072,0.0,1014.08514
2023-07-06 21:00:00+00:00,15.1,68.289696,0.0,1014.67444
2023-07-06 22:00:00+00:00,14.1,71.384895,0.0,1014.96716
2023-07-06 23:00:00+00:00,13.35,71.001335,0.0,1015.0619
2023-07-07 00:00:00+00:00,12.8,72.35853,0.0,1014.8585
2023-07-07 01:00:00+00:00,12.2,75.77658,0.0,1014.95447
2023-07-07 02:00:00+00:00,11.95,77.82235,0.0,1014.9525
2023-07-07 03:00:00+00:00,11.2,82.612305,0.0,1014.5482
2023-07-07 04:00:00+00:00,11.2,82.33274,0.0,1014.4484
2023-07-07 05:00:00+00:00,12.45,80.30075,0.0,1014.457
2023-07-07 06:00:00+00:00,14.65,76.687775,0.0,1014.77136
2023-07-07 07:00:00+00:00,17.3,70.573524,0.0,1014.7889
2023-07-07 08:00:00+00:00,19.75,64.22311,0.0,1014.70496
2023-07-07 09:00:00+00:00,21.8,57.543133,0.0,1014.718
2023-07-07 10:00:00+00:00,23.35,53.758945,0.0,1014.628
2023-07-07 11:00:00+00:00,24.8,49.59879,0.0,1014.4377
2023-07-07 12:00:00+00:00,26.35,42.23928,0.0,1013.6487
2023-07-07 13:00:00+00:00,27.2,39.136517,0.0,1013.35455
2023-07-07 14:00:00+00:00,27.6,37.854584,0.0,1013.0574
2023-07-07 15:00:00+00:00,27.75,36.06644,0.0,1012.65906
2023-07-07 16:00:00+00:00,27.4,37.67403,0.0,1012.35767
2023-07-07 17:00:00+00:00,27.25,38.63843,0.0,1012.15704
2023-07-07 18:00:00+00:00,26.45,43.24654,0.0,1011.95233
2023-07-07 19:00:00+00:00,24.95,49.15677,0.0,1011.94305
2023-07-07 20:00:00+00:00,22.55,56.06056,0.0,1012.0278
2023-07-07 21:00:00+00:00,21.05,57.737392,0.0,1012.11804
2023-07-07 22:00:00+00:00,20.2,59.067764,0.0,1012.2124
2023-07-07 23:00:00+00:00,20.3,60.865276,0.0,1011.9136
2023-07-08 00:00:00+00:00,19.8,64.867134,0.0,1011.5112
2023-07-08 01:00:00+00:00,19.85,66.16025,0.0,1011.0125
2023-07-08 02:00:00+00:00,19.8,65.07937,0.0,1010.7127
2023-07-08 03:00:00+00:00,19.4,65.84962,0.0,1010.61035
2023-07-08 04:00:00+00:00,18.9,68.60305,0.0,1010.9067
2023-07-08 05:00:00+00:00,19.5,70.302605,0.0,1010.8106
2023-07-08 06:00:00+00:00,21.15,69.04794,0.0,1011.3201
2023-07-08 07:00:00+00:00,22.75,66.12812,0.0,1011.82947
2023-07-08 08:00:00+00:00,23.8,64.48041,0.0,1011.93585
2023-07-08 09:00:00+00:00,22.45,75.00373,4.7,1013.5244
2023-07-08 10:00:00+00:00,20.3,84.226685,2.3,1013.81006
2023-07-08 11:00:00+00:00,20.95,81.68881,1.9,1014.1137
2023-07-08 12:00:00+00:00,23.55,69.076096,1.8,1013.9306
2023-07-08 13:00:00+00:00,23.95,68.28854,0.3,1014.33246
2023-07-08 14:00:00+00:00,21.95,80.79662,1.4,1014.8187
2023-07-08 15:00:00+00:00,22.15,80.06785,0.2,1014.6204
2023-07-08 16:00:00+00:00,23.5,70.38482,0.0,1014.1299
2023-07-08 17:00:00+00:00,24.4,64.60907,0.0,1014.03577
2023-07-08 18:00:00+00:00,24.4,62.993744,0.0,1014.13556
2023-07-08 19:00:00+00:00,23.55,69.51304,0.0,1014.3299
2023-07-08 20:00:00+00:00,21.2,80.69809,0.0,1014.31494
2023-07-08 21:00:00+00:00,19.5,83.60547,0.0,1015.20233
2023-07-08 22:00:00+00:00,19.45,80.46537,0.0,1015.7012
2023-07-08 23:00:00+00:00,18.4,88.134415,0.0,1015.99365
2023-07-09 00:00:00+00:00,18.15,94.48712,0.0,1015.59283
2023-07-09 01:00:00+00:00,17.4,95.360916,0.0,1015.8874
2023-07-09 02:00:00+00:00,17.15,95.65605,0.0,1016.18524
2023-07-09 03:00:00+00:00,16.75,95.642914,0.0,1016.0826
2023-07-09 04:00:00+00:00,15.3,97.148186,0.0,1016.1728
2023-07-09 05:00:00+00:00,15.8,94.69353,0.0,1016.7752
2023-07-09 06:00:00+00:00,16.6,90.27603,0.0,1016.5807
2023-07-09 07:00:00+00:00,17.8,82.60707,0.0,1016.88806
2023-07-09 08:00:00+00:00,17.95,74.9795,1.1,1017.88715
2023-07-09 09:00:00+00:00,17.15,74.60064,1.8,1018.3811
2023-07-09 10:00:00+00:00,16.3,80.29837,1.2,1018.8745
2023-07-09 11:00:00+00:00,15.95,80.250404,0.7,1018.47296
2023-07-09 12:00:00+00:00,21.85,58.69245,0.1,1017.6129
2023-07-09 13:00:00+00:00,22.3,55.815784,0.0,1017.51605
2023-07-09 14:00:00+00:00,22.45,53.88046,0.0,1017.3174
2023-07-09 15:00:00+00:00,22.45,53.004223,0.0,1017.11774
2023-07-09 16:00:00+00:00,21.7,56.400433,0.0,1017.11285
2023-07-09 17:00:00+00:00,21.7,57.143787,0.0,1017.01306
2023-07-09 18:00:00+00:00,21.0,60.03969,0.0,1016.90875
2023-07-09 19:00:00+00:00,19.95,66.18129,0.0,1017.3014
2023-07-09 20:00:00+00:00,18.75,70.159065,0.0,1017.5932
2023-07-09 21:00:00+00:00,18.0,73.53614,0.0,1017.8875
2023-07-09 22:00:00+00:00,17.2,78.10094,0.0,1018.0821
2023-07-09 23:00:00+00:00,16.5,80.58828,0.0,1018.27686
2023-07-10 00:00:00+00:00,15.45,88.16475,0.0,1018.66907
2023-07-10 01:00:00+00:00,14.75,90.7327,0.0,1018.7644
2023-07-10 02:00:00+00:00,14.0,92.17888,0.0,1018.8591
2023-07-10 03:00:00+00:00,13.4,93.3629,0.0,1018.95483
2023-07-10 04:00:00+00:00,12.9,94.575745,0.0,1018.9513
2023-07-10 05:00:00+00:00,13.7,92.46413,0.0,1019.0565
2023-07-10 06:00:00+00:00,15.45,86.45795,0.0,1019.0683
2023-07-10 07:00:00+00:00,17.45,76.876854,0.0,1019.0818
2023-07-10 08:00:00+00:00,18.95,69.062454,0.0,1018.6923
2023-07-10 09:00:00+00:00,20.6,59.163654,0.0,1018.5033
2023-07-10 10:00:00+00:00,21.5,53.63665,0.0,1018.5091
2023-07-10 11:00:00+00:00,21.8,52.661804,0.0,1018.01196
2023-07-10 12:00:00+00:00,22.15,51.719944,0.0,1017.71466
2023-07-10 13:00:00+00:00,22.9,49.58002,0.0,1017.3201
2023-07-10 14:00:00+00:00,22.55,49.979485,0.0,1016.8189
2023-07-10 15:00:00+00:00,22.7,48.875954,0.0,1016.22095
2023-07-10 16:00:00+00:00,22.05,52.55335,0.0,1015.81757
2023-07-10 17:00:00+00:00,20.95,61.61626,0.0,1015.4113
2023-07-10 18:00:00+00:00,20.9,63.849632,0.0,1014.6124
2023-07-10 19:00:00+00:00,20.45,65.85757,0.0,1014.1105
2023-07-10 20:00:00+00:00,19.6,69.64096,0.0,1013.7059
2023-07-10 21:00:00+00:00,18.7,73.897415,0.0,1013.7999
2023-07-10 22:00:00+00:00,18.35,76.27268,0.0,1013.39813
2023-07-10 23:00:00+00:00,17.9,78.459015,0.0,1012.3971
2023-07-11 00:00:00+00:00,17.9,76.44889,0.2,1011.6984
2023-07-11 01:00:00+00:00,18.3,76.26473,0.8,1010.50336
2023-07-11 02:00:00+00:00,17.9,82.35368,0.8,1009.9018
2023-07-11 03:00:00+00:00,18.1,84.52144,1.2,1009.1046
2023-07-11 04:00:00+00:00,17.95,87.81492,0.0,1009.0039
2023-07-11 05:00:00+00:00,17.85,88.935295,0.0,1008.80365
2023-07-11 06:00:00+00:00,18.0,85.87561,0.1,1008.5052
2023-07-11 07:00:00+00:00,18.15,81.069786,0.0,1008.80554
2023-07-11 08:00:00+00:00,19.1,75.90116,0.0,1008.8118
2023-07-11 09:00:00+00:00,19.7,71.256966,0.0,1008.51624
2023-07-11 10:00:00+00:00,21.0,63.252644,0.0,1008.1251
2023-07-11 11:00:00+00:00,20.85,61.392677,0.0,1007.9245
2023-07-11 12:00:00+00:00,22.65,51.68079,0.0,1007.8361
2023-07-11 13:00:00+00:00,22.4,51.615223,0.0,1007.43524
2023-07-11 14:00:00+00:00,22.0,52.88774,0.0,1007.43274
2023-07-11 15:00:00+00:00,20.05,62.834435,0.0,1007.3206
2023-07-11 16:00:00+00:00,20.25,64.12319,0.1,1007.0225
2023-07-11 17:00:00+00:00,20.9,61.204193,0.0,1006.3279
2023-07-11 18:00:00+00:00,20.0,64.06828,0.0,1006.2224
2023-07-11 19:00:00+00:00,18.95,68.83742,0.0,1005.91626
2023-07-11 20:00:00+00:00,17.85,73.50991,0.0,1005.90906
2023-07-11 21:00:00+00:00,17.25,77.3485,0.0,1006.50415
2023-07-11 22:00:00+00:00,16.95,79.08877,0.0,1006.7018
2023-07-11 23:00:00+00:00,16.05,83.74726,0.8,1006.6958
2023-07-12 00:00:00+00:00,15.45,87.59255,0.0,1007.29065
2023-07-12 01:00:00+00:00,15.0,90.16085,0.0,1007.58716
2023-07-12 02:00:00+00:00,14.4,92.80577,0.0,1007.5831
2023-07-12 03:00:00+00:00,13.9,94.30824,0.0,1007.6798
2023-07-12 04:00:00+00:00,13.5,94.600426,0.0,1007.8765
2023-07-12 05:00:00+00:00,13.8,92.77328,0.0,1008.37787
2023-07-12 06:00:00+00:00,15.1,85.02038,0.0,1008.78564
2023-07-12 07:00:00+00:00,16.5,76.72753,0.0,1009.194
2023-07-12 08:00:00+00:00,17.6,69.937126,0.0,1009.6006
2023-07-12 09:00:00+00:00,18.4,64.77589,0.3,1009.7054
2023-07-12 10:00:00+00:00,19.35,58.473774,0.1,1009.41223
2023-07-12 11:00:00+00:00,20.05,54.337826,0.0,1009.4167
2023-07-12 12:00:00+00:00,19.95,54.857628,0.0,1010.015
2023-07-12 13:00:00+00:00,20.95,50.21763,0.0,1009.8217
2023-07-12 14:00:00+00:00,21.05,49.082714,0.1,1009.9221
2023-07-12 15:00:00+00:00,20.8,53.278854,0.1,1010.1202
2023-07-12 16:00:00+00:00,20.6,54.11845,0.0,1010.1189
2023-07-12 17:00:00+00:00,20.5,55.731174,0.1,1010.0185
2023-07-12 18:00:00+00:00,19.3,63.078964,0.3,1010.31036
2023-07-12 19:00:00+00:00,18.3,68.70806,0.0,1010.50336
2023-07-12 20:00:00+00:00,17.45,69.4486,0.0,1010.997
2023-07-12 21:00:00+00:00,16.55,69.7325,0.0,1011.7895
2023-07-12 22:00:00+00:00,15.9,70.77437,0.0,1012.18445
2023-07-12 23:00:00+00:00,15.15,76.006836,0.0,1012.379
2023-07-13 00:00:00+00:00,14.8,79.82707,0.0,1012.7761
2023-07-13 01:00:00+00:00,14.25,84.928665,0.0,1012.8721
2023-07-13 02:00:00+00:00,13.75,88.59902,0.0,1012.86896
2023-07-13 03:00:00+00:00,13.2,91.8288,0.0,1012.66547
2023-07-13 04:00:00+00:00,12.85,93.02788,0.0,1012.9624
2023-07-13 05:00:00+00:00,13.35,90.63583,0.0,1013.2653
2023-07-13 06:00:00+00:00,15.0,82.53261,0.0,1013.5758
2023-07-13 07:00:00+00:00,16.25,77.70275,0.0,1013.9834
2023-07-13 08:00:00+00:00,17.45,72.72109,0.0,1014.191
2023-07-13 09:00:00+00:00,18.65,68.55308,0.0,1014.29877
2023-07-13 10:00:00+00:00,19.85,62.789368,0.0,1014.3064
2023-07-13 11:00:00+00:00,20.6,58.199257,0.0,1014.3111
2023-07-13 12:00:00+00:00,19.95,58.425957,0.2,1014.6064
2023-07-13 13:00:00+00:00,20.95,55.660355,0.2,1014.513
2023-07-13 14:00:00+00:00,21.3,55.38252,0.0,1014.2157
2023-07-13 15:00:00+00:00,20.85,55.086502,0.1,1014.21277
2023-07-13 16:00:00+00:00,21.3,50.985413,0.0,1013.91626
2023-07-13 17:00:00+00:00,21.2,51.12869,0.0,1013.81586
2023-07-13 18:00:00+00:00,19.35,62.88299,0.0,1013.9038
2023-07-13 19:00:00+00:00,19.0,63.847538,0.0,1014.2011
2023-07-13 20:00:00+00:00,18.1,65.13997,0.0,1014.3947
2023-07-13 21:00:00+00:00,17.3,62.4169,0.0,1014.7889
2023-07-13 22:00:00+00:00,16.3,65.40154,0.0,1014.9819
2023-07-13 23:00:00+00:00,15.5,68.83105,0.0,1014.8766
2023-07-14 00:00:00+00:00,14.2,83.80858,0.0,1014.6684
2023-07-14 01:00:00+00:00,13.55,92.759674,0.0,1014.16486
2023-07-14 02:00:00+00:00,13.6,94.604515,0.0,1013.6661
2023-07-14 03:00:00+00:00,14.25,91.293785,0.0,1013.1715
2023-07-14 04:00:00+00:00,14.25,92.193504,0.0,1012.6724
2023-07-14 05:00:00+00:00,14.7,93.12431,0.0,1012.07684
2023-07-14 06:00:00+00:00,15.75,87.90467,0.1,1011.38513
2023-07-14 07:00:00+00:00,16.1,82.6677,0.0,1010.58887
2023-07-14 08:00:00+00:00,16.85,72.374115,0.0,1009.99506
2023-07-14 09:00:00+00:00,16.45,77.47871,0.8,1009.29346
2023-07-14 10:00:00+00:00,16.65,81.135506,0.4,1008.59607
2023-07-14 11:00:00+00:00,17.6,76.6504,0.1,1007.2051
2023-07-14 12:00:00+00:00,17.4,81.49714,0.0,1006.5051
2023-07-14 13:00:00+00:00,18.55,79.31698,0.1,1004.9156
2023-07-14 14:00:00+00:00,19.65,73.11222,1.2,1003.82465
2023-07-14 15:00:00+00:00,18.9,77.85052,1.7,1002.32275
2023-07-14 16:00:00+00:00,19.5,78.44091,0.3,1001.12866
2023-07-14 17:00:00+00:00,19.6,76.71638,2.2,999.93164
2023-07-14 18:00:00+00:00,18.5,84.02617,0.7,999.32587
2023-07-14 19:00:00+00:00,18.2,87.83685,0.2,998.72473
2023-07-14 20:00:00+00:00,18.5,91.85315,0.0,998.6272
2023-07-14 21:00:00+00:00,18.35,92.135445,0.0,999.02515
2023-07-14 22:00:00+00:00,17.1,91.18341,0.0,999.51636
2023-07-14 23:00:00+00:00,15.95,91.9947,0.0,999.9081
2023-07-15 00:00:00+00:00,15.6,90.79078,0.0,999.9056
2023-07-15 01:00:00+00:00,15.0,91.045586,0.0,1000.0016
2023-07-15 02:00:00+00:00,14.8,92.525986,0.0,999.8008
2023-07-15 03:00:00+00:00,15.2,91.058876,0.0,999.30426
2023-07-15 04:00:00+00:00,15.1,91.05222,0.0,998.90436
2023-07-15 05:00:00+00:00,15.65,88.75669,0.0,998.70844
2023-07-15 06:00:00+00:00,16.5,84.61905,0.1,998.5142
2023-07-15 07:00:00+00:00,16.85,84.657295,0.0,998.2172
2023-07-15 08:00:00+00:00,16.9,79.08159,0.2,998.31744
2023-07-15 09:00:00+00:00,17.75,73.97418,0.2,998.2229
2023-07-15 10:00:00+00:00,17.5,73.44853,0.1,998.52075
2023-07-15 11:00:00+00:00,19.4,65.20624,0.1,998.23346
2023-07-15 12:00:00+00:00,18.7,63.99178,0.1,998.52856
2023-07-15 13:00:00+00:00,19.35,61.045033,0.1,998.03357
2023-07-15 14:00:00+00:00,19.6,54.951344,0.2,998.2348
2023-07-15 15:00:00+00:00,19.4,56.762527,0.2,998.53296
2023-07-15 16:00:00+00:00,18.9,58.55888,0.1,998.9291
2023-07-15 17:00:00+00:00,18.4,61.22861,0.0,999.1253
2023-07-15 18:00:00+00:00,17.65,66.568886,0.0,999.42
2023-07-15 19:00:00+00:00,16.75,71.17095,0.0,999.51385
2023-07-15 20:00:00+00:00,16.1,73.93134,0.0,999.7094
2023-07-15 21:00:00+00:00,15.6,77.6034,0.0,1000.3049
2023-07-15 22:00:00+00:00,15.1,79.86914,0.0,1001.0004
2023-07-15 23:00:00+00:00,15.3,79.634125,0.0,1001.60046
2023-07-16 00:00:00+00:00,15.2,82.828995,0.0,1002.09894
2023-07-16 01:00:00+00:00,15.2,82.828995,0.0,1002.3983
2023-07-16 02:00:00+00:00,14.95,81.17754,0.0,1002.99567
2023-07-16 03:00:00+00:00,14.5,78.99429,0.0,1003.4915
2023-07-16 04:00:00+00:00,14.05,76.84853,0.0,1004.1874
2023-07-16 05:00:00+00:00,14.1,75.076706,0.0,1004.98615
2023-07-16 06:00:00+00:00,15.0,71.79423,0.0,1005.591
2023-07-16 07:00:00+00:00,16.15,67.59436,0.0,1006.2973
2023-07-16 08:00:00+00:00,17.25,63.456882,0.0,1007.00323
2023-07-16 09:00:00+00:00,18.1,58.36374,0.0,1007.6074
2023-07-16 10:00:00+00:00,18.85,54.575935,0.0,1007.9119
2023-07-16 11:00:00+00:00,19.9,49.767807,0.0,1008.11816
2023-07-16 12:00:00+00:00,20.35,49.55508,0.0,1008.4205
2023-07-16 13:00:00+00:00,20.05,50.3133,0.0,1008.8178
2023-07-16 14:00:00+00:00,20.05,49.307686,0.0,1009.11725
2023-07-16 15:00:00+00:00,19.4,53.09213,0.0,1009.4126
2023-07-16 16:00:00+00:00,19.1,53.731216,0.0,1009.6103
2023-07-16 17:00:00+00:00,18.85,54.39293,0.0,1009.70856
2023-07-16 18:00:00+00:00,17.9,58.707314,0.0,1010.00165
2023-07-16 19:00:00+00:00,17.1,64.06191,0.0,1010.3958
2023-07-16 20:00:00+00:00,16.15,68.731895,0.0,1010.98846
2023-07-16 21:00:00+00:00,15.25,73.53766,0.0,1011.28186
2023-07-16 22:00:00+00:00,14.5,77.95094,0.0,1011.6759
2023-07-16 23:00:00+00:00,14.05,81.32788,0.0,1012.0724
2023-07-17 00:00:00+00:00,13.7,87.433334,0.0,1012.6687
2023-07-17 01:00:00+00:00,13.35,89.44757,0.0,1012.866
2023-07-17 02:00:00+00:00,12.75,92.10519,0.0,1013.0616
2023-07-17 03:00:00+00:00,12.45,93.00677,0.0,1013.05963
2023-07-17 04:00:00+00:00,12.2,92.99354,0.0,1013.45734
2023-07-17 05:00:00+00:00,12.75,90.89437,0.0,1013.86005
2023-07-17 06:00:00+00:00,14.3,83.543686,0.0,1013.9704
2023-07-17 07:00:00+00:00,15.7,76.60075,0.0,1014.3791
2023-07-17 08:00:00+00:00,16.9,72.38322,0.0,1014.7864
2023-07-17 09:00:00+00:00,17.95,65.97475,0.1,1015.1922
2023-07-17 10:00:00+00:00,18.55,62.49473,0.1,1015.39594
2023-07-17 11:00:00+00:00,19.4,56.951782,0.1,1015.601
2023-07-17 12:00:00+00:00,17.15,70.31245,0.0,1016.7842
2023-07-17 13:00:00+00:00,19.95,55.59247,0.0,1016.20337
2023-07-17 14:00:00+00:00,21.15,52.318504,0.2,1016.5105
2023-07-17 15:00:00+00:00,19.8,54.092747,0.1,1016.9011
2023-07-17 16:00:00+00:00,20.8,48.36157,0.0,1016.80774
2023-07-17 17:00:00+00:00,21.05,46.515965,0.0,1017.009
2023-07-17 18:00:00+00:00,20.1,52.217163,0.0,1017.30237
2023-07-17 19:00:00+00:00,19.1,58.607475,0.0,1017.6951
2023-07-17 20:00:00+00:00,17.5,63.724964,0.0,1017.98413
2023-07-17 21:00:00+00:00,16.35,68.08821,0.0,1018.5753
2023-07-17 22:00:00+00:00,15.55,70.94383,0.0,1018.86926
2023-07-17 23:00:00+00:00,14.2,76.61596,0.0,1019.15985
2023-07-18 00:00:00+00:00,13.4,80.16357,0.0,1019.1544
2023-07-18 01:00:00+00:00,13.0,82.83492,0.0,1019.15186
2023-07-18 02:00:00+00:00,12.25,87.59112,0.0,1018.84735
2023-07-18 03:00:00+00:00,11.75,92.04549,0.0,1018.3448
2023-07-18 04:00:00+00:00,11.2,95.13723,0.0,1018.24115
2023-07-18 05:00:00+00:00,11.6,94.521675,0.0,1018.244
2023-07-18 06:00:00+00:00,13.2,89.14064,0.0,1018.15497
2023-07-18 07:00:00+00:00,14.65,84.13718,0.0,1018.0651
2023-07-18 08:00:00+00:00,16.5,74.490105,0.0,1017.5782
2023-07-18 09:00:00+00:00,18.2,63.669636,0.0,1016.9905
2023-07-18 10:00:00+00:00,19.75,58.184452,0.0,1016.8011
2023-07-18 11:00:00+00:00,21.05,51.773563,0.0,1016.31024
2023-07-18 12:00:00+00:00,20.4,51.429813,0.0,1016.0067
2023-07-18 13:00:00+00:00,21.0,50.23101,0.0,1015.41156
2023-07-18 14:00:00+00:00,21.45,48.376266,0.0,1014.81555
2023-07-18 15:00:00+00:00,21.9,46.749985,0.0,1014.3194
2023-07-18 16:00:00+00:00,21.2,54.27224,0.0,1014.1153
2023-07-18 17:00:00+00:00,21.4,52.731907,0.0,1013.61743
2023-07-18 18:00:00+00:00,21.0,52.453182,0.0,1013.21564
2023-07-18 19:00:00+00:00,19.85,61.161366,0.0,1012.80914
2023-07-18 20:00:00+00:00,18.05,65.99606,0.0,1012.89716
2023-07-18 21:00:00+00:00,17.1,67.56544,0.0,1013.2904
2023-07-18 22:00:00+00:00,16.15,71.76885,0.1,1013.3839
2023-07-18 23:00:00+00:00,15.25,76.783035,0.0,1013.2781
2023-07-19 00:00:00+00:00,14.2,80.80945,0.0,1013.3709
2023-07-19 01:00:00+00:00,13.9,85.17193,0.0,1013.26917
2023-07-19 02:00:00+00:00,14.45,86.076164,0.0,1012.8734
2023-07-19 03:00:00+00:00,14.6,88.960625,0.0,1012.3753
2023-07-19 04:00:00+00:00,14.6,92.21391,0.0,1012.3753
2023-07-19 05:00:00+00:00,15.1,91.05222,0.0,1012.47864
2023-07-19 06:00:00+00:00,16.05,84.5697,0.0,1012.4849
2023-07-19 07:00:00+00:00,16.25,83.226585,0.0,1012.88544
2023-07-19 08:00:00+00:00,17.25,76.84551,0.0,1012.8921
2023-07-19 09:00:00+00:00,18.5,70.34049,0.0,1012.9004
2023-07-19 10:00:00+00:00,19.65,63.781902,0.1,1012.80786
2023-07-19 11:00:00+00:00,20.45,59.12773,0.1,1012.7131
2023-07-19 12:00:00+00:00,21.2,55.175125,0.2,1013.01733
2023-07-19 13:00:00+00:00,21.9,51.65428,0.0,1013.0218
2023-07-19 14:00:00+00:00,22.55,47.71479,0.0,1012.9261
2023-07-19 15:00:00+00:00,22.3,47.64675,0.0,1013.02435
2023-07-19 16:00:00+00:00,21.9,48.66009,0.0,1013.0218
2023-07-19 17:00:00+00:00,21.45,49.85094,0.0,1013.0189
2023-07-19 18:00:00+00:00,20.7,51.681282,0.0,1013.114
2023-07-19 19:00:00+00:00,19.75,57.41836,0.0,1013.4074
2023-07-19 20:00:00+00:00,17.5,66.537285,0.0,1013.792
2023-07-19 21:00:00+00:00,16.1,72.71775,0.0,1014.28186
2023-07-19 22:00:00+00:00,15.05,76.497,0.0,1014.4745
2023-07-19 23:00:00+00:00,14.65,74.420105,0.0,1014.77136
2023-07-20 00:00:00+00:00,13.95,85.742065,0.0,1014.6667
2023-07-20 01:00:00+00:00,13.2,90.92491,0.0,1014.7615
2023-07-20 02:00:00+00:00,12.7,91.79808,0.0,1014.55835
2023-07-20 03:00:00+00:00,12.2,91.15941,0.0,1014.3556
2023-07-20 04:00:00+00:00,11.6,92.03647,0.0,1014.5511
2023-07-20 05:00:00+00:00,12.0,89.639984,0.0,1014.7533
2023-07-20 06:00:00+00:00,13.3,84.82521,0.0,1014.66235
2023-07-20 07:00:00+00:00,15.15,79.87615,0.0,1014.6747
2023-07-20 08:00:00+00:00,17.15,72.4286,0.0,1014.5883
2023-07-20 09:00:00+00:00,18.55,64.80858,0.0,1014.29803
2023-07-20 10:00:00+00:00,19.4,52.736866,0.1,1014.1038
2023-07-20 11:00:00+00:00,20.5,47.955727,0.0,1013.71155
2023-07-20 12:00:00+00:00,21.35,44.30192,0.0,1013.31775
2023-07-20 13:00:00+00:00,21.85,41.961628,0.0,1013.0215
2023-07-20 14:00:00+00:00,21.95,40.313828,0.0,1012.523
2023-07-20 15:00:00+00:00,22.25,38.78271,0.0,1012.1256
2023-07-20 16:00:00+00:00,21.9,38.81538,0.0,1011.9238
2023-07-20 17:00:00+00:00,21.8,37.73785,0.0,1011.524
2023-07-20 18:00:00+00:00,21.05,41.593037,0.0,1011.0201
2023-07-20 19:00:00+00:00,19.3,52.181526,0.0,1011.5081
2023-07-20 20:00:00+00:00,17.7,58.85584,0.0,1011.79706
2023-07-20 21:00:00+00:00,16.4,67.64598,0.0,1012.08795
2023-07-20 22:00:00+00:00,15.85,71.7131,0.0,1012.28406
2023-07-20 23:00:00+00:00,15.25,76.528984,0.0,1012.0803
2023-07-21 00:00:00+00:00,14.35,84.93951,0.0,1012.07434
2023-07-21 01:00:00+00:00,13.7,86.57103,0.0,1011.9701
2023-07-21 02:00:00+00:00,13.75,75.27003,0.0,1011.87085
2023-07-21 03:00:00+00:00,12.65,76.36618,0.0,1011.66364
2023-07-21 04:00:00+00:00,11.55,80.175255,0.0,1011.8559
2023-07-21 05:00:00+00:00,11.55,79.90373,0.0,1011.7561
2023-07-21 06:00:00+00:00,12.85,74.61138,0.0,1011.76465
2023-07-21 07:00:00+00:00,14.35,70.23917,0.0,1011.97455
2023-07-21 08:00:00+00:00,15.85,65.74417,0.0,1011.9847
2023-07-21 09:00:00+00:00,16.85,60.660408,0.0,1012.19086
2023-07-21 10:00:00+00:00,18.0,56.033184,0.0,1011.8988
2023-07-21 11:00:00+00:00,18.7,57.158466,0.1,1011.70386
2023-07-21 12:00:00+00:00,19.25,51.296745,0.0,1012.00684
2023-07-21 13:00:00+00:00,19.9,48.44232,0.0,1011.8113
2023-07-21 14:00:00+00:00,19.9,48.27885,0.0,1011.8113
2023-07-21 15:00:00+00:00,19.3,49.942448,0.0,1011.80756
2023-07-21 16:00:00+00:00,19.1,51.60398,0.0,1011.8062
2023-07-21 17:00:00+00:00,19.15,51.791637,0.0,1011.8066
2023-07-21 18:00:00+00:00,18.75,54.733833,0.0,1011.60443
2023-07-21 19:00:00+00:00,18.4,57.083847,0.0,1011.8015
2023-07-21 20:00:00+00:00,17.3,62.208504,0.0,1012.09393
2023-07-21 21:00:00+00:00,17.0,63.613014,0.0,1012.59106
2023-07-21 22:00:00+00:00,16.3,67.40001,0.0,1012.68616
2023-07-21 23:00:00+00:00,15.5,73.826706,0.0,1012.581
2023-07-22 00:00:00+00:00,13.85,84.32499,0.3,1012.6699
2023-07-22 01:00:00+00:00,13.25,87.68191,0.0,1012.16675
2023-07-22 02:00:00+00:00,13.15,87.09333,0.0,1011.76697
2023-07-22 03:00:00+00:00,13.1,88.25148,0.1,1011.3674
2023-07-22 04:00:00+00:00,12.7,91.19246,0.0,1011.36444
2023-07-22 05:00:00+00:00,13.0,90.911354,2.6,1011.0673
2023-07-22 06:00:00+00:00,13.35,90.03997,0.1,1010.9697
2023-07-22 07:00:00+00:00,14.65,84.13718,0.0,1010.8788
2023-07-22 08:00:00+00:00,16.15,74.18483,0.0,1010.3896
2023-07-22 09:00:00+00:00,17.6,65.031425,0.0,1009.80023
2023-07-22 10:00:00+00:00,18.05,64.485565,0.1,1009.3039
2023-07-22 11:00:00+00:00,18.45,64.36035,0.1,1009.1068
2023-07-22 12:00:00+00:00,16.8,74.052704,0.1,1009.1959
2023-07-22 13:00:00+00:00,16.15,84.30592,0.8,1008.7926
2023-07-22 14:00:00+00:00,16.15,84.30592,0.4,1008.1937
2023-07-22 15:00:00+00:00,15.65,88.46895,0.4,1007.4918
2023-07-22 16:00:00+00:00,15.6,89.6211,1.0,1006.89233
2023-07-22 17:00:00+00:00,15.6,88.464714,0.6,1006.19366
2023-07-22 18:00:00+00:00,15.65,90.50063,0.4,1005.39575
2023-07-22 19:00:00+00:00,16.05,89.077286,0.6,1004.89923
2023-07-22 20:00:00+00:00,16.15,88.51088,0.0,1004.3011
2023-07-22 21:00:00+00:00,16.1,88.506676,0.2,1004.00134
2023-07-22 22:00:00+00:00,15.9,90.81115,1.2,1003.2015
2023-07-22 23:00:00+00:00,16.0,90.52508,1.7,1002.2041
2023-07-23 00:00:00+00:00,15.85,90.22228,0.3,1002.10333
2023-07-23 01:00:00+00:00,16.05,89.94557,0.1,1001.2062
2023-07-23 02:00:00+00:00,16.1,90.8247,0.1,1000.50793
2023-07-23 03:00:00+00:00,16.25,91.71682,0.1,1000.0098
2023-07-23 04:00:00+00:00,16.5,92.32327,0.0,999.8117
2023-07-23 05:00:00+00:00,16.6,92.328964,0.0,1000.01196
2023-07-23 06:00:00+00:00,16.9,89.43173,0.0,1000.41345
2023-07-23 07:00:00+00:00,17.65,83.123085,0.0,1000.61774
2023-07-23 08:00:00+00:00,18.8,74.6363,0.2,1000.725
2023-07-23 09:00:00+00:00,19.4,71.432236,0.1,1001.0283
2023-07-23 10:00:00+00:00,20.65,64.62946,0.0,1001.3356
2023-07-23 11:00:00+00:00,21.45,59.173096,0.0,1001.3406
2023-07-23 12:00:00+00:00,22.1,58.94366,0.0,1001.7439
2023-07-23 13:00:00+00:00,22.4,56.758423,0.0,1001.5462
2023-07-23 14:00:00+00:00,22.2,59.73774,0.0,1001.6448
2023-07-23 15:00:00+00:00,22.5,58.089664,0.0,1001.44696
2023-07-23 16:00:00+00:00,22.35,58.43172,0.0,1001.24634
2023-07-23 17:00:00+00:00,21.45,62.53705,0.0,1001.3406
2023-07-23 18:00:00+00:00,20.15,69.074356,0.0,1001.53217
2023-07-23 19:00:00+00:00,19.25,73.51547,0.0,1001.726
2023-07-23 20:00:00+00:00,17.9,77.95217,0.0,1002.11646
2023-07-23 21:00:00+00:00,16.95,81.439026,0.0,1002.3101
2023-07-23 22:00:00+00:00,15.95,86.22601,0.0,1002.3036
2023-07-23 23:00:00+00:00,15.2,89.590576,0.0,1002.2986
2023-07-24 00:00:00+00:00,14.45,94.02544,0.0,1001.8943
2023-07-24 01:00:00+00:00,14.35,94.327576,0.0,1001.4945
2023-07-24 02:00:00+00:00,15.0,91.045586,0.0,1001.1993
2023-07-24 03:00:00+00:00,15.0,91.34219,0.0,1000.89984
2023-07-24 04:00:00+00:00,14.95,91.934944,0.0,1000.99945
2023-07-24 05:00:00+00:00,15.0,92.23712,0.0,1001.1993
2023-07-24 06:00:00+00:00,15.7,85.08463,0.4,1001.3039
2023-07-24 07:00:00+00:00,15.35,88.73201,1.0,1001.3014
2023-07-24 08:00:00+00:00,15.85,86.77863,0.0,1001.8039
2023-07-24 09:00:00+00:00,16.2,85.41491,0.0,1002.10547
2023-07-24 10:00:00+00:00,15.9,83.457115,0.2,1002.6026
2023-07-24 11:00:00+00:00,16.0,81.84917,0.3,1003.30206
2023-07-24 12:00:00+00:00,15.35,83.94086,0.3,1004.19586
2023-07-24 13:00:00+00:00,16.6,76.24135,0.1,1004.70306
2023-07-24 14:00:00+00:00,16.95,71.91675,0.0,1005.00507
2023-07-24 15:00:00+00:00,16.75,71.87986,0.0,1005.20306
2023-07-24 16:00:00+00:00,17.15,69.160515,0.0,1005.4056
2023-07-24 17:00:00+00:00,17.55,66.10827,0.0,1005.50793
2023-07-24 18:00:00+00:00,17.45,64.99878,0.0,1005.5073
2023-07-24 19:00:00+00:00,16.75,68.16973,0.0,1005.802
2023-07-24 20:00:00+00:00,15.1,75.49533,0.0,1006.19055
2023-07-24 21:00:00+00:00,14.5,76.66386,0.0,1006.885
2023-07-24 22:00:00+00:00,13.9,78.64371,0.0,1007.2806
2023-07-24 23:00:00+00:00,13.35,81.77966,0.0,1007.27673
2023-07-25 00:00:00+00:00,13.95,84.33624,0.0,1007.2808
2023-07-25 01:00:00+00:00,12.95,90.90795,0.0,1007.27423
2023-07-25 02:00:00+00:00,12.55,92.39866,0.1,1007.37115
2023-07-25 03:00:00+00:00,12.0,93.60237,0.3,1007.26764
2023-07-25 04:00:00+00:00,12.05,94.22767,0.0,1007.2679
2023-07-25 05:00:00+00:00,12.0,95.79926,0.0,1007.5671
2023-07-25 06:00:00+00:00,12.85,93.02788,0.1,1007.9719
2023-07-25 07:00:00+00:00,14.0,85.1826,0.1,1008.2793
2023-07-25 08:00:00+00:00,15.05,80.12632,0.0,1008.48584
2023-07-25 09:00:00+00:00,16.2,74.93187,0.0,1008.693
2023-07-25 10:00:00+00:00,17.3,67.16008,0.0,1008.7003
2023-07-25 11:00:00+00:00,18.2,58.388187,0.0,1008.6062
2023-07-25 12:00:00+00:00,17.9,52.877663,0.0,1008.8039
2023-07-25 13:00:00+00:00,18.7,48.77417,0.0,1009.0089
2023-07-25 14:00:00+00:00,19.0,48.195946,0.1,1008.911
2023-07-25 15:00:00+00:00,19.4,46.058453,0.0,1008.8137
2023-07-25 16:00:00+00:00,19.75,41.50806,0.0,1008.6164
2023-07-25 17:00:00+00:00,18.6,48.91326,0.0,1008.9085
2023-07-25 18:00:00+00:00,18.3,50.011356,0.0,1009.10596
2023-07-25 19:00:00+00:00,17.25,56.413197,0.0,1009.3987
2023-07-25 20:00:00+00:00,15.75,62.692394,0.0,1010.08765
2023-07-25 21:00:00+00:00,14.55,70.04187,0.0,1010.57837
2023-07-25 22:00:00+00:00,13.85,74.53196,0.0,1010.9732
2023-07-25 23:00:00+00:00,12.7,81.14904,0.0,1011.1648
2023-07-26 00:00:00+00:00,12.5,82.77349,0.0,1011.2635
2023-07-26 01:00:00+00:00,11.5,88.40808,0.0,1011.2565
2023-07-26 02:00:00+00:00,10.75,91.98511,0.0,1011.2514
2023-07-26 03:00:00+00:00,9.7,95.0807,0.0,1011.1446
2023-07-26 04:00:00+00:00,9.4,96.68846,0.0,1011.2422
2023-07-26 05:00:00+00:00,10.15,96.70774,0.0,1011.347
2023-07-26 06:00:00+00:00,11.85,90.53038,0.0,1011.4586
2023-07-26 07:00:00+00:00,13.9,81.85047,0.0,1011.77203
2023-07-26 08:00:00+00:00,16.05,69.86674,0.0,1011.78625
2023-07-26 09:00:00+00:00,17.75,54.661034,0.0,1011.6976
2023-07-26 10:00:00+00:00,18.8,51.17668,0.0,1011.405
2023-07-26 11:00:00+00:00,19.75,48.89487,0.0,1011.0119
2023-07-26 12:00:00+00:00,20.45,46.037357,0.0,1010.8166
2023-07-26 13:00:00+00:00,21.15,43.20844,0.0,1010.4218
2023-07-26 14:00:00+00:00,21.15,43.79865,0.0,1009.82294
2023-07-26 15:00:00+00:00,20.35,49.057835,0.0,1009.51843
2023-07-26 16:00:00+00:00,19.5,51.363304,0.0,1009.3134
2023-07-26 17:00:00+00:00,18.05,65.99606,0.1,1008.8049
2023-07-26 18:00:00+00:00,16.8,80.366585,0.9,1008.19775
2023-07-26 19:00:00+00:00,15.95,89.35809,1.6,1007.59357
2023-07-26 20:00:00+00:00,15.7,91.683014,1.8,1006.7935
2023-07-26 21:00:00+00:00,15.75,92.878044,1.4,1005.99536
2023-07-26 22:00:00+00:00,16.3,93.80651,1.9,1005.1005
2023-07-26 23:00:00+00:00,16.55,92.03026,2.3,1004.4034
2023-07-27 00:00:00+00:00,16.55,91.7352,1.1,1003.4053
2023-07-27 01:00:00+00:00,16.25,92.606346,2.4,1002.8045
2023-07-27 02:00:00+00:00,16.25,92.90454,0.5,1001.9062
2023-07-27 03:00:00+00:00,16.45,92.320404,0.1,1001.30853
2023-07-27 04:00:00+00:00,16.75,91.45362,0.0,1001.01105
2023-07-27 05:00:00+00:00,16.8,92.34034,0.1,1001.0114
2023-07-27 06:00:00+00:00,17.35,91.49134,0.0,1000.9152
2023-07-27 07:00:00+00:00,17.95,90.08437,0.0,1000.51984
2023-07-27 08:00:00+00:00,19.6,81.77748,0.0,1000.6303
2023-07-27 09:00:00+00:00,20.35,80.33047,0.1,1000.73474
2023-07-27 10:00:00+00:00,21.15,75.98665,0.1,1000.9394
2023-07-27 11:00:00+00:00,21.5,75.5623,0.1,1000.94165
2023-07-27 12:00:00+00:00,20.65,78.60809,0.0,1001.1359
2023-07-27 13:00:00+00:00,21.05,77.18552,0.1,1001.0387
2023-07-27 14:00:00+00:00,21.0,78.4101,0.1,1001.2379
2023-07-27 15:00:00+00:00,21.15,78.184326,0.1,1001.3387
2023-07-27 16:00:00+00:00,21.1,78.424644,0.0,1001.1388
2023-07-27 17:00:00+00:00,21.15,78.43194,0.0,1000.9394
2023-07-27 18:00:00+00:00,20.85,81.67621,0.1,1001.03735
2023-07-27 19:00:00+00:00,20.25,85.559074,0.1,1001.43286
2023-07-27 20:00:00+00:00,19.15,90.45551,0.1,1002.0249
2023-07-27 21:00:00+00:00,18.65,92.15283,0.0,1002.421
2023-07-27 22:00:00+00:00,18.5,92.72857,0.0,1002.7195
2023-07-27 23:00:00+00:00,17.45,93.56131,0.0,1002.9122
2023-07-28 00:00:00+00:00,16.85,95.03803,0.0,1003.3076
2023-07-28 01:00:00+00:00,16.35,94.71544,0.0,1003.3042
2023-07-28 02:00:00+00:00,15.85,94.695526,0.0,1003.4009
2023-07-28 03:00:00+00:00,16.1,91.412476,0.0,1003.4024
2023-07-28 04:00:00+00:00,16.0,90.23305,0.0,1003.60144
2023-07-28 05:00:00+00:00,16.05,89.94557,0.0,1003.7015
2023-07-28 06:00:00+00:00,16.55,86.845245,0.0,1003.90436
2023-07-28 07:00:00+00:00,17.7,79.196175,0.0,1004.0117
2023-07-28 08:00:00+00:00,18.65,73.41074,0.0,1004.21765
2023-07-28 09:00:00+00:00,19.3,70.03654,0.0,1004.5212
2023-07-28 10:00:00+00:00,19.75,70.12285,0.0,1004.8235
2023-07-28 11:00:00+00:00,20.0,71.773926,0.1,1004.72516
2023-07-28 12:00:00+00:00,19.75,74.07755,0.0,1004.9233
2023-07-28 13:00:00+00:00,20.4,71.15738,0.0,1004.8275
2023-07-28 14:00:00+00:00,21.75,63.829792,0.1,1004.6364
2023-07-28 15:00:00+00:00,22.55,60.208054,0.0,1004.2421
2023-07-28 16:00:00+00:00,22.1,62.68305,0.0,1004.0397
2023-07-28 17:00:00+00:00,21.55,66.3021,0.0,1003.6369
2023-07-28 18:00:00+00:00,20.75,68.74768,0.0,1003.6319
2023-07-28 19:00:00+00:00,19.45,73.55028,0.0,1003.6238
2023-07-28 20:00:00+00:00,17.95,80.00384,0.0,1004.01324
2023-07-28 21:00:00+00:00,17.1,85.233,0.0,1004.20746
2023-07-28 22:00:00+00:00,16.65,87.98342,0.0,1004.3042
2023-07-28 23:00:00+00:00,16.7,87.14032,0.0,1004.1049
2023-07-29 00:00:00+00:00,17.05,87.45376,0.0,1004.0076
2023-07-29 01:00:00+00:00,16.65,87.41747,0.0,1003.9049
2023-07-29 02:00:00+00:00,16.05,88.78949,0.0,1003.9011
2023-07-29 03:00:00+00:00,15.6,90.20427,0.0,1003.4988
2023-07-29 04:00:00+00:00,15.2,91.94997,0.0,1003.69586
2023-07-29 05:00:00+00:00,15.3,91.65828,0.0,1003.7963
2023-07-29 06:00:00+00:00,16.05,87.362755,0.1,1003.7015
2023-07-29 07:00:00+00:00,16.75,85.196106,0.1,1003.4065
2023-07-29 08:00:00+00:00,17.95,76.20882,0.1,1003.41437
2023-07-29 09:00:00+00:00,18.95,71.348785,0.1,1003.72034
2023-07-29 10:00:00+00:00,19.8,65.50566,0.1,1003.82556
2023-07-29 11:00:00+00:00,20.5,61.714336,0.2,1003.73016
2023-07-29 12:00:00+00:00,21.45,56.523483,0.0,1004.1354
2023-07-29 13:00:00+00:00,21.4,56.14116,0.0,1004.2348
2023-07-29 14:00:00+00:00,21.3,56.116203,0.0,1004.53375
2023-07-29 15:00:00+00:00,21.75,51.61483,0.0,1004.5366
2023-07-29 16:00:00+00:00,21.8,49.779026,0.0,1004.5369
2023-07-29 17:00:00+00:00,21.15,49.274193,0.0,1004.63257
2023-07-29 18:00:00+00:00,20.25,55.116802,0.0,1004.9264
2023-07-29 19:00:00+00:00,19.05,60.572598,0.0,1005.3181
2023-07-29 20:00:00+00:00,17.5,66.537285,0.0,1006.00665
2023-07-29 21:00:00+00:00,16.35,69.92529,0.0,1006.59796
2023-07-29 22:00:00+00:00,15.4,74.548775,0.0,1006.79126
2023-07-29 23:00:00+00:00,14.55,78.73968,0.0,1007.085
2023-07-30 00:00:00+00:00,15.1,71.81286,0.0,1007.38824
2023-07-30 01:00:00+00:00,15.1,74.7458,0.0,1007.4881
2023-07-30 02:00:00+00:00,15.2,76.52101,0.0,1007.28906
2023-07-30 03:00:00+00:00,14.75,79.55616,0.0,1007.386
2023-07-30 04:00:00+00:00,14.5,81.6567,0.0,1007.58374
2023-07-30 05:00:00+00:00,14.2,83.80858,0.0,1007.88135
2023-07-30 06:00:00+00:00,15.2,79.357574,0.0,1008.1873
2023-07-30 07:00:00+00:00,16.3,74.94871,0.0,1008.59393
2023-07-30 08:00:00+00:00,17.15,70.31245,0.0,1008.7992
2023-07-30 09:00:00+00:00,18.2,65.16161,0.1,1009.00543
2023-07-30 10:00:00+00:00,18.95,61.7639,0.0,1009.1103
2023-07-30 11:00:00+00:00,20.85,51.206352,0.0,1008.8229
2023-07-30 12:00:00+00:00,18.0,71.40496,0.2,1009.5033
2023-07-30 13:00:00+00:00,19.0,71.823135,0.2,1009.3103
2023-07-30 14:00:00+00:00,18.7,76.08214,0.4,1008.90906
2023-07-30 15:00:00+00:00,19.15,78.894226,0.1,1008.8122
2023-07-30 16:00:00+00:00,18.65,82.7101,1.1,1008.9088
2023-07-30 17:00:00+00:00,17.75,87.51687,0.7,1009.1025
2023-07-30 18:00:00+00:00,17.8,85.85545,0.1,1009.0029
2023-07-30 19:00:00+00:00,17.6,85.83525,0.2,1009.1015
2023-07-30 20:00:00+00:00,17.15,87.46279,0.1,1008.99884
2023-07-30 21:00:00+00:00,16.5,87.68667,0.0,1008.9944
2023-07-30 22:00:00+00:00,16.25,86.535835,0.0,1008.4938
2023-07-30 23:00:00+00:00,16.1,87.65093,0.0,1007.7941
2023-07-31 00:00:00+00:00,16.6,89.696884,0.0,1007.2982
2023-07-31 01:00:00+00:00,16.85,90.00435,0.0,1006.50165
2023-07-31 02:00:00+00:00,17.15,89.45098,0.0,1005.4056
2023-07-31 03:00:00+00:00,17.4,88.8991,0.0,1004.60864
2023-07-31 04:00:00+00:00,17.55,89.76816,0.0,1004.3102
2023-07-31 05:00:00+00:00,17.95,87.81492,0.0,1003.9134
2023-07-31 06:00:00+00:00,18.25,87.561676,0.0,1004.0152
2023-07-31 07:00:00+00:00,19.0,83.28202,0.0,1003.82056
2023-07-31 08:00:00+00:00,20.0,75.80244,0.1,1003.52747
2023-07-31 09:00:00+00:00,19.3,79.93254,0.1,1003.024
2023-07-31 10:00:00+00:00,20.25,74.40067,0.1,1002.6307
2023-07-31 11:00:00+00:00,20.9,71.25003,0.1,1002.43506
2023-07-31 12:00:00+00:00,20.5,65.65475,0.0,1002.5324
2023-07-31 13:00:00+00:00,19.65,65.902664,0.1,1001.92816
2023-07-31 14:00:00+00:00,17.4,84.44457,1.5,1002.11334
2023-07-31 15:00:00+00:00,17.55,82.04503,0.6,1001.61523
2023-07-31 16:00:00+00:00,17.5,80.46152,0.0,1001.11584
2023-07-31 17:00:00+00:00,18.75,72.95315,0.0,1000.32556
2023-07-31 18:00:00+00:00,18.1,75.004524,0.0,999.8221
2023-07-31 19:00:00+00:00,17.5,78.91103,0.0,999.21936
2023-07-31 20:00:00+00:00,16.5,81.646286,0.0,999.3127
2023-07-31 21:00:00+00:00,16.1,80.53421,0.0,999.7094
2023-07-31 22:00:00+00:00,15.55,81.52376,0.0,999.4062
2023-07-31 23:00:00+00:00,14.95,84.725746,0.0,999.2028
2023-08-01 00:00:00+00:00,14.85,85.83441,0.0,999.3021
2023-08-01 01:00:00+00:00,14.4,89.236336,0.0,999.2989
2023-08-01 02:00:00+00:00,14.25,90.9956,0.0,999.2979
2023-08-01 03:00:00+00:00,13.9,92.17304,0.0,999.2958
2023-08-01 04:00:00+00:00,13.75,92.46696,0.0,999.0952
2023-08-01 05:00:00+00:00,13.8,91.865425,0.0,999.39496
2023-08-01 06:00:00+00:00,15.0,81.99087,0.0,999.802
2023-08-01 07:00:00+00:00,16.0,76.1447,0.0,1000.0083
2023-08-01 08:00:00+00:00,17.1,69.3797,0.0,1000.21497
2023-08-01 09:00:00+00:00,18.3,61.409184,0.0,1000.42224
2023-08-01 10:00:00+00:00,19.0,57.424126,0.0,1000.4269
2023-08-01 11:00:00+00:00,19.85,54.105625,0.0,1000.43225
2023-08-01 12:00:00+00:00,20.05,53.618168,0.0,1000.63306
2023-08-01 13:00:00+00:00,20.95,50.55405,0.0,1000.539
2023-08-01 14:00:00+00:00,21.15,50.607372,0.0,1000.44037
2023-08-01 15:00:00+00:00,21.85,47.68297,0.0,999.9457
2023-08-01 16:00:00+00:00,21.6,49.23114,0.0,999.5449
2023-08-01 17:00:00+00:00,20.85,57.121994,0.0,999.4403
2023-08-01 18:00:00+00:00,19.7,65.698456,0.0,999.03394
2023-08-01 19:00:00+00:00,18.5,74.34412,0.0,998.8268
2023-08-01 20:00:00+00:00,17.7,79.196175,0.0,998.4222
2023-08-01 21:00:00+00:00,17.05,81.98218,0.0,997.7195
2023-08-01 22:00:00+00:00,16.6,82.19234,0.0,997.51666
2023-08-01 23:00:00+00:00,15.8,86.77388,2.0,996.0145
2023-08-02 00:00:00+00:00,14.7,91.02565,0.9,994.51025
2023-08-02 01:00:00+00:00,15.85,87.62852,0.0,992.5215
2023-08-02 02:00:00+00:00,16.25,89.381424,1.0,990.4279
2023-08-02 03:00:00+00:00,16.15,92.89927,2.3,988.23145
2023-08-02 04:00:00+00:00,16.5,94.72138,1.1,986.43695
2023-08-02 05:00:00+00:00,17.65,92.682785,0.9,985.9453
2023-08-02 06:00:00+00:00,17.75,90.646065,0.0,985.5468
2023-08-02 07:00:00+00:00,17.35,86.92073,0.3,985.644
2023-08-02 08:00:00+00:00,17.85,77.44055,0.3,985.64716
2023-08-02 09:00:00+00:00,18.5,72.435745,0.1,985.5517
2023-08-02 10:00:00+00:00,19.4,71.432236,0.1,985.25775
2023-08-02 11:00:00+00:00,19.15,62.837868,0.1,984.9568
2023-08-02 12:00:00+00:00,17.45,76.626724,1.3,985.04584
2023-08-02 13:00:00+00:00,16.85,82.22352,1.2,984.3434
2023-08-02 14:00:00+00:00,17.5,82.03873,0.8,983.5489
2023-08-02 15:00:00+00:00,17.85,81.81839,0.1,982.75256
2023-08-02 16:00:00+00:00,19.15,76.15414,0.1,982.3617
2023-08-02 17:00:00+00:00,17.4,83.36211,4.2,982.74976
2023-08-02 18:00:00+00:00,17.35,86.92073,2.0,983.74756
2023-08-02 19:00:00+00:00,17.85,82.87957,0.0,985.3477
2023-08-02 20:00:00+00:00,16.85,82.49088,0.0,986.8387
2023-08-02 21:00:00+00:00,16.3,84.322655,0.0,988.432
2023-08-02 22:00:00+00:00,15.85,86.216095,0.0,990.02625
2023-08-02 23:00:00+00:00,15.9,82.64328,0.0,991.42377
2023-08-03 00:00:00+00:00,15.4,89.605865,0.0,992.9175
2023-08-03 01:00:00+00:00,14.95,90.45139,0.0,993.8131
2023-08-03 02:00:00+00:00,14.6,91.31642,0.0,995.00836
2023-08-03 03:00:00+00:00,14.65,91.319664,0.0,995.9072
2023-08-03 04:00:00+00:00,14.35,90.11349,0.0,997.2026
2023-08-03 05:00:00+00:00,13.75,90.36613,0.0,998.4964
2023-08-03 06:00:00+00:00,14.2,87.479126,0.0,999.39746
2023-08-03 07:00:00+00:00,15.15,80.936844,0.0,1000.4018
2023-08-03 08:00:00+00:00,16.25,73.95742,0.0,1001.1077
2023-08-03 09:00:00+00:00,17.45,66.08699,0.0,1002.0139
2023-08-03 10:00:00+00:00,18.35,60.006233,0.0,1002.71814
2023-08-03 11:00:00+00:00,19.6,54.76823,0.0,1003.4251
2023-08-03 12:00:00+00:00,19.55,54.390793,0.0,1004.22327
2023-08-03 13:00:00+00:00,20.0,52.89386,0.0,1004.72516
2023-08-03 14:00:00+00:00,20.55,49.609028,0.0,1005.2277
2023-08-03 15:00:00+00:00,21.0,46.816418,0.0,1005.8294
2023-08-03 16:00:00+00:00,20.2,50.35352,0.0,1006.3234
2023-08-03 17:00:00+00:00,18.95,58.962006,0.0,1007.0142
2023-08-03 18:00:00+00:00,19.1,59.391293,0.0,1007.4144
2023-08-03 19:00:00+00:00,16.2,80.02234,0.1,1008.29376
2023-08-03 20:00:00+00:00,15.3,83.66047,0.0,1008.78687
2023-08-03 21:00:00+00:00,15.3,83.66047,0.0,1009.6851
2023-08-03 22:00:00+00:00,14.95,84.17113,0.0,1010.38165
2023-08-03 23:00:00+00:00,14.5,86.3646,0.0,1010.6778
2023-08-04 00:00:00+00:00,14.65,88.09547,0.0,1011.47766
2023-08-04 01:00:00+00:00,13.95,90.677536,0.0,1011.8721
2023-08-04 02:00:00+00:00,13.6,90.95193,0.0,1012.06915
2023-08-04 03:00:00+00:00,13.3,91.23189,0.0,1012.36676
2023-08-04 04:00:00+00:00,12.8,92.71866,0.0,1012.7625
2023-08-04 05:00:00+00:00,12.8,93.95038,0.0,1013.2616
2023-08-04 06:00:00+00:00,14.3,88.93628,0.0,1013.6709
2023-08-04 07:00:00+00:00,15.7,82.88961,0.0,1014.27936
2023-08-04 08:00:00+00:00,16.75,76.76695,0.1,1014.5854
2023-08-04 09:00:00+00:00,17.6,72.51003,0.0,1014.8906
2023-08-04 10:00:00+00:00,18.65,69.00319,0.0,1015.39667
2023-08-04 11:00:00+00:00,19.4,66.28164,0.0,1015.40137
2023-08-04 12:00:00+00:00,18.6,66.76794,0.1,1015.8954
2023-08-04 13:00:00+00:00,18.5,68.29879,0.1,1016.0944
2023-08-04 14:00:00+00:00,18.9,65.95943,0.1,1016.4962
2023-08-04 15:00:00+00:00,19.1,63.033985,0.0,1016.2978
2023-08-04 16:00:00+00:00,19.2,61.821484,0.0,1016.19867
2023-08-04 17:00:00+00:00,18.55,64.595146,0.0,1016.19446
2023-08-04 18:00:00+00:00,18.1,63.01691,0.0,1016.1913
2023-08-04 19:00:00+00:00,17.45,66.52675,0.0,1016.0874
2023-08-04 20:00:00+00:00,16.9,68.88223,0.0,1016.48315
2023-08-04 21:00:00+00:00,16.5,71.59638,0.0,1016.38043
2023-08-04 22:00:00+00:00,16.1,74.176186,0.0,1015.87885
2023-08-04 23:00:00+00:00,15.6,76.58481,0.0,1015.17664
2023-08-05 00:00:00+00:00,15.55,74.82216,0.0,1014.77704
2023-08-05 01:00:00+00:00,14.8,80.09165,0.2,1013.6744
2023-08-05 02:00:00+00:00,14.25,83.26206,0.0,1012.6724
2023-08-05 03:00:00+00:00,14.3,81.36073,0.0,1011.8743
2023-08-05 04:00:00+00:00,14.05,80.78923,0.0,1010.8747
2023-08-05 05:00:00+00:00,13.7,80.74191,0.0,1010.17346
2023-08-05 06:00:00+00:00,13.6,84.01747,2.0,1009.5739
2023-08-05 07:00:00+00:00,13.7,86.85763,0.9,1008.2771
2023-08-05 08:00:00+00:00,14.35,84.1031,0.3,1006.5848
2023-08-05 09:00:00+00:00,14.4,84.66541,0.2,1005.4871
2023-08-05 10:00:00+00:00,14.75,85.54289,0.9,1003.89264
2023-08-05 11:00:00+00:00,14.55,87.51104,2.1,1001.7951
2023-08-05 12:00:00+00:00,15.65,83.97511,3.4,1000.70465
2023-08-05 13:00:00+00:00,17.3,81.74856,2.1,999.7172
2023-08-05 14:00:00+00:00,18.45,77.78287,0.5,999.22534
2023-08-05 15:00:00+00:00,18.0,80.78913,1.1,999.1228
2023-08-05 16:00:00+00:00,18.45,78.53959,0.8,999.5248
2023-08-05 17:00:00+00:00,16.7,81.67191,3.3,1000.41187
2023-08-05 18:00:00+00:00,15.9,83.457115,0.4,1002.0038
2023-08-05 19:00:00+00:00,14.7,84.97732,0.0,1003.99225
2023-08-05 20:00:00+00:00,13.95,83.22624,0.0,1005.58405
2023-08-05 21:00:00+00:00,13.65,81.27515,0.0,1007.07904
2023-08-05 22:00:00+00:00,13.55,82.078415,0.0,1008.17633
2023-08-05 23:00:00+00:00,13.25,83.69812,0.0,1008.77325
2023-08-06 00:00:00+00:00,12.9,85.9188,0.0,1009.9685
2023-08-06 01:00:00+00:00,12.2,81.35586,0.0,1010.56287
2023-08-06 02:00:00+00:00,11.25,82.61852,0.0,1011.4545
2023-08-06 03:00:00+00:00,10.8,83.12535,0.0,1011.75073
2023-08-06 04:00:00+00:00,10.5,86.25311,0.0,1012.1481
2023-08-06 05:00:00+00:00,10.5,88.92073,0.0,1012.747
2023-08-06 06:00:00+00:00,11.65,85.79,0.0,1013.35364
2023-08-06 07:00:00+00:00,13.25,79.87478,0.0,1013.9634
2023-08-06 08:00:00+00:00,14.65,71.72896,0.0,1014.1725
2023-08-06 09:00:00+00:00,15.9,64.00918,0.0,1014.3803
2023-08-06 10:00:00+00:00,16.8,58.834793,0.0,1014.7854
2023-08-06 11:00:00+00:00,17.2,59.53055,0.3,1014.88806
2023-08-06 12:00:00+00:00,17.5,59.203796,0.1,1014.98975
2023-08-06 13:00:00+00:00,17.9,63.81421,0.1,1015.19183
2023-08-06 14:00:00+00:00,17.7,64.40857,0.2,1015.4901
2023-08-06 15:00:00+00:00,18.55,59.259106,0.0,1015.29614
2023-08-06 16:00:00+00:00,18.45,55.958664,0.0,1015.4948
2023-08-06 17:00:00+00:00,18.5,54.48585,0.0,1015.6951
2023-08-06 18:00:00+00:00,17.7,59.85106,0.0,1016.089
2023-08-06 19:00:00+00:00,16.45,67.43111,0.0,1016.5797
2023-08-06 20:00:00+00:00,14.7,74.42871,0.2,1016.9676
2023-08-06 21:00:00+00:00,13.65,80.19832,0.0,1017.25964
2023-08-06 22:00:00+00:00,12.85,83.372215,0.0,1017.5536
2023-08-06 23:00:00+00:00,12.25,86.42832,0.0,1017.54987
2023-08-07 00:00:00+00:00,12.1,86.41342,0.0,1018.04755
2023-08-07 01:00:00+00:00,11.55,88.70927,0.0,1017.9443
2023-08-07 02:00:00+00:00,11.2,90.181206,0.0,1017.84186
2023-08-07 03:00:00+00:00,10.9,91.6861,0.0,1017.93976
2023-08-07 04:00:00+00:00,10.55,93.53129,0.0,1017.93726
2023-08-07 05:00:00+00:00,10.45,94.47318,0.0,1018.0364
2023-08-07 06:00:00+00:00,11.75,92.04549,0.0,1018.14514
2023-08-07 07:00:00+00:00,13.45,85.40662,0.0,1018.456
2023-08-07 08:00:00+00:00,15.1,80.13324,0.0,1018.26764
2023-08-07 09:00:00+00:00,16.75,70.70179,0.0,1018.5779
2023-08-07 10:00:00+00:00,17.85,62.960346,0.0,1018.2858
2023-08-07 11:00:00+00:00,18.85,56.8148,0.0,1017.8932
2023-08-07 12:00:00+00:00,19.35,53.43648,0.0,1017.6967
2023-08-07 13:00:00+00:00,20.1,48.49688,0.0,1017.40216
2023-08-07 14:00:00+00:00,19.9,48.77074,0.0,1017.2012
2023-08-07 15:00:00+00:00,20.25,48.701595,0.0,1016.90405
2023-08-07 16:00:00+00:00,20.05,49.808254,0.0,1016.6033
2023-08-07 17:00:00+00:00,19.7,52.81544,0.0,1016.10205
2023-08-07 18:00:00+00:00,18.9,60.13695,0.0,1015.79755
2023-08-07 19:00:00+00:00,17.3,62.62591,0.0,1015.98663
2023-08-07 20:00:00+00:00,15.5,65.22742,0.0,1016.07434
2023-08-07 21:00:00+00:00,14.25,69.51201,0.0,1016.066
2023-08-07 22:00:00+00:00,13.5,72.48745,0.0,1015.76154
2023-08-07 23:00:00+00:00,13.0,76.939995,0.0,1015.85815
2023-08-08 00:00:00+00:00,12.5,78.70004,0.0,1015.55524
2023-08-08 01:00:00+00:00,11.85,84.38103,0.0,1015.1515
2023-08-08 02:00:00+00:00,11.35,89.28972,0.0,1014.8486
2023-08-08 03:00:00+00:00,10.95,92.616,0.0,1014.54663
2023-08-08 04:00:00+00:00,10.95,93.55101,0.0,1014.54663
2023-08-08 05:00:00+00:00,11.1,93.87155,0.0,1014.6474
2023-08-08 06:00:00+00:00,12.2,90.25436,0.0,1014.45544
2023-08-08 07:00:00+00:00,13.6,85.139786,0.0,1014.26495
2023-08-08 08:00:00+00:00,14.35,83.54955,0.0,1014.27014
2023-08-08 09:00:00+00:00,15.0,81.99087,0.0,1014.37427
2023-08-08 10:00:00+00:00,15.4,81.23684,0.0,1014.27704
2023-08-08 11:00:00+00:00,16.1,77.17059,0.0,1013.78284
2023-08-08 12:00:00+00:00,16.5,81.912674,0.1,1013.0867
2023-08-08 13:00:00+00:00,16.7,83.279816,0.2,1012.7886
2023-08-08 14:00:00+00:00,17.0,81.97586,0.2,1012.2917
2023-08-08 15:00:00+00:00,17.05,85.50325,0.1,1011.89276
2023-08-08 16:00:00+00:00,17.1,86.339325,0.4,1011.4938
2023-08-08 17:00:00+00:00,17.2,88.03116,0.7,1011.39465
2023-08-08 18:00:00+00:00,17.45,88.90313,0.0,1010.997
2023-08-08 19:00:00+00:00,17.15,90.89534,0.3,1011.19464
2023-08-08 20:00:00+00:00,16.85,92.63924,0.1,1011.49225
2023-08-08 21:00:00+00:00,16.5,94.41867,0.1,1011.7891
2023-08-08 22:00:00+00:00,16.25,95.0156,0.2,1012.18677
2023-08-08 23:00:00+00:00,15.75,94.69152,0.0,1012.28345
2023-08-09 00:00:00+00:00,14.6,96.81879,0.0,1012.67474
2023-08-09 01:00:00+00:00,13.35,97.1052,0.0,1012.9659
2023-08-09 02:00:00+00:00,12.55,96.45029,0.0,1013.45953
2023-08-09 03:00:00+00:00,11.8,95.47572,0.0,1013.9535
2023-08-09 04:00:00+00:00,11.8,92.972244,0.0,1014.35266
2023-08-09 05:00:00+00:00,10.75,93.85513,0.0,1014.8445
2023-08-09 06:00:00+00:00,12.1,89.34933,0.0,1014.9535
2023-08-09 07:00:00+00:00,13.55,85.41716,0.0,1015.3626
2023-08-09 08:00:00+00:00,15.4,79.911095,0.0,1015.87396
2023-08-09 09:00:00+00:00,17.45,69.219894,0.0,1016.28705
2023-08-09 10:00:00+00:00,18.85,61.333363,0.0,1016.59564
2023-08-09 11:00:00+00:00,19.95,57.84929,0.0,1016.70245
2023-08-09 12:00:00+00:00,20.65,58.78827,0.0,1016.90656
2023-08-09 13:00:00+00:00,22.05,53.250107,0.0,1017.0154
2023-08-09 14:00:00+00:00,22.75,52.047684,0.0,1017.01984
2023-08-09 15:00:00+00:00,23.15,50.802353,0.0,1016.92255
2023-08-09 16:00:00+00:00,24.05,48.916454,0.0,1016.6288
2023-08-09 17:00:00+00:00,23.85,50.160404,0.0,1016.62744
2023-08-09 18:00:00+00:00,22.9,59.13419,0.0,1016.6214
2023-08-09 19:00:00+00:00,21.1,69.038124,0.0,1016.8097
2023-08-09 20:00:00+00:00,18.6,80.35085,0.0,1017.3926
2023-08-09 21:00:00+00:00,17.0,87.731125,0.0,1018.08075
2023-08-09 22:00:00+00:00,16.2,90.539024,0.0,1018.17505
2023-08-09 23:00:00+00:00,15.35,92.55661,0.0,1018.66846
2023-08-10 00:00:00+00:00,14.75,94.038925,0.0,1018.46497
2023-08-10 01:00:00+00:00,14.0,95.86309,0.0,1018.5597
2023-08-10 02:00:00+00:00,13.7,95.541016,0.0,1018.35785
2023-08-10 03:00:00+00:00,14.05,95.24201,0.0,1018.061
2023-08-10 04:00:00+00:00,12.6,98.373116,0.0,1017.75165
2023-08-10 05:00:00+00:00,12.6,97.08844,0.0,1018.1508
2023-08-10 06:00:00+00:00,15.0,88.12585,0.0,1017.9675
2023-08-10 07:00:00+00:00,17.5,79.94174,0.0,1017.7845
2023-08-10 08:00:00+00:00,19.6,72.86795,0.0,1017.6984
2023-08-10 09:00:00+00:00,21.4,66.91377,0.0,1017.61
2023-08-10 10:00:00+00:00,23.1,65.571884,0.0,1017.6209
2023-08-10 11:00:00+00:00,24.0,63.709793,0.0,1017.32715
2023-08-10 12:00:00+00:00,24.0,60.93287,0.0,1017.2273
2023-08-10 13:00:00+00:00,24.65,60.118515,0.0,1016.9321
2023-08-10 14:00:00+00:00,25.6,55.91339,0.0,1016.63873
2023-08-10 15:00:00+00:00,25.45,57.319317,0.0,1016.4381
2023-08-10 16:00:00+00:00,24.65,59.927498,0.0,1016.2334
2023-08-10 17:00:00+00:00,24.1,60.1825,0.0,1016.22986
2023-08-10 18:00:00+00:00,22.95,62.872856,0.0,1016.3223
2023-08-10 19:00:00+00:00,21.25,69.289375,0.0,1016.21173
2023-08-10 20:00:00+00:00,19.65,75.26101,0.0,1016.501
2023-08-10 21:00:00+00:00,18.8,79.097725,0.0,1016.8947
2023-08-10 22:00:00+00:00,18.15,82.38444,0.0,1016.59094
2023-08-10 23:00:00+00:00,17.45,87.77093,0.0,1016.4867
2023-08-11 00:00:00+00:00,17.2,89.16848,0.0,1016.6847
2023-08-11 01:00:00+00:00,17.5,90.05177,0.0,1016.2873
2023-08-11 02:00:00+00:00,17.45,92.083115,0.0,1015.88776
2023-08-11 03:00:00+00:00,18.6,87.03744,0.0,1015.59595
2023-08-11 04:00:00+00:00,18.75,88.164276,0.0,1015.19763
2023-08-11 05:00:00+00:00,18.95,89.58808,0.0,1015.19885
2023-08-11 06:00:00+00:00,19.2,89.32447,0.0,1015.6996
2023-08-11 07:00:00+00:00,19.65,84.68971,0.0,1016.0019
2023-08-11 08:00:00+00:00,20.05,81.57496,0.0,1016.4036
2023-08-11 09:00:00+00:00,21.2,74.79758,0.0,1016.3112
2023-08-11 10:00:00+00:00,23.1,65.571884,0.0,1015.924
2023-08-11 11:00:00+00:00,23.4,65.01206,0.1,1015.92596
2023-08-11 12:00:00+00:00,24.0,59.39431,0.3,1015.9297
2023-08-11 13:00:00+00:00,22.8,67.414406,0.0,1015.9221
2023-08-11 14:00:00+00:00,22.75,69.80017,0.1,1015.62244
2023-08-11 15:00:00+00:00,22.85,69.15884,0.1,1015.4234
2023-08-11 16:00:00+00:00,22.85,68.72161,0.0,1015.0242
2023-08-11 17:00:00+00:00,22.15,68.58392,0.0,1014.6204
2023-08-11 18:00:00+00:00,21.1,72.43535,0.0,1014.514
2023-08-11 19:00:00+00:00,19.4,79.94628,0.0,1014.5031
2023-08-11 20:00:00+00:00,18.15,82.38444,0.0,1014.7943
2023-08-11 21:00:00+00:00,17.25,84.15598,0.0,1014.68866
2023-08-11 22:00:00+00:00,16.6,87.69559,0.0,1014.5844
2023-08-11 23:00:00+00:00,16.0,91.40613,0.0,1014.4809
2023-08-12 00:00:00+00:00,15.65,85.07929,0.0,1014.07935
2023-08-12 01:00:00+00:00,15.35,85.60517,0.0,1013.8775
2023-08-12 02:00:00+00:00,14.8,88.686554,0.0,1013.5746
2023-08-12 03:00:00+00:00,13.95,93.69616,0.0,1013.56885
2023-08-12 04:00:00+00:00,13.85,95.54609,0.0,1013.06915
2023-08-12 05:00:00+00:00,14.1,95.24381,0.0,1012.67145
2023-08-12 06:00:00+00:00,15.35,89.3112,0.0,1012.58
2023-08-12 07:00:00+00:00,17.3,80.17391,0.0,1012.593
2023-08-12 08:00:00+00:00,18.6,72.453766,0.0,1012.4019
2023-08-12 09:00:00+00:00,19.65,67.2047,0.0,1011.9095
2023-08-12 10:00:00+00:00,20.75,60.770958,0.0,1011.71686
2023-08-12 11:00:00+00:00,20.95,60.224453,0.2,1011.9178
2023-08-12 12:00:00+00:00,19.8,67.45458,0.1,1012.30975
2023-08-12 13:00:00+00:00,20.4,64.36535,0.0,1011.9143
2023-08-12 14:00:00+00:00,20.95,62.831696,0.1,1011.818
2023-08-12 15:00:00+00:00,20.25,66.029465,0.0,1011.81354
2023-08-12 16:00:00+00:00,20.25,65.60159,0.0,1011.81354
2023-08-12 17:00:00+00:00,19.8,68.33702,0.1,1011.5112
2023-08-12 18:00:00+00:00,19.4,70.74104,0.0,1011.5087
2023-08-12 19:00:00+00:00,18.4,74.32711,0.0,1011.60187
2023-08-12 20:00:00+00:00,17.4,78.640594,0.0,1012.09454
2023-08-12 21:00:00+00:00,16.8,82.484726,0.0,1012.3899
2023-08-12 22:00:00+00:00,16.0,86.79295,0.0,1012.7841
2023-08-12 23:00:00+00:00,15.45,89.60968,0.0,1012.88
2023-08-13 00:00:00+00:00,15.5,90.49009,0.0,1012.6807
2023-08-13 01:00:00+00:00,15.45,89.60968,0.0,1012.6804
2023-08-13 02:00:00+00:00,15.15,91.35185,0.0,1012.4789
2023-08-13 03:00:00+00:00,15.2,91.35504,0.0,1012.2796
2023-08-13 04:00:00+00:00,15.3,91.0655,0.0,1012.2802
2023-08-13 05:00:00+00:00,15.3,91.36146,0.0,1012.18036
2023-08-13 06:00:00+00:00,16.15,85.687614,0.0,1011.9866
2023-08-13 07:00:00+00:00,16.85,82.22352,0.0,1011.9913
2023-08-13 08:00:00+00:00,17.75,78.18292,0.0,1011.9971
2023-08-13 09:00:00+00:00,18.85,72.970894,0.0,1011.9044
2023-08-13 10:00:00+00:00,19.35,69.5924,0.1,1011.8078
2023-08-13 11:00:00+00:00,20.4,62.708042,0.1,1011.4152
2023-08-13 12:00:00+00:00,21.15,57.195908,0.1,1011.61957
2023-08-13 13:00:00+00:00,21.75,55.49578,0.0,1011.5236
2023-08-13 14:00:00+00:00,21.85,53.90375,0.0,1011.4244
2023-08-13 15:00:00+00:00,21.65,53.85247,0.0,1011.32336
2023-08-13 16:00:00+00:00,20.7,58.223545,0.0,1011.4172
2023-08-13 17:00:00+00:00,20.35,58.715958,0.0,1011.2152
2023-08-13 18:00:00+00:00,19.3,65.1847,0.0,1011.00903
2023-08-13 19:00:00+00:00,18.05,69.794914,0.0,1011.1005
2023-08-13 20:00:00+00:00,17.0,74.57519,0.0,1011.59296
2023-08-13 21:00:00+00:00,16.7,77.77116,0.0,1011.79047
2023-08-13 22:00:00+00:00,16.1,83.753006,0.0,1011.78656
2023-08-13 23:00:00+00:00,15.9,86.78344,0.0,1011.7853
2023-08-14 00:00:00+00:00,15.55,87.31689,0.0,1011.3835
2023-08-14 01:00:00+00:00,16.0,84.56418,0.0,1010.88763
2023-08-14 02:00:00+00:00,16.2,82.94991,0.0,1010.29004
2023-08-14 03:00:00+00:00,16.05,83.20288,0.1,1009.79
2023-08-14 04:00:00+00:00,16.15,84.30592,0.3,1009.2917
2023-08-14 05:00:00+00:00,16.2,89.08921,2.0,1008.9925
2023-08-14 06:00:00+00:00,16.7,89.416275,0.1,1008.7961
2023-08-14 07:00:00+00:00,17.4,88.61477,0.2,1008.60114
2023-08-14 08:00:00+00:00,17.9,85.86556,0.0,1008.70404
2023-08-14 09:00:00+00:00,19.65,75.98951,0.0,1008.8153
2023-08-14 10:00:00+00:00,20.35,73.0005,0.0,1008.6201
2023-08-14 11:00:00+00:00,20.9,70.79471,0.1,1008.32416
2023-08-14 12:00:00+00:00,21.65,68.48505,0.1,1007.9297
2023-08-14 13:00:00+00:00,21.6,68.69475,0.0,1007.9293
2023-08-14 14:00:00+00:00,20.5,74.205154,0.0,1008.122
2023-08-14 15:00:00+00:00,20.45,75.39193,0.6,1008.02185
2023-08-14 16:00:00+00:00,20.0,77.024506,0.2,1007.91925
2023-08-14 17:00:00+00:00,19.75,79.485794,0.1,1007.8179
2023-08-14 18:00:00+00:00,19.2,79.91878,0.0,1008.2136
2023-08-14 19:00:00+00:00,18.2,83.72352,0.0,1008.6062
2023-08-14 20:00:00+00:00,17.35,86.08648,0.0,1009.19965
2023-08-14 21:00:00+00:00,16.5,89.40081,0.0,1009.59326
2023-08-14 22:00:00+00:00,15.7,93.47668,0.0,1009.9875
2023-08-14 23:00:00+00:00,15.15,95.28154,0.0,1010.283
2023-08-15 00:00:00+00:00,15.95,92.58983,0.0,1010.6877
2023-08-15 01:00:00+00:00,15.7,86.20122,0.0,1010.6861
2023-08-15 02:00:00+00:00,15.3,82.29887,0.0,1010.6832
2023-08-15 03:00:00+00:00,14.4,86.07114,0.0,1010.9767
2023-08-15 04:00:00+00:00,12.95,93.34029,0.0,1011.46625
2023-08-15 05:00:00+00:00,12.45,95.18359,0.0,1012.1614
2023-08-15 06:00:00+00:00,13.4,93.66992,0.0,1012.7666
2023-08-15 07:00:00+00:00,15.1,87.2754,0.0,1013.17725
2023-08-15 08:00:00+00:00,17.1,76.321465,0.0,1013.2904
2023-08-15 09:00:00+00:00,18.9,66.83048,0.0,1013.7014
2023-08-15 10:00:00+00:00,20.05,62.220036,0.0,1014.1079
2023-08-15 11:00:00+00:00,20.2,62.254158,0.0,1014.2087
2023-08-15 12:00:00+00:00,21.05,60.05148,0.0,1014.31396
2023-08-15 13:00:00+00:00,21.6,57.494236,0.1,1014.5171
2023-08-15 14:00:00+00:00,22.1,56.684406,0.0,1014.71985
2023-08-15 15:00:00+00:00,22.05,56.857414,0.1,1014.91925
2023-08-15 16:00:00+00:00,22.15,54.158028,0.0,1015.1195
2023-08-15 17:00:00+00:00,22.0,53.41267,0.0,1015.3182
2023-08-15 18:00:00+00:00,21.25,57.786198,0.0,1015.61285
2023-08-15 19:00:00+00:00,19.1,70.22617,0.0,1016.09814
2023-08-15 20:00:00+00:00,18.05,75.73126,0.0,1016.5902
2023-08-15 21:00:00+00:00,17.25,80.951225,0.0,1016.98444
2023-08-15 22:00:00+00:00,16.2,87.37646,0.0,1017.2768
2023-08-15 23:00:00+00:00,14.85,93.434944,0.0,1017.4676
2023-08-16 00:00:00+00:00,14.25,93.10102,0.0,1017.3635
2023-08-16 01:00:00+00:00,13.5,92.75695,0.0,1017.25867
2023-08-16 02:00:00+00:00,13.55,90.94856,0.0,1017.4586
2023-08-16 03:00:00+00:00,13.0,93.035774,0.0,1017.6547
2023-08-16 04:00:00+00:00,12.55,94.56126,0.0,1018.0507
2023-08-16 05:00:00+00:00,12.6,95.18913,0.0,1018.35046
2023-08-16 06:00:00+00:00,14.25,91.293785,0.0,1018.5613
2023-08-16 07:00:00+00:00,15.75,85.64648,0.0,1018.871
2023-08-16 08:00:00+00:00,17.6,79.696945,0.0,1018.8831
2023-08-16 09:00:00+00:00,19.6,73.10339,0.0,1018.69653
2023-08-16 10:00:00+00:00,21.35,66.26034,0.0,1018.6079
2023-08-16 11:00:00+00:00,22.3,59.56802,0.1,1018.61395
2023-08-16 12:00:00+00:00,23.4,51.37039,0.1,1018.52124
2023-08-16 13:00:00+00:00,23.8,50.147163,0.0,1018.4239
2023-08-16 14:00:00+00:00,24.2,48.478073,0.0,1018.32666
2023-08-16 15:00:00+00:00,24.6,47.48581,0.0,1018.1296
2023-08-16 16:00:00+00:00,24.2,46.912632,0.0,1017.92737
2023-08-16 17:00:00+00:00,23.15,52.666103,0.0,1017.9207
2023-08-16 18:00:00+00:00,21.4,59.354588,0.0,1018.1091
2023-08-16 19:00:00+00:00,19.3,65.1847,0.0,1018.49506
2023-08-16 20:00:00+00:00,17.7,71.81862,0.0,1018.8837
2023-08-16 21:00:00+00:00,16.65,79.304214,0.0,1019.0763
2023-08-16 22:00:00+00:00,15.6,88.177666,0.0,1019.2689
2023-08-16 23:00:00+00:00,15.1,91.943954,0.0,1019.36554
2023-08-17 00:00:00+00:00,14.85,94.96264,0.0,1018.9648
2023-08-17 01:00:00+00:00,14.95,95.58321,0.0,1018.9654
2023-08-17 02:00:00+00:00,15.05,95.58656,0.0,1018.76636
2023-08-17 03:00:00+00:00,15.2,95.28335,0.0,1018.5677
2023-08-17 04:00:00+00:00,15.4,95.59826,0.0,1018.4691
2023-08-17 05:00:00+00:00,15.55,95.91156,0.0,1018.27045
2023-08-17 06:00:00+00:00,16.45,93.2137,0.0,1018.47614
2023-08-17 07:00:00+00:00,18.2,83.72352,0.0,1018.88684
2023-08-17 08:00:00+00:00,19.5,77.69094,0.0,1018.79565
2023-08-17 09:00:00+00:00,20.45,74.19666,0.0,1018.6021
2023-08-17 10:00:00+00:00,21.3,68.41557,0.1,1018.3081
2023-08-17 11:00:00+00:00,22.15,61.491714,0.0,1018.11395
2023-08-17 12:00:00+00:00,22.45,59.603436,0.0,1018.21564
2023-08-17 13:00:00+00:00,22.95,57.63595,0.0,1017.7197
2023-08-17 14:00:00+00:00,22.8,56.488724,0.0,1017.1199
2023-08-17 15:00:00+00:00,22.55,56.24347,0.0,1016.8189
2023-08-17 16:00:00+00:00,21.5,57.658165,0.0,1016.81226
2023-08-17 17:00:00+00:00,20.25,62.265526,0.0,1016.7044
2023-08-17 18:00:00+00:00,19.15,69.32738,0.0,1016.5976
2023-08-17 19:00:00+00:00,18.1,75.73939,0.0,1016.3909
2023-08-17 20:00:00+00:00,17.05,82.78321,0.0,1016.3843
2023-08-17 21:00:00+00:00,16.5,86.28038,0.0,1016.28064
2023-08-17 22:00:00+00:00,16.2,89.08921,0.0,1016.3785
2023-08-17 23:00:00+00:00,16.55,89.40469,0.0,1016.18115
2023-08-18 00:00:00+00:00,16.05,91.40932,0.0,1015.7787
2023-08-18 01:00:00+00:00,16.55,91.7352,0.0,1015.68207
2023-08-18 02:00:00+00:00,17.0,90.8853,0.0,1014.9866
2023-08-18 03:00:00+00:00,17.1,91.18341,0.0,1013.7894
2023-08-18 04:00:00+00:00,17.15,92.36015,0.0,1013.49036
2023-08-18 05:00:00+00:00,17.3,93.25653,0.0,1013.49133
2023-08-18 06:00:00+00:00,17.75,90.93535,0.0,1013.3944
2023-08-18 07:00:00+00:00,18.6,85.3896,0.0,1013.20044
2023-08-18 08:00:00+00:00,19.4,80.45866,0.0,1012.90607
2023-08-18 09:00:00+00:00,19.4,79.69117,0.3,1013.2055
2023-08-18 10:00:00+00:00,18.9,85.96579,0.8,1012.5037
2023-08-18 11:00:00+00:00,19.9,83.12305,0.3,1011.9111
2023-08-18 12:00:00+00:00,19.55,82.29327,0.1,1011.60944
2023-08-18 13:00:00+00:00,22.65,69.120026,0.0,1011.13
2023-08-18 14:00:00+00:00,24.1,61.93472,0.0,1010.74
2023-08-18 15:00:00+00:00,24.75,59.192253,0.0,1009.94556
2023-08-18 16:00:00+00:00,24.45,62.210674,0.0,1008.94543
2023-08-18 17:00:00+00:00,22.7,73.179085,0.6,1008.9344
2023-08-18 18:00:00+00:00,21.2,83.53641,0.3,1008.32605
2023-08-18 19:00:00+00:00,20.65,86.13873,0.0,1007.9233
2023-08-18 20:00:00+00:00,20.05,89.38982,0.0,1007.62006
2023-08-18 21:00:00+00:00,20.05,89.10978,0.2,1007.121
2023-08-18 22:00:00+00:00,20.85,92.27824,1.6,1006.9264
2023-08-18 23:00:00+00:00,21.0,92.28669,0.0,1006.5281
2023-08-19 00:00:00+00:00,20.15,93.10635,0.0,1006.7224
2023-08-19 01:00:00+00:00,20.6,91.691444,0.0,1006.825
2023-08-19 02:00:00+00:00,20.65,89.15663,0.0,1006.8254
2023-08-19 03:00:00+00:00,19.9,87.984406,0.1,1006.82056
2023-08-19 04:00:00+00:00,18.4,90.97839,0.0,1007.30994
2023-08-19 05:00:00+00:00,17.25,92.957115,0.0,1008.10114
2023-08-19 06:00:00+00:00,17.4,90.33288,0.0,1009.1002
2023-08-19 07:00:00+00:00,18.35,84.54874,0.0,1009.7051
2023-08-19 08:00:00+00:00,19.45,77.93277,0.1,1010.4111
2023-08-19 09:00:00+00:00,20.65,71.43266,0.0,1010.81793
2023-08-19 10:00:00+00:00,21.9,64.48279,0.0,1011.42474
2023-08-19 11:00:00+00:00,22.7,58.13795,0.0,1012.02875
2023-08-19 12:00:00+00:00,22.95,57.63595,0.0,1012.8288
2023-08-19 13:00:00+00:00,23.3,55.88324,0.0,1013.3302
2023-08-19 14:00:00+00:00,23.0,55.627476,0.0,1013.82733
2023-08-19 15:00:00+00:00,22.75,56.660202,0.0,1014.1252
2023-08-19 16:00:00+00:00,21.8,63.43011,0.0,1014.4186
2023-08-19 17:00:00+00:00,21.5,63.981335,0.0,1014.6163
2023-08-19 18:00:00+00:00,20.4,66.49112,0.0,1015.0086
2023-08-19 19:00:00+00:00,18.95,73.225555,0.0,1015.49835
2023-08-19 20:00:00+00:00,17.7,78.68437,0.0,1016.28864
2023-08-19 21:00:00+00:00,16.9,82.229774,0.0,1016.98224
2023-08-19 22:00:00+00:00,16.25,85.420105,0.0,1017.4768
2023-08-19 23:00:00+00:00,15.55,89.90857,0.0,1017.971
2023-08-20 00:00:00+00:00,15.2,93.75522,0.0,1018.0686
2023-08-20 01:00:00+00:00,14.95,94.96645,0.0,1018.1668
2023-08-20 02:00:00+00:00,14.85,96.20058,0.0,1018.4657
2023-08-20 03:00:00+00:00,14.9,97.45369,0.0,1018.6655
2023-08-20 04:00:00+00:00,15.3,98.09074,0.0,1018.76794
2023-08-20 05:00:00+00:00,15.8,96.227905,0.0,1019.07086
2023-08-20 06:00:00+00:00,16.35,92.909805,0.0,1019.5734
2023-08-20 07:00:00+00:00,17.3,87.19581,0.0,1020.0789
2023-08-20 08:00:00+00:00,18.9,77.10215,0.1,1020.1893
2023-08-20 09:00:00+00:00,20.05,69.95384,0.1,1020.2964
2023-08-20 10:00:00+00:00,21.15,64.5285,0.1,1020.30347
2023-08-20 11:00:00+00:00,22.0,59.88464,0.1,1020.10925
2023-08-20 12:00:00+00:00,22.2,59.159267,0.0,1020.41003
2023-08-20 13:00:00+00:00,23.1,54.755074,0.0,1020.1163
2023-08-20 14:00:00+00:00,23.8,51.307453,0.0,1019.92114
2023-08-20 15:00:00+00:00,24.0,48.903046,0.0,1019.6229
2023-08-20 16:00:00+00:00,22.9,53.995407,0.0,1019.7157
2023-08-20 17:00:00+00:00,22.0,59.111626,0.0,1019.8098
2023-08-20 18:00:00+00:00,21.25,63.513744,0.0,1020.00476
2023-08-20 19:00:00+00:00,19.8,70.816345,0.0,1020.3946
2023-08-20 20:00:00+00:00,18.3,78.51768,0.0,1021.0835
2023-08-20 21:00:00+00:00,17.3,84.97976,0.0,1021.4763
2023-08-20 22:00:00+00:00,16.45,91.72909,0.0,1021.57025
2023-08-20 23:00:00+00:00,15.9,94.393486,0.0,1021.76636
2023-08-21 00:00:00+00:00,15.45,95.292244,0.0,1021.7632
2023-08-21 01:00:00+00:00,14.9,96.202034,0.0,1021.7597
2023-08-21 02:00:00+00:00,14.45,96.81513,0.0,1021.75653
2023-08-21 03:00:00+00:00,14.05,97.754196,0.0,1021.85376
2023-08-21 04:00:00+00:00,13.65,98.7072,0.0,1021.9507
2023-08-21 05:00:00+00:00,13.3,99.02636,0.0,1022.1481
2023-08-21 06:00:00+00:00,14.15,98.39252,0.0,1022.1538
2023-08-21 07:00:00+00:00,14.75,97.13613,0.0,1022.4574
2023-08-21 08:00:00+00:00,16.4,89.105156,0.0,1022.6679
2023-08-21 09:00:00+00:00,18.55,77.79794,0.0,1022.4827
2023-08-21 10:00:00+00:00,21.05,63.058666,0.0,1022.2991
2023-08-21 11:00:00+00:00,21.95,61.247288,0.0,1021.9056
2023-08-21 12:00:00+00:00,23.15,49.974567,0.0,1021.9133
2023-08-21 13:00:00+00:00,24.75,43.059296,0.0,1020.92535
2023-08-21 14:00:00+00:00,24.3,44.82346,0.0,1020.62305
2023-08-21 15:00:00+00:00,23.2,53.19758,0.0,1020.3165
2023-08-21 16:00:00+00:00,22.4,57.1292,0.0,1019.9122
2023-08-21 17:00:00+00:00,22.2,57.828606,0.0,1019.5117
2023-08-21 18:00:00+00:00,20.85,64.672775,0.0,1019.2035
2023-08-21 19:00:00+00:00,19.4,70.51196,0.0,1019.2941
2023-08-21 20:00:00+00:00,17.9,78.20522,0.0,1019.78326
2023-08-21 21:00:00+00:00,16.85,84.38378,0.0,1019.87634
2023-08-21 22:00:00+00:00,16.05,88.78949,0.0,1019.5715
2023-08-21 23:00:00+00:00,15.4,92.26023,0.0,1019.567
2023-08-22 00:00:00+00:00,14.9,94.04568,0.0,1019.16455
2023-08-22 01:00:00+00:00,14.65,94.64728,0.0,1018.7638
2023-08-22 02:00:00+00:00,14.5,95.56807,0.0,1018.6626
2023-08-22 03:00:00+00:00,14.65,96.506966,0.0,1018.3645
2023-08-22 04:00:00+00:00,15.35,94.06578,0.0,1018.2692
2023-08-22 05:00:00+00:00,15.8,92.880684,0.0,1018.2724
2023-08-22 06:00:00+00:00,16.7,89.416275,0.0,1018.47784
2023-08-22 07:00:00+00:00,17.7,84.20634,0.0,1018.8837
2023-08-22 08:00:00+00:00,18.85,77.842995,0.0,1018.9912
2023-08-22 09:00:00+00:00,20.1,70.64438,0.0,1018.9992
2023-08-22 10:00:00+00:00,21.1,65.569626,0.0,1019.1054
2023-08-22 11:00:00+00:00,22.05,60.286163,0.0,1018.8121
2023-08-22 12:00:00+00:00,22.75,58.15001,0.0,1018.6169
2023-08-22 13:00:00+00:00,23.6,54.8811,0.0,1018.5224
2023-08-22 14:00:00+00:00,24.2,51.747547,0.0,1018.127
2023-08-22 15:00:00+00:00,24.35,49.965866,0.0,1018.0282
2023-08-22 16:00:00+00:00,24.35,48.518345,0.0,1017.82855
2023-08-22 17:00:00+00:00,24.05,49.23788,0.0,1017.52716
2023-08-22 18:00:00+00:00,22.45,57.327606,0.0,1017.517
2023-08-22 19:00:00+00:00,20.2,65.16542,0.0,1018.10144
2023-08-22 20:00:00+00:00,18.35,73.59722,0.0,1018.788
2023-08-22 21:00:00+00:00,17.05,80.6623,0.0,1019.2789
2023-08-22 22:00:00+00:00,16.55,83.26211,0.0,1019.3751
2023-08-22 23:00:00+00:00,15.9,86.78344,0.0,1019.2711
2023-08-23 00:00:00+00:00,15.35,89.893715,0.0,1018.9679
2023-08-23 01:00:00+00:00,14.65,93.4251,0.0,1019.2629
2023-08-23 02:00:00+00:00,14.0,95.551186,0.0,1018.8591
2023-08-23 03:00:00+00:00,13.6,97.110756,0.0,1018.7564
2023-08-23 04:00:00+00:00,13.15,98.05884,0.0,1018.65375
2023-08-23 05:00:00+00:00,12.45,99.34566,0.0,1018.44934
2023-08-23 06:00:00+00:00,13.85,97.43305,0.0,1018.5587
2023-08-23 07:00:00+00:00,15.65,89.916,0.0,1018.6706
2023-08-23 08:00:00+00:00,17.5,82.30424,0.0,1018.98224
2023-08-23 09:00:00+00:00,19.2,73.506775,0.0,1018.8937
2023-08-23 10:00:00+00:00,20.45,66.50154,0.0,1019.1012
2023-08-23 11:00:00+00:00,21.2,60.67756,0.0,1018.7067
2023-08-23 12:00:00+00:00,23.0,47.837,0.0,1018.0196
2023-08-23 13:00:00+00:00,24.1,44.03281,0.0,1017.82697
2023-08-23 14:00:00+00:00,24.75,42.77511,0.0,1017.1324
2023-08-23 15:00:00+00:00,25.3,43.354652,0.0,1016.6368
2023-08-23 16:00:00+00:00,25.45,45.585056,0.0,1016.4381
2023-08-23 17:00:00+00:00,25.1,47.932392,0.0,1015.9367
2023-08-23 18:00:00+00:00,24.0,60.35185,0.0,1015.53046
2023-08-23 19:00:00+00:00,21.7,69.598755,0.0,1015.3162
2023-08-23 20:00:00+00:00,22.1,63.088554,0.0,1015.71796
2023-08-23 21:00:00+00:00,19.4,79.69117,0.0,1015.601
2023-08-23 22:00:00+00:00,19.15,82.770294,0.0,1015.4997
2023-08-23 23:00:00+00:00,18.1,88.955315,0.0,1014.9936
2023-08-24 00:00:00+00:00,18.35,82.1449,0.0,1014.29645
2023-08-24 01:00:00+00:00,17.95,83.964134,0.0,1014.1941
2023-08-24 02:00:00+00:00,16.9,87.15886,0.0,1013.5886
2023-08-24 03:00:00+00:00,15.9,91.69534,0.0,1012.68353
2023-08-24 04:00:00+00:00,15.45,93.162834,0.0,1012.18134
2023-08-24 05:00:00+00:00,15.85,90.807755,0.0,1011.8848
2023-08-24 06:00:00+00:00,16.5,88.254814,0.1,1010.99066
2023-08-24 07:00:00+00:00,17.6,84.19516,0.0,1011.0978
2023-08-24 08:00:00+00:00,19.25,75.19516,0.0,1011.3081
2023-08-24 09:00:00+00:00,20.05,72.24691,0.2,1011.2133
2023-08-24 10:00:00+00:00,19.55,75.00298,0.6,1011.40985
2023-08-24 11:00:00+00:00,19.45,74.02626,0.3,1009.81226
2023-08-24 12:00:00+00:00,23.7,58.566338,0.0,1009.8392
2023-08-24 13:00:00+00:00,24.65,53.915367,0.0,1008.9468
2023-08-24 14:00:00+00:00,24.9,54.50205,0.0,1008.24963
2023-08-24 15:00:00+00:00,25.15,54.390095,0.0,1008.0516
2023-08-24 16:00:00+00:00,24.9,55.740494,0.0,1007.8504
2023-08-24 17:00:00+00:00,24.4,56.51765,0.0,1007.5477
2023-08-24 18:00:00+00:00,22.6,66.09683,0.0,1007.3368
2023-08-24 19:00:00+00:00,20.85,77.892876,0.1,1007.52527
2023-08-24 20:00:00+00:00,19.8,83.905235,0.0,1007.8181
2023-08-24 21:00:00+00:00,19.3,84.651924,0.0,1007.61536
2023-08-24 22:00:00+00:00,18.45,79.815216,0.0,1008.10864
2023-08-24 23:00:00+00:00,17.3,82.01365,0.0,1008.3011
2023-08-25 00:00:00+00:00,15.7,91.683014,0.0,1008.39044
2023-08-25 01:00:00+00:00,15.25,89.01314,0.0,1008.3873
2023-08-25 02:00:00+00:00,14.9,81.43925,0.0,1008.2853
2023-08-25 03:00:00+00:00,15.4,66.09093,0.0,1008.2884
2023-08-25 04:00:00+00:00,15.5,59.725758,0.0,1008.3889
2023-08-25 05:00:00+00:00,15.45,57.5118,0.0,1007.9893
2023-08-25 06:00:00+00:00,15.1,60.862713,0.0,1007.8873
2023-08-25 07:00:00+00:00,15.05,64.90891,0.0,1007.9868
2023-08-25 08:00:00+00:00,15.85,64.86589,0.0,1008.1918
2023-08-25 09:00:00+00:00,16.95,61.299175,0.0,1008.199
2023-08-25 10:00:00+00:00,18.05,56.424446,0.0,1008.20593
2023-08-25 11:00:00+00:00,18.8,51.87377,0.0,1008.31085
2023-08-25 12:00:00+00:00,19.7,45.82877,0.0,1008.11694
2023-08-25 13:00:00+00:00,20.15,44.417305,0.0,1008.02
2023-08-25 14:00:00+00:00,19.7,45.985123,0.0,1007.8175
2023-08-25 15:00:00+00:00,19.55,47.37235,0.0,1007.3175
2023-08-25 16:00:00+00:00,19.8,46.642994,0.0,1006.82
2023-08-25 17:00:00+00:00,18.85,52.770046,0.0,1006.81396
2023-08-25 18:00:00+00:00,17.5,60.61063,0.1,1006.9049
2023-08-25 19:00:00+00:00,16.25,69.44223,0.0,1007.0964
2023-08-25 20:00:00+00:00,15.1,75.49533,0.0,1007.18866
2023-08-25 21:00:00+00:00,14.2,81.3476,0.0,1007.0829
2023-08-25 22:00:00+00:00,13.7,85.71624,0.0,1007.0794
2023-08-25 23:00:00+00:00,13.3,89.73955,0.0,1007.07684
2023-08-26 00:00:00+00:00,13.3,89.73955,0.0,1006.87726
2023-08-26 01:00:00+00:00,12.8,93.025246,0.0,1006.57434
2023-08-26 02:00:00+00:00,12.5,94.87186,0.0,1006.57245
2023-08-26 03:00:00+00:00,12.15,96.121254,0.0,1006.2705
2023-08-26 04:00:00+00:00,11.85,97.07151,0.0,1006.16876
2023-08-26 05:00:00+00:00,11.4,97.70768,0.0,1006.16565
2023-08-26 06:00:00+00:00,11.95,96.11529,0.0,1006.0696
2023-08-26 07:00:00+00:00,13.65,87.71796,0.0,1006.2806
2023-08-26 08:00:00+00:00,15.4,77.82953,0.0,1006.1923
2023-08-26 09:00:00+00:00,16.85,70.48741,0.4,1006.00256
2023-08-26 10:00:00+00:00,18.0,67.7502,0.0,1006.4091
2023-08-26 11:00:00+00:00,19.25,59.230545,0.1,1006.2176
2023-08-26 12:00:00+00:00,19.35,58.863033,0.0,1006.31805
2023-08-26 13:00:00+00:00,19.0,57.04229,0.1,1006.21606
2023-08-26 14:00:00+00:00,18.75,59.90195,0.2,1006.4141
2023-08-26 15:00:00+00:00,17.25,67.82064,0.3,1006.50415
2023-08-26 16:00:00+00:00,17.7,66.579384,0.0,1006.40717
2023-08-26 17:00:00+00:00,17.7,62.92636,0.1,1006.2075
2023-08-26 18:00:00+00:00,17.1,64.06191,0.0,1006.5032
2023-08-26 19:00:00+00:00,15.15,73.51999,0.0,1006.6898
2023-08-26 20:00:00+00:00,13.95,79.44199,0.0,1006.78174
2023-08-26 21:00:00+00:00,13.3,83.148254,0.0,1007.2765
2023-08-26 22:00:00+00:00,12.8,85.62274,0.0,1007.3728
2023-08-26 23:00:00+00:00,12.0,89.0437,0.0,1007.5671
2023-08-27 00:00:00+00:00,12.4,90.87051,0.0,1007.66974
2023-08-27 01:00:00+00:00,11.9,92.66898,0.0,1007.1672
2023-08-27 02:00:00+00:00,11.4,93.261536,0.0,1007.0639
2023-08-27 03:00:00+00:00,10.9,93.23585,0.0,1007.06067
2023-08-27 04:00:00+00:00,10.55,93.53129,0.0,1007.3576
2023-08-27 05:00:00+00:00,10.3,94.14989,0.0,1007.4559
2023-08-27 06:00:00+00:00,10.8,93.230675,0.0,1007.65857
2023-08-27 07:00:00+00:00,12.2,89.6554,0.0,1007.86804
2023-08-27 08:00:00+00:00,13.85,84.88522,0.0,1007.879
2023-08-27 09:00:00+00:00,16.1,73.93134,0.0,1007.8939
2023-08-27 10:00:00+00:00,17.4,64.12853,0.1,1008.00226
2023-08-27 11:00:00+00:00,18.45,57.672703,0.1,1007.80927
2023-08-27 12:00:00+00:00,18.75,57.170883,0.0,1008.61
2023-08-27 13:00:00+00:00,19.35,58.086792,0.0,1008.81335
2023-08-27 14:00:00+00:00,19.6,57.38135,0.0,1008.91486
2023-08-27 15:00:00+00:00,18.9,57.97658,0.0,1008.8106
2023-08-27 16:00:00+00:00,19.0,56.473736,0.0,1008.911
2023-08-27 17:00:00+00:00,18.5,55.59664,0.0,1009.10754
2023-08-27 18:00:00+00:00,17.7,57.487053,0.0,1009.40155
2023-08-27 19:00:00+00:00,17.1,59.908417,0.0,1009.9966
2023-08-27 20:00:00+00:00,16.15,64.71409,0.0,1010.5892
2023-08-27 21:00:00+00:00,15.15,70.39449,0.0,1011.18134
2023-08-27 22:00:00+00:00,14.05,77.105865,0.0,1011.2739
2023-08-27 23:00:00+00:00,13.3,82.04661,0.0,1011.4685
2023-08-28 00:00:00+00:00,13.25,83.69812,0.0,1011.7676
2023-08-28 01:00:00+00:00,13.1,85.36959,0.0,1011.7666
2023-08-28 02:00:00+00:00,12.65,88.212494,0.0,1011.7635
2023-08-28 03:00:00+00:00,11.85,92.35839,0.0,1011.5584
2023-08-28 04:00:00+00:00,11.25,93.87857,0.0,1011.75397
2023-08-28 05:00:00+00:00,10.7,95.1185,0.0,1012.0495
2023-08-28 06:00:00+00:00,11.3,94.194534,0.0,1012.353
2023-08-28 07:00:00+00:00,13.05,86.220314,0.0,1012.6645
2023-08-28 08:00:00+00:00,14.85,80.363846,0.0,1012.67664
2023-08-28 09:00:00+00:00,16.65,68.60396,0.0,1012.4888
2023-08-28 10:00:00+00:00,17.5,63.30173,0.1,1012.2948
2023-08-28 11:00:00+00:00,18.25,59.186752,0.0,1012.1
2023-08-28 12:00:00+00:00,18.8,59.516884,0.0,1012.7026
2023-08-28 13:00:00+00:00,19.25,58.062332,0.0,1012.8053
2023-08-28 14:00:00+00:00,19.45,57.344315,0.1,1012.90643
2023-08-28 15:00:00+00:00,20.3,52.444565,0.0,1012.5125
2023-08-28 16:00:00+00:00,20.5,49.098484,0.0,1012.414
2023-08-28 17:00:00+00:00,19.6,48.85404,0.0,1012.4083
2023-08-28 18:00:00+00:00,18.6,54.14584,0.0,1012.60156
2023-08-28 19:00:00+00:00,17.05,62.778614,0.0,1012.89087
2023-08-28 20:00:00+00:00,15.5,71.40932,0.0,1012.9802
2023-08-28 21:00:00+00:00,14.15,79.206535,0.0,1012.87146
2023-08-28 22:00:00+00:00,13.15,83.96578,0.0,1012.96466
2023-08-28 23:00:00+00:00,12.8,84.77033,0.0,1012.8623
2023-08-29 00:00:00+00:00,11.2,90.181206,0.0,1012.85144
2023-08-29 01:00:00+00:00,10.95,91.68923,0.0,1012.4507
2023-08-29 02:00:00+00:00,10.6,93.53376,0.0,1012.1487
2023-08-29 03:00:00+00:00,10.95,94.17897,0.0,1012.05145
2023-08-29 04:00:00+00:00,11.15,94.502785,0.0,1011.75323
2023-08-29 05:00:00+00:00,11.0,95.44781,0.0,1011.7524
2023-08-29 06:00:00+00:00,11.7,91.73615,0.0,1011.8569
2023-08-29 07:00:00+00:00,13.15,87.09333,0.0,1011.76697
2023-08-29 08:00:00+00:00,15.25,78.842354,0.0,1011.6811
2023-08-29 09:00:00+00:00,17.0,68.67431,0.0,1010.8943
2023-08-29 10:00:00+00:00,18.25,59.982414,0.0,1010.503
2023-08-29 11:00:00+00:00,19.2,53.218388,0.0,1009.91046
2023-08-29 12:00:00+00:00,19.25,49.76025,0.0,1010.01056
2023-08-29 13:00:00+00:00,19.65,48.374023,0.0,1009.6138
2023-08-29 14:00:00+00:00,20.4,46.65089,0.0,1009.1195
2023-08-29 15:00:00+00:00,20.3,47.5787,0.0,1008.8194
2023-08-29 16:00:00+00:00,19.5,50.505184,0.0,1008.5149
2023-08-29 17:00:00+00:00,18.9,55.698128,0.0,1008.11194
2023-08-29 18:00:00+00:00,17.75,64.63377,0.0,1007.9047
2023-08-29 19:00:00+00:00,17.15,68.02523,0.0,1007.70123
2023-08-29 20:00:00+00:00,16.55,72.558815,0.0,1007.39777
2023-08-29 21:00:00+00:00,15.55,82.0605,0.0,1007.0916
2023-08-29 22:00:00+00:00,14.45,91.30674,0.0,1006.6852
2023-08-29 23:00:00+00:00,14.5,92.81114,0.0,1005.98676
2023-08-30 00:00:00+00:00,15.0,84.45359,0.0,1006.2897
2023-08-30 01:00:00+00:00,14.95,70.120026,0.0,1006.2894
2023-08-30 02:00:00+00:00,14.6,69.11399,0.0,1006.0873
2023-08-30 03:00:00+00:00,14.25,70.219666,0.0,1006.085
2023-08-30 04:00:00+00:00,12.85,77.69826,0.0,1006.17535
2023-08-30 05:00:00+00:00,10.95,91.07595,0.0,1006.26263
2023-08-30 06:00:00+00:00,11.25,91.09608,0.0,1006.3643
2023-08-30 07:00:00+00:00,12.9,83.37817,0.0,1006.57495
2023-08-30 08:00:00+00:00,14.85,72.977394,0.0,1006.48846
2023-08-30 09:00:00+00:00,16.0,67.112656,0.1,1006.3962
2023-08-30 10:00:00+00:00,17.1,59.707127,0.1,1006.4033
2023-08-30 11:00:00+00:00,18.0,55.282562,0.1,1006.3093
2023-08-30 12:00:00+00:00,18.35,55.74566,0.0,1006.5111
2023-08-30 13:00:00+00:00,19.05,50.044186,0.0,1006.3162
2023-08-30 14:00:00+00:00,19.35,46.996117,0.0,1006.31805
2023-08-30 15:00:00+00:00,19.65,45.039997,0.0,1006.2201
2023-08-30 16:00:00+00:00,19.55,45.32056,0.0,1006.2195
2023-08-30 17:00:00+00:00,18.65,48.7605,0.0,1006.51337
2023-08-30 18:00:00+00:00,17.85,53.405468,0.0,1006.80743
2023-08-30 19:00:00+00:00,16.2,60.711075,0.0,1007.09607
2023-08-30 20:00:00+00:00,14.5,70.505356,0.0,1007.2843
2023-08-30 21:00:00+00:00,14.05,73.81904,0.0,1007.6807
2023-08-30 22:00:00+00:00,12.9,79.55766,0.0,1007.77264
2023-08-30 23:00:00+00:00,12.05,84.12058,0.0,1008.06635
2023-08-31 00:00:00+00:00,11.85,85.236305,0.0,1008.2648
2023-08-31 01:00:00+00:00,10.7,90.753296,0.0,1008.25684
2023-08-31 02:00:00+00:00,10.55,92.90519,0.0,1008.15607
2023-08-31 03:00:00+00:00,10.05,94.77459,0.0,1008.0528
2023-08-31 04:00:00+00:00,10.1,95.09586,0.0,1007.8535
2023-08-31 05:00:00+00:00,10.85,93.85983,0.0,1008.15796
2023-08-31 06:00:00+00:00,11.2,92.630005,0.0,1008.2603
2023-08-31 07:00:00+00:00,12.3,86.7226,0.0,1008.2679
2023-08-31 08:00:00+00:00,13.6,79.65751,0.0,1008.1766
2023-08-31 09:00:00+00:00,14.7,73.68628,0.0,1008.28406
2023-08-31 10:00:00+00:00,14.8,77.22332,0.2,1008.38446
2023-08-31 11:00:00+00:00,15.7,77.36313,0.3,1008.1908
2023-08-31 12:00:00+00:00,16.6,71.852165,0.2,1007.9969
2023-08-31 13:00:00+00:00,18.1,61.567287,0.0,1007.6074
2023-08-31 14:00:00+00:00,17.55,63.94865,0.0,1007.5042
2023-08-31 15:00:00+00:00,16.8,68.40669,0.0,1007.2995
2023-08-31 16:00:00+00:00,16.85,72.374115,0.0,1007.3999
2023-08-31 17:00:00+00:00,16.4,76.460106,0.0,1007.297
2023-08-31 18:00:00+00:00,16.0,80.257256,0.1,1007.09485
2023-08-31 19:00:00+00:00,15.65,84.80207,0.1,1007.2922
2023-08-31 20:00:00+00:00,15.6,86.4726,0.0,1007.1918
2023-08-31 21:00:00+00:00,14.95,91.33898,0.0,1007.0879
2023-08-31 22:00:00+00:00,14.45,95.25645,0.4,1006.88477
2023-08-31 23:00:00+00:00,13.65,97.74727,0.0,1006.97925
2023-09-01 00:00:00+00:00,13.9,96.486885,0.0,1007.3804
2023-09-01 01:00:00+00:00,14.4,94.94547,0.0,1007.08405
2023-09-01 02:00:00+00:00,14.9,94.6574,0.1,1006.4887
2023-09-01 03:00:00+00:00,14.5,97.44585,0.0,1006.386
2023-09-01 04:00:00+00:00,14.6,98.080414,0.2,1006.2869
2023-09-01 05:00:00+00:00,14.85,98.40115,0.0,1006.2888
2023-09-01 06:00:00+00:00,15.5,96.529495,0.0,1006.59235
2023-09-01 07:00:00+00:00,16.2,95.31885,0.0,1006.9963
2023-09-01 08:00:00+00:00,17.05,92.35453,0.0,1007.40125
2023-09-01 09:00:00+00:00,17.8,88.93128,0.1,1007.8052
2023-09-01 10:00:00+00:00,18.6,83.23513,0.0,1008.30963
2023-09-01 11:00:00+00:00,19.45,77.68341,0.0,1008.315
2023-09-01 12:00:00+00:00,19.85,77.743546,0.1,1008.71674
2023-09-01 13:00:00+00:00,20.5,76.125114,0.2,1009.1201
2023-09-01 14:00:00+00:00,21.6,70.69947,0.0,1009.22687
2023-09-01 15:00:00+00:00,22.0,68.33568,0.1,1009.02985
2023-09-01 16:00:00+00:00,21.9,67.23151,0.0,1009.3287
2023-09-01 17:00:00+00:00,21.0,69.91091,0.2,1009.92175
2023-09-01 18:00:00+00:00,19.7,77.72101,0.3,1010.5125
2023-09-01 19:00:00+00:00,18.55,84.03181,0.1,1011.0042
2023-09-01 20:00:00+00:00,17.85,86.9676,0.0,1011.6982
2023-09-01 21:00:00+00:00,18.15,84.798134,0.0,1012.3988
2023-09-01 22:00:00+00:00,16.9,90.58759,0.0,1012.69025
2023-09-01 23:00:00+00:00,14.8,96.82364,0.0,1013.17535
2023-09-02 00:00:00+00:00,15.6,98.09509,0.0,1013.8791
2023-09-02 01:00:00+00:00,15.3,99.04131,0.0,1014.0768
2023-09-02 02:00:00+00:00,15.95,99.046104,0.0,1014.3807
2023-09-02 03:00:00+00:00,16.2,98.73235,0.0,1014.5819
2023-09-02 04:00:00+00:00,16.1,97.4769,0.0,1014.88074
2023-09-02 05:00:00+00:00,16.2,96.23936,0.0,1015.58
2023-09-02 06:00:00+00:00,16.45,95.32764,0.0,1015.98083
2023-09-02 07:00:00+00:00,16.95,93.238945,0.0,1016.78284
2023-09-02 08:00:00+00:00,17.55,90.63237,0.0,1017.28577
2023-09-02 09:00:00+00:00,18.25,86.727715,0.1,1018.08875
2023-09-02 10:00:00+00:00,19.55,80.47879,0.1,1018.69617
2023-09-02 11:00:00+00:00,21.25,69.289375,0.1,1018.90674
2023-09-02 12:00:00+00:00,22.4,61.548885,0.1,1019.4131
2023-09-02 13:00:00+00:00,22.75,59.67418,0.0,1019.61505
2023-09-02 14:00:00+00:00,23.2,57.883335,0.0,1019.71765
2023-09-02 15:00:00+00:00,23.05,57.84706,0.0,1020.0162
2023-09-02 16:00:00+00:00,22.55,59.43448,0.0,1020.2126
2023-09-02 17:00:00+00:00,21.8,63.63515,0.0,1020.6071
2023-09-02 18:00:00+00:00,20.3,71.36811,0.0,1021.4957
2023-09-02 19:00:00+00:00,18.4,81.102516,0.0,1022.6811
2023-09-02 20:00:00+00:00,17.2,89.45483,0.0,1023.1725
2023-09-02 21:00:00+00:00,16.55,94.119,0.0,1023.3677
2023-09-02 22:00:00+00:00,16.05,95.92703,0.0,1023.8634
2023-09-02 23:00:00+00:00,15.7,96.534775,0.0,1023.961
2023-09-03 00:00:00+00:00,15.0,97.45562,0.0,1024.2555
2023-09-03 01:00:00+00:00,14.55,97.76281,0.0,1024.2523
2023-09-03 02:00:00+00:00,13.8,99.03013,0.0,1024.3475
2023-09-03 03:00:00+00:00,13.3,100.0,0.0,1024.6433
2023-09-03 04:00:00+00:00,13.35,100.0,0.0,1024.7433
2023-09-03 05:00:00+00:00,12.9,100.0,0.0,1024.4408
2023-09-03 06:00:00+00:00,13.9,99.67606,0.0,1024.9469
2023-09-03 07:00:00+00:00,15.3,95.9038,0.0,1025.2555
2023-09-03 08:00:00+00:00,17.0,90.3045,0.0,1025.6664
2023-09-03 09:00:00+00:00,19.0,79.38051,0.0,1026.1787
2023-09-03 10:00:00+00:00,20.65,72.12331,0.0,1025.9897
2023-09-03 11:00:00+00:00,22.05,66.19369,0.0,1025.7991
2023-09-03 12:00:00+00:00,22.65,61.01352,0.0,1025.8029
2023-09-03 13:00:00+00:00,23.75,56.72258,0.0,1025.6104
2023-09-03 14:00:00+00:00,24.35,52.975395,0.0,1025.215
2023-09-03 15:00:00+00:00,24.7,51.7098,0.0,1024.8179
2023-09-03 16:00:00+00:00,24.55,52.17565,0.0,1024.4177
2023-09-03 17:00:00+00:00,24.2,54.32548,0.0,1023.91644
2023-09-03 18:00:00+00:00,22.55,65.45577,0.0,1024.0056
2023-09-03 19:00:00+00:00,19.85,80.007904,0.0,1024.0881
2023-09-03 20:00:00+00:00,18.35,84.009285,0.0,1024.1779
2023-09-03 21:00:00+00:00,17.1,89.16059,0.0,1024.4694
2023-09-03 22:00:00+00:00,16.4,92.31757,0.0,1024.6642
2023-09-03 23:00:00+00:00,15.75,94.69152,0.0,1024.7598
2023-09-04 00:00:00+00:00,15.35,94.675514,0.0,1024.4575
2023-09-04 01:00:00+00:00,15.1,95.27976,0.0,1024.0566
2023-09-04 02:00:00+00:00,15.05,95.89601,0.0,1023.65704
2023-09-04 03:00:00+00:00,15.15,96.83212,0.0,1023.15857
2023-09-04 04:00:00+00:00,15.25,96.83453,0.0,1022.9597
2023-09-04 05:00:00+00:00,15.3,96.835754,0.0,1022.6605
2023-09-04 06:00:00+00:00,15.65,96.84418,0.0,1022.663
2023-09-04 07:00:00+00:00,17.4,91.4945,0.0,1022.5748
2023-09-04 08:00:00+00:00,19.6,82.299385,0.0,1022.4895
2023-09-04 09:00:00+00:00,21.85,72.10939,0.0,1022.3042
2023-09-04 10:00:00+00:00,23.8,64.6854,0.0,1021.8177
2023-09-04 11:00:00+00:00,25.2,60.245956,0.0,1021.3276
2023-09-04 12:00:00+00:00,26.8,49.646717,0.0,1020.5389
2023-09-04 13:00:00+00:00,27.35,49.79131,0.0,1019.9435
2023-09-04 14:00:00+00:00,27.35,50.27029,0.0,1019.14496
2023-09-04 15:00:00+00:00,26.75,49.157883,0.0,1018.84174
2023-09-04 16:00:00+00:00,25.5,45.00578,0.0,1018.63434
2023-09-04 17:00:00+00:00,23.8,50.147163,0.0,1018.4239
2023-09-04 18:00:00+00:00,21.55,59.584126,0.0,1018.3097
2023-09-04 19:00:00+00:00,19.2,69.78993,0.0,1018.59424
2023-09-04 20:00:00+00:00,17.75,79.97628,0.0,1018.68445
2023-09-04 21:00:00+00:00,16.95,85.49289,0.0,1018.4797
2023-09-04 22:00:00+00:00,16.5,89.97872,0.0,1018.177
2023-09-04 23:00:00+00:00,16.25,92.30901,0.0,1017.87604
2023-09-05 00:00:00+00:00,16.05,92.59538,0.0,1017.67505
2023-09-05 01:00:00+00:00,15.75,93.4791,0.0,1017.47363
2023-09-05 02:00:00+00:00,15.75,93.17814,0.0,1016.77496
2023-09-05 03:00:00+00:00,15.8,92.880684,0.0,1016.17633
2023-09-05 04:00:00+00:00,15.9,92.58708,0.0,1015.67786
2023-09-05 05:00:00+00:00,15.95,92.88866,0.0,1015.7781
2023-09-05 06:00:00+00:00,16.1,93.496155,0.0,1015.87885
2023-09-05 07:00:00+00:00,17.85,88.08726,0.0,1015.7905
2023-09-05 08:00:00+00:00,19.95,80.78867,0.0,1015.8042
2023-09-05 09:00:00+00:00,22.05,73.763084,0.0,1015.6179
2023-09-05 10:00:00+00:00,24.0,67.01906,0.0,1015.3308
2023-09-05 11:00:00+00:00,25.55,59.005234,0.0,1015.0413
2023-09-05 12:00:00+00:00,26.9,48.25861,0.0,1014.7501
2023-09-05 13:00:00+00:00,27.6,44.70501,0.0,1014.355
2023-09-05 14:00:00+00:00,27.7,43.309246,0.0,1014.25574
2023-09-05 15:00:00+00:00,27.25,44.321396,0.0,1014.3531
2023-09-05 16:00:00+00:00,26.35,46.58009,0.0,1014.24756
2023-09-05 17:00:00+00:00,25.0,51.28778,0.0,1014.43884
2023-09-05 18:00:00+00:00,23.1,59.18163,0.0,1014.72626
2023-09-05 19:00:00+00:00,20.95,67.25355,0.0,1015.3115
2023-09-05 20:00:00+00:00,19.7,73.831,0.0,1015.5032
2023-09-05 21:00:00+00:00,18.6,80.35085,0.0,1015.49615
2023-09-05 22:00:00+00:00,17.45,88.05279,0.0,1015.9876
2023-09-05 23:00:00+00:00,16.75,92.633766,0.0,1015.9828
2023-09-06 00:00:00+00:00,16.35,93.8088,0.0,1016.27966
2023-09-06 01:00:00+00:00,15.85,95.00055,0.0,1016.27655
2023-09-06 02:00:00+00:00,15.45,95.292244,0.0,1016.17377
2023-09-06 03:00:00+00:00,15.05,96.5176,0.0,1016.27106
2023-09-06 04:00:00+00:00,15.0,96.82849,0.0,1016.3705
2023-09-06 05:00:00+00:00,14.75,96.82243,0.0,1016.46875
2023-09-06 06:00:00+00:00,15.45,94.98544,0.0,1016.87244
2023-09-06 07:00:00+00:00,17.7,84.74959,0.0,1017.1869
2023-09-06 08:00:00+00:00,20.25,76.5728,0.0,1017.40314
2023-09-06 09:00:00+00:00,22.6,68.891106,0.0,1017.8174
2023-09-06 10:00:00+00:00,24.75,63.67157,0.0,1017.8311
2023-09-06 11:00:00+00:00,26.6,59.25167,0.0,1017.4433
2023-09-06 12:00:00+00:00,27.65,54.32518,0.0,1017.15015
2023-09-06 13:00:00+00:00,28.8,50.487957,0.0,1016.9575
2023-09-06 14:00:00+00:00,29.55,47.89007,0.0,1016.5631
2023-09-06 15:00:00+00:00,29.8,47.05653,0.0,1016.36505
2023-09-06 16:00:00+00:00,29.75,46.304775,0.0,1016.06525
2023-09-06 17:00:00+00:00,29.1,49.77526,0.0,1016.0611
2023-09-06 18:00:00+00:00,26.8,59.859016,0.0,1016.34656
2023-09-06 19:00:00+00:00,23.7,70.86621,0.0,1016.72644
2023-09-06 20:00:00+00:00,22.1,77.832664,0.0,1016.9158
2023-09-06 21:00:00+00:00,20.95,83.24579,0.0,1017.20795
2023-09-06 22:00:00+00:00,19.7,90.20975,0.0,1017.19995
2023-09-06 23:00:00+00:00,19.1,94.22969,0.0,1017.39575
2023-09-07 00:00:00+00:00,18.7,96.61247,0.0,1017.19354
2023-09-07 01:00:00+00:00,18.2,97.51682,0.0,1016.8906
2023-09-07 02:00:00+00:00,18.05,97.51402,0.0,1016.69
2023-09-07 03:00:00+00:00,17.8,97.50931,0.0,1016.389
2023-09-07 04:00:00+00:00,17.5,96.888176,0.0,1015.888
2023-09-07 05:00:00+00:00,17.25,95.96377,0.0,1015.6868
2023-09-07 06:00:00+00:00,17.35,95.35918,0.0,1015.9869
2023-09-07 07:00:00+00:00,19.15,87.64175,0.0,1015.9987
2023-09-07 08:00:00+00:00,21.25,80.19799,0.0,1015.9123
2023-09-07 09:00:00+00:00,23.5,73.08816,0.0,1016.0264
2023-09-07 10:00:00+00:00,25.5,66.69485,0.0,1015.8395
2023-09-07 11:00:00+00:00,27.2,58.4689,0.0,1015.4507
2023-09-07 12:00:00+00:00,28.75,43.597015,0.0,1014.7612
2023-09-07 13:00:00+00:00,29.5,42.286125,0.0,1014.3667
2023-09-07 14:00:00+00:00,29.8,41.82904,0.0,1013.96936
2023-09-07 15:00:00+00:00,29.9,41.589123,0.0,1013.57043
2023-09-07 16:00:00+00:00,29.65,42.735878,0.0,1013.4693
2023-09-07 17:00:00+00:00,28.8,46.3444,0.0,1013.3641
2023-09-07 18:00:00+00:00,25.8,55.607365,0.0,1013.44574
2023-09-07 19:00:00+00:00,22.75,62.8283,0.0,1013.82574
2023-09-07 20:00:00+00:00,21.85,68.96397,0.0,1014.0196
2023-09-07 21:00:00+00:00,20.8,77.39269,0.0,1014.6118
2023-09-07 22:00:00+00:00,20.25,77.06299,0.0,1014.60834
2023-09-07 23:00:00+00:00,19.1,79.64945,0.0,1014.50116
2023-09-08 00:00:00+00:00,18.95,79.37345,0.0,1014.5002
2023-09-08 01:00:00+00:00,18.55,80.34412,0.0,1014.4977
2023-09-08 02:00:00+00:00,18.05,82.37215,0.0,1014.29456
2023-09-08 03:00:00+00:00,18.1,80.802414,0.0,1014.19507
2023-09-08 04:00:00+00:00,18.0,82.36597,0.0,1013.9949
2023-09-08 05:00:00+00:00,17.85,82.87957,0.0,1014.29333
2023-09-08 06:00:00+00:00,17.85,83.14675,0.0,1014.5928
2023-09-08 07:00:00+00:00,19.65,77.46516,0.0,1014.9039
2023-09-08 08:00:00+00:00,21.8,71.643364,0.0,1014.8179
2023-09-08 09:00:00+00:00,23.8,65.71896,0.0,1014.83057
2023-09-08 10:00:00+00:00,26.0,58.7388,0.0,1015.1436
2023-09-08 11:00:00+00:00,27.6,54.14162,0.0,1015.0538
2023-09-08 12:00:00+00:00,28.5,52.355305,0.0,1015.15924
2023-09-08 13:00:00+00:00,29.2,49.488304,0.0,1014.8639
2023-09-08 14:00:00+00:00,29.45,48.47219,0.0,1014.2666
2023-09-08 15:00:00+00:00,29.5,48.028324,0.0,1013.9674
2023-09-08 16:00:00+00:00,29.35,47.235065,0.0,1013.7668
2023-09-08 17:00:00+00:00,28.85,50.025043,0.0,1013.6639
2023-09-08 18:00:00+00:00,27.05,62.39778,0.0,1013.7528
2023-09-08 19:00:00+00:00,24.4,65.01854,0.0,1013.9359
2023-09-08 20:00:00+00:00,23.15,66.84558,0.0,1014.02795
2023-09-08 21:00:00+00:00,22.85,65.31042,0.0,1014.5251
2023-09-08 22:00:00+00:00,22.2,70.13968,0.0,1014.42114
2023-09-08 23:00:00+00:00,21.5,74.61027,0.0,1014.4167
2023-09-09 00:00:00+00:00,20.35,82.39116,0.0,1014.20966
2023-09-09 01:00:00+00:00,19.4,87.66386,0.0,1014.1038
2023-09-09 02:00:00+00:00,18.65,90.99487,0.0,1013.9993
2023-09-09 03:00:00+00:00,18.15,91.83216,0.0,1013.7962
2023-09-09 04:00:00+00:00,17.9,92.69631,0.0,1013.59485
2023-09-09 05:00:00+00:00,17.8,92.98577,0.0,1013.5943
2023-09-09 06:00:00+00:00,17.5,95.97137,0.0,1013.69214
2023-09-09 07:00:00+00:00,19.75,84.70045,0.0,1014.10614
2023-09-09 08:00:00+00:00,22.45,74.76795,0.0,1014.223
2023-09-09 09:00:00+00:00,25.1,64.55514,0.0,1014.14
2023-09-09 10:00:00+00:00,27.25,54.225185,0.0,1014.25323
2023-09-09 11:00:00+00:00,28.65,49.032562,0.0,1014.2618
2023-09-09 12:00:00+00:00,29.5,41.612637,0.0,1013.8676
2023-09-09 13:00:00+00:00,30.75,39.484512,0.0,1013.67554
2023-09-09 14:00:00+00:00,31.25,38.497555,0.0,1013.379
2023-09-09 15:00:00+00:00,31.35,38.03435,0.0,1013.08014
2023-09-09 16:00:00+00:00,31.25,38.128906,0.0,1012.8799
2023-09-09 17:00:00+00:00,30.75,39.73846,0.0,1012.877
2023-09-09 18:00:00+00:00,28.15,49.68431,0.0,1013.16064
2023-09-09 19:00:00+00:00,25.65,58.10078,0.0,1013.8441
2023-09-09 20:00:00+00:00,23.55,69.51304,0.0,1014.3299
2023-09-09 21:00:00+00:00,22.15,78.0849,0.0,1014.5206
2023-09-09 22:00:00+00:00,21.35,82.51246,0.0,1014.3159
2023-09-09 23:00:00+00:00,20.3,86.92028,0.0,1014.40894
2023-09-10 00:00:00+00:00,20.95,81.94652,0.0,1014.31335
2023-09-10 01:00:00+00:00,20.85,82.19266,0.0,1014.3126
2023-09-10 02:00:00+00:00,20.45,84.77549,0.0,1014.21027
2023-09-10 03:00:00+00:00,18.35,95.39383,0.0,1013.7974
2023-09-10 04:00:00+00:00,18.4,96.90923,0.0,1013.59814
2023-09-10 05:00:00+00:00,18.15,98.441,0.0,1013.59656
2023-09-10 06:00:00+00:00,18.2,98.13247,0.0,1013.39716
2023-09-10 07:00:00+00:00,20.05,87.72109,0.0,1013.7087
2023-09-10 08:00:00+00:00,22.6,75.977196,0.0,1013.6251
2023-09-10 09:00:00+00:00,25.2,65.39256,0.0,1013.3422
2023-09-10 10:00:00+00:00,27.65,59.126232,0.0,1013.1574
2023-09-10 11:00:00+00:00,29.7,53.320354,0.0,1012.7709
2023-09-10 12:00:00+00:00,30.7,49.106422,0.0,1012.17804
2023-09-10 13:00:00+00:00,30.7,42.614452,0.0,1012.07825
2023-09-10 14:00:00+00:00,29.85,46.921352,0.0,1011.97296
2023-09-10 15:00:00+00:00,27.55,53.9585,1.6,1012.5579
2023-09-10 16:00:00+00:00,25.85,50.037716,0.0,1012.3478
2023-09-10 17:00:00+00:00,24.05,56.97916,0.0,1011.7378
2023-09-10 18:00:00+00:00,23.15,63.52376,0.0,1012.33105
2023-09-10 19:00:00+00:00,21.7,71.170395,0.0,1012.12213
2023-09-10 20:00:00+00:00,21.05,75.2499,0.0,1012.11804
2023-09-10 21:00:00+00:00,20.45,81.88419,0.0,1012.1142
2023-09-10 22:00:00+00:00,19.5,89.91211,0.0,1012.50745
2023-09-10 23:00:00+00:00,18.75,94.21467,0.0,1012.10345
2023-09-11 00:00:00+00:00,18.9,89.584335,0.0,1011.805
2023-09-11 01:00:00+00:00,18.35,91.26396,0.0,1011.7013
2023-09-11 02:00:00+00:00,17.8,95.073296,0.0,1011.4982
2023-09-11 03:00:00+00:00,17.5,96.888176,0.0,1011.3965
2023-09-11 04:00:00+00:00,17.15,97.80682,0.0,1011.19464
2023-09-11 05:00:00+00:00,16.95,97.80349,0.0,1011.2932
2023-09-11 06:00:00+00:00,17.05,97.80518,0.0,1011.3937
2023-09-11 07:00:00+00:00,18.25,90.3927,0.0,1011.6009
2023-09-11 08:00:00+00:00,19.65,80.74906,0.0,1011.8097
2023-09-11 09:00:00+00:00,21.3,68.41557,0.0,1012.2194
2023-09-11 10:00:00+00:00,23.35,57.176258,0.0,1012.03284
2023-09-11 11:00:00+00:00,24.85,50.588387,0.0,1011.5433
2023-09-11 12:00:00+00:00,24.6,52.3578,0.0,1011.5417
2023-09-11 13:00:00+00:00,24.7,51.542538,0.0,1011.34265
2023-09-11 14:00:00+00:00,24.55,52.684845,0.0,1011.142
2023-09-11 15:00:00+00:00,24.65,52.20152,0.0,1010.6437
2023-09-11 16:00:00+00:00,24.65,51.36271,0.0,1010.2444
2023-09-11 17:00:00+00:00,23.55,58.154892,0.0,1010.2374
2023-09-11 18:00:00+00:00,22.45,64.18859,0.0,1010.43005
2023-09-11 19:00:00+00:00,21.45,69.10658,0.0,1010.9228
2023-09-11 20:00:00+00:00,20.75,72.83747,0.0,1011.2178
2023-09-11 21:00:00+00:00,19.75,77.977455,0.0,1011.41113
2023-09-11 22:00:00+00:00,18.75,83.25275,0.0,1011.4048
2023-09-11 23:00:00+00:00,18.1,87.54827,0.0,1011.30054
2023-09-12 00:00:00+00:00,18.25,87.561676,0.0,1011.5011
2023-09-12 01:00:00+00:00,18.0,88.66413,0.0,1011.2001
2023-09-12 02:00:00+00:00,17.05,92.94665,0.0,1011.0943
2023-09-12 03:00:00+00:00,16.65,93.52285,0.0,1011.0914
2023-09-12 04:00:00+00:00,16.35,93.8088,0.0,1011.0895
2023-09-12 05:00:00+00:00,16.2,94.103546,0.1,1010.9887
2023-09-12 06:00:00+00:00,16.65,92.036156,0.2,1011.0914
2023-09-12 07:00:00+00:00,17.25,89.458664,0.1,1011.49475
2023-09-12 08:00:00+00:00,18.4,83.47865,0.0,1011.5021
2023-09-12 09:00:00+00:00,19.75,76.24958,0.0,1011.7106
2023-09-12 10:00:00+00:00,20.85,68.76742,0.1,1011.91705
2023-09-12 11:00:00+00:00,21.75,64.86692,0.1,1011.7232
2023-09-12 12:00:00+00:00,22.5,64.81969,0.0,1011.7279
2023-09-12 13:00:00+00:00,23.0,57.09071,0.4,1011.3319
2023-09-12 14:00:00+00:00,21.1,68.81671,0.5,1011.3199
2023-09-12 15:00:00+00:00,21.4,66.05767,0.1,1011.1221
2023-09-12 16:00:00+00:00,21.0,69.01854,0.0,1011.1195
2023-09-12 17:00:00+00:00,20.9,69.44408,0.0,1011.01917
2023-09-12 18:00:00+00:00,19.3,76.42342,0.2,1011.40826
2023-09-12 19:00:00+00:00,18.1,89.52369,0.8,1012.1988
2023-09-12 20:00:00+00:00,17.75,88.6436,0.1,1012.5959
2023-09-12 21:00:00+00:00,16.65,90.86181,0.2,1013.4869
2023-09-12 22:00:00+00:00,16.35,89.38918,0.0,1013.78436
2023-09-12 23:00:00+00:00,16.3,88.809906,0.0,1014.08356
2023-09-13 00:00:00+00:00,15.35,87.01422,0.0,1015.2749
2023-09-13 01:00:00+00:00,14.9,85.55851,0.0,1015.77106
2023-09-13 02:00:00+00:00,14.1,84.07463,0.0,1016.36444
2023-09-13 03:00:00+00:00,14.4,80.56882,0.0,1016.66583
2023-09-13 04:00:00+00:00,13.6,82.90822,0.0,1016.95984
2023-09-13 05:00:00+00:00,12.65,86.18012,0.0,1017.4526
2023-09-13 06:00:00+00:00,12.15,85.84173,0.0,1018.1477
2023-09-13 07:00:00+00:00,13.3,80.41824,0.0,1018.7546
2023-09-13 08:00:00+00:00,15.0,73.49345,0.0,1019.265
2023-09-13 09:00:00+00:00,16.6,68.36621,0.0,1019.77466
2023-09-13 10:00:00+00:00,17.7,62.71709,0.0,1019.9817
2023-09-13 11:00:00+00:00,18.4,59.222958,0.0,1019.98615
2023-09-13 12:00:00+00:00,18.05,65.344925,0.0,1020.5827
2023-09-13 13:00:00+00:00,19.2,58.826763,0.1,1020.4907
2023-09-13 14:00:00+00:00,19.65,56.824783,0.0,1020.2938
2023-09-13 15:00:00+00:00,19.8,54.81935,0.0,1019.9954
2023-09-13 16:00:00+00:00,19.8,53.732643,0.0,1019.7958
2023-09-13 17:00:00+00:00,19.35,56.373154,0.0,1019.79285
2023-09-13 18:00:00+00:00,17.9,66.40169,0.0,1019.88306
2023-09-13 19:00:00+00:00,16.3,76.1931,0.0,1020.17206
2023-09-13 20:00:00+00:00,15.65,79.68351,0.0,1020.36743
2023-09-13 21:00:00+00:00,15.1,82.54496,0.0,1020.5633
2023-09-13 22:00:00+00:00,14.45,85.23056,0.0,1020.459
2023-09-13 23:00:00+00:00,13.9,87.7404,0.0,1020.655
2023-09-14 00:00:00+00:00,14.0,87.46083,0.0,1020.4561
2023-09-14 01:00:00+00:00,13.55,90.94856,0.0,1020.2533
2023-09-14 02:00:00+00:00,13.35,93.05412,0.0,1019.8527
2023-09-14 03:00:00+00:00,13.05,94.27142,0.0,1019.9506
2023-09-14 04:00:00+00:00,12.7,96.772064,0.0,1019.8482
2023-09-14 05:00:00+00:00,12.2,97.721886,0.0,1019.64545
2023-09-14 06:00:00+00:00,12.05,98.042206,0.0,1019.5443
2023-09-14 07:00:00+00:00,14.25,90.106186,0.0,1019.4596
2023-09-14 08:00:00+00:00,16.6,78.78042,0.0,1019.77466
2023-09-14 09:00:00+00:00,18.25,69.3775,0.0,1019.7856
2023-09-14 10:00:00+00:00,19.55,61.293324,0.0,1019.7942
2023-09-14 11:00:00+00:00,20.6,55.023075,0.0,1019.2019
2023-09-14 12:00:00+00:00,21.2,52.85468,0.0,1018.9064
2023-09-14 13:00:00+00:00,21.95,49.81918,0.0,1018.5119
2023-09-14 14:00:00+00:00,22.25,48.59302,0.0,1018.11456
2023-09-14 15:00:00+00:00,22.2,48.741154,0.0,1017.715
2023-09-14 16:00:00+00:00,22.25,47.951206,0.0,1017.31604
2023-09-14 17:00:00+00:00,21.85,49.627277,0.0,1016.9142
2023-09-14 18:00:00+00:00,19.8,58.777004,0.0,1016.7015
2023-09-14 19:00:00+00:00,17.95,66.41222,0.0,1016.9889
2023-09-14 20:00:00+00:00,16.55,74.99068,0.0,1017.2791
2023-09-14 21:00:00+00:00,15.3,82.84115,0.0,1017.37054
2023-09-14 22:00:00+00:00,14.15,89.803894,0.0,1016.9637
2023-09-14 23:00:00+00:00,13.1,94.27359,0.0,1016.6572
2023-09-15 00:00:00+00:00,12.65,95.5051,0.0,1016.2549
2023-09-15 01:00:00+00:00,11.8,96.74958,0.0,1015.94965
2023-09-15 02:00:00+00:00,11.65,96.74581,0.0,1015.44965
2023-09-15 03:00:00+00:00,11.4,96.73952,0.0,1015.2482
2023-09-15 04:00:00+00:00,10.8,98.02305,0.0,1014.8447
2023-09-15 05:00:00+00:00,11.9,98.364235,0.0,1014.55304
2023-09-15 06:00:00+00:00,11.8,100.0,0.0,1014.75195
2023-09-15 07:00:00+00:00,13.0,96.14649,0.0,1014.6604
2023-09-15 08:00:00+00:00,15.6,84.79662,0.0,1014.478
2023-09-15 09:00:00+00:00,18.0,72.81962,0.0,1014.49396
2023-09-15 10:00:00+00:00,20.25,62.265526,0.0,1014.10925
2023-09-15 11:00:00+00:00,22.0,57.78,0.0,1013.5215
2023-09-15 12:00:00+00:00,23.3,54.983887,0.0,1012.4318
2023-09-15 13:00:00+00:00,24.2,48.637115,0.0,1011.8386
2023-09-15 14:00:00+00:00,24.85,46.32422,0.0,1011.144
2023-09-15 15:00:00+00:00,24.85,46.172554,0.0,1010.6449
2023-09-15 16:00:00+00:00,24.5,45.77476,0.0,1010.1436
2023-09-15 17:00:00+00:00,23.65,49.292522,0.0,1010.23804
2023-09-15 18:00:00+00:00,21.35,58.00016,0.0,1010.4231
2023-09-15 19:00:00+00:00,19.35,66.27112,0.0,1010.9094
2023-09-15 20:00:00+00:00,17.25,76.595116,0.0,1011.2951
2023-09-15 21:00:00+00:00,16.35,81.361115,0.0,1011.38885
2023-09-15 22:00:00+00:00,14.7,89.55221,0.0,1010.97894
2023-09-15 23:00:00+00:00,14.3,91.89577,0.0,1010.9761
2023-09-16 00:00:00+00:00,13.4,97.10633,0.0,1010.6706
2023-09-16 01:00:00+00:00,13.05,99.02447,0.0,1010.46875
2023-09-16 02:00:00+00:00,12.45,100.0,0.0,1010.16516
2023-09-16 03:00:00+00:00,13.0,100.0,0.0,1010.0692
2023-09-16 04:00:00+00:00,13.2,100.0,0.0,1010.07043
2023-09-16 05:00:00+00:00,13.25,100.0,0.0,1010.27045
2023-09-16 06:00:00+00:00,13.55,99.675156,0.0,1010.7714
2023-09-16 07:00:00+00:00,14.3,99.033875,0.0,1010.7764
2023-09-16 08:00:00+00:00,15.65,97.7816,0.0,1011.1848
2023-09-16 09:00:00+00:00,18.35,87.84997,0.0,1011.2023
2023-09-16 10:00:00+00:00,21.25,74.80589,0.0,1011.32086
2023-09-16 11:00:00+00:00,23.55,62.6053,0.0,1011.2356
2023-09-16 12:00:00+00:00,25.05,53.326138,0.0,1011.0455
2023-09-16 13:00:00+00:00,25.8,46.58244,0.0,1010.9503
2023-09-16 14:00:00+00:00,25.85,44.08096,0.0,1010.8505
2023-09-16 15:00:00+00:00,25.5,44.56554,0.0,1010.7488
2023-09-16 16:00:00+00:00,24.85,45.87055,0.0,1010.84454
2023-09-16 17:00:00+00:00,23.8,50.476295,0.0,1011.1373
2023-09-16 18:00:00+00:00,21.95,57.956467,0.0,1011.62463
2023-09-16 19:00:00+00:00,20.6,68.49669,0.0,1012.5144
2023-09-16 20:00:00+00:00,19.75,76.98594,0.0,1012.7087
2023-09-16 21:00:00+00:00,18.3,78.26449,0.0,1012.6992
2023-09-16 22:00:00+00:00,17.05,77.82418,0.0,1012.7911
2023-09-16 23:00:00+00:00,16.1,82.6677,0.0,1012.78467
2023-09-17 00:00:00+00:00,15.2,89.29943,0.0,1012.7787
2023-09-17 01:00:00+00:00,14.85,93.73876,0.0,1012.67664
2023-09-17 02:00:00+00:00,15.15,94.05687,0.0,1012.27924
2023-09-17 03:00:00+00:00,15.3,94.36809,0.0,1011.9808
2023-09-17 04:00:00+00:00,15.2,95.59159,0.0,1011.3813
2023-09-17 05:00:00+00:00,15.25,95.59325,0.0,1010.8826
2023-09-17 06:00:00+00:00,15.45,94.98544,0.0,1010.8838
2023-09-17 07:00:00+00:00,16.95,89.72323,0.0,1010.8939
2023-09-17 08:00:00+00:00,18.7,83.24689,0.0,1010.20667
2023-09-17 09:00:00+00:00,20.6,73.044495,0.1,1009.81946
2023-09-17 10:00:00+00:00,20.65,75.9068,0.2,1010.0194
2023-09-17 11:00:00+00:00,21.0,74.289734,0.1,1009.5225
2023-09-17 12:00:00+00:00,20.0,75.56007,0.1,1009.0172
2023-09-17 13:00:00+00:00,19.85,77.24806,1.2,1008.5172
2023-09-17 14:00:00+00:00,19.45,84.132454,3.0,1007.9158
2023-09-17 15:00:00+00:00,20.3,78.807655,0.0,1006.9229
2023-09-17 16:00:00+00:00,21.0,75.7217,0.0,1006.12885
2023-09-17 17:00:00+00:00,20.9,76.674225,0.0,1005.72894
2023-09-17 18:00:00+00:00,20.4,80.337204,0.0,1004.9273
2023-09-17 19:00:00+00:00,19.0,89.026985,0.0,1004.81866
2023-09-17 20:00:00+00:00,18.25,93.8959,0.0,1004.3146
2023-09-17 21:00:00+00:00,18.35,92.135445,0.1,1003.91595
2023-09-17 22:00:00+00:00,17.9,92.10938,0.0,1003.3142
2023-09-17 23:00:00+00:00,17.6,90.92538,0.1,1003.013
2023-09-18 00:00:00+00:00,17.0,91.17692,2.4,1001.8114
2023-09-18 01:00:00+00:00,17.3,92.368645,3.0,1000.8152
2023-09-18 02:00:00+00:00,17.25,93.25399,0.4,999.9165
2023-09-18 03:00:00+00:00,17.05,94.14097,0.0,999.2166
2023-09-18 04:00:00+00:00,16.95,94.43744,0.0,998.9165
2023-09-18 05:00:00+00:00,16.7,92.92826,0.0,999.2141
2023-09-18 06:00:00+00:00,15.85,93.48398,0.0,999.2088
2023-09-18 07:00:00+00:00,16.4,89.105156,0.0,999.2122
2023-09-18 08:00:00+00:00,17.65,80.74255,0.0,999.02075
2023-09-18 09:00:00+00:00,17.85,78.45164,0.2,998.8224
2023-09-18 10:00:00+00:00,18.05,75.9777,0.1,998.0251
2023-09-18 11:00:00+00:00,18.4,75.542854,0.4,997.02924
2023-09-18 12:00:00+00:00,17.55,86.661026,0.1,996.7244
2023-09-18 13:00:00+00:00,19.0,77.615486,0.1,997.53235
2023-09-18 14:00:00+00:00,18.6,72.92651,0.3,998.72754
2023-09-18 15:00:00+00:00,18.45,64.786766,0.2,999.4249
2023-09-18 16:00:00+00:00,18.75,55.473736,0.0,1000.2257
2023-09-18 17:00:00+00:00,17.8,55.982536,0.0,1001.01794
2023-09-18 18:00:00+00:00,16.2,56.531578,0.0,1002.20526
2023-09-18 19:00:00+00:00,14.9,59.989456,0.0,1003.5942
2023-09-18 20:00:00+00:00,14.1,65.14154,0.0,1004.2875
2023-09-18 21:00:00+00:00,14.0,66.01333,0.0,1004.88574
2023-09-18 22:00:00+00:00,13.95,66.90736,0.0,1005.3844
2023-09-18 23:00:00+00:00,14.0,67.60356,0.0,1005.5844
2023-09-19 00:00:00+00:00,13.65,69.86502,0.0,1005.98114
2023-09-19 01:00:00+00:00,13.4,71.980125,0.0,1006.17914
2023-09-19 02:00:00+00:00,13.3,74.186195,0.0,1006.1786
2023-09-19 03:00:00+00:00,13.3,74.688736,0.0,1006.1786
2023-09-19 04:00:00+00:00,13.35,76.22258,0.0,1005.7796
2023-09-19 05:00:00+00:00,13.75,77.05864,0.0,1004.88416
2023-09-19 06:00:00+00:00,14.9,76.21916,0.0,1003.9934
2023-09-19 07:00:00+00:00,16.0,76.39619,0.0,1004.1005
2023-09-19 08:00:00+00:00,16.65,78.53058,0.0,1003.6055
2023-09-19 09:00:00+00:00,18.15,70.504,0.0,1003.41565
2023-09-19 10:00:00+00:00,18.1,73.79371,0.0,1003.51514
2023-09-19 11:00:00+00:00,19.05,69.760895,0.0,1003.0224
2023-09-19 12:00:00+00:00,19.05,70.216606,0.0,1003.32184
2023-09-19 13:00:00+00:00,19.3,71.41373,0.1,1002.92413
2023-09-19 14:00:00+00:00,18.85,75.61624,0.2,1003.1209
2023-09-19 15:00:00+00:00,18.6,79.836,0.1,1002.7201
2023-09-19 16:00:00+00:00,19.0,77.366165,0.0,1002.7226
2023-09-19 17:00:00+00:00,18.65,79.33113,0.0,1002.82025
2023-09-19 18:00:00+00:00,18.1,80.02449,0.0,1002.81647
2023-09-19 19:00:00+00:00,17.6,81.52286,0.0,1003.2126
2023-09-19 20:00:00+00:00,17.45,81.76764,0.0,1003.2116
2023-09-19 21:00:00+00:00,17.35,82.01991,0.0,1003.2109
2023-09-19 22:00:00+00:00,17.25,82.539925,0.0,1002.8111
2023-09-19 23:00:00+00:00,17.6,81.259796,0.0,1002.41406
2023-09-20 00:00:00+00:00,17.65,82.85556,0.0,1002.21466
2023-09-20 01:00:00+00:00,17.55,83.11122,0.0,1001.8149
2023-09-20 02:00:00+00:00,17.45,83.63733,0.0,1001.31525
2023-09-20 03:00:00+00:00,17.55,82.04503,0.0,1000.7169
2023-09-20 04:00:00+00:00,17.4,81.7613,0.0,999.9175
2023-09-20 05:00:00+00:00,17.6,81.7867,0.0,999.31995
2023-09-20 06:00:00+00:00,17.65,81.79307,0.1,999.02075
2023-09-20 07:00:00+00:00,17.85,80.50874,0.1,998.523
2023-09-20 08:00:00+00:00,18.65,76.07415,0.1,998.0293
2023-09-20 09:00:00+00:00,19.4,71.432236,0.1,997.73444
2023-09-20 10:00:00+00:00,19.65,69.200226,0.0,997.33673
2023-09-20 11:00:00+00:00,20.45,62.924328,0.0,996.5432
2023-09-20 12:00:00+00:00,19.6,67.19439,0.2,996.83746
2023-09-20 13:00:00+00:00,18.55,79.31698,2.1,996.0323
2023-09-20 14:00:00+00:00,17.85,85.3116,4.9,995.5286
2023-09-20 15:00:00+00:00,18.05,86.43192,2.6,995.03076
2023-09-20 16:00:00+00:00,17.8,87.80177,1.6,994.3305
2023-09-20 17:00:00+00:00,17.65,87.5079,2.6,993.63086
2023-09-20 18:00:00+00:00,17.45,86.373535,2.7,993.1306
2023-09-20 19:00:00+00:00,17.35,89.466354,2.8,992.73065
2023-09-20 20:00:00+00:00,17.4,90.33288,3.3,992.13214
2023-09-20 21:00:00+00:00,17.05,92.35453,2.4,991.93036
2023-09-20 22:00:00+00:00,15.15,86.99539,1.7,992.7164
2023-09-20 23:00:00+00:00,14.5,88.0824,0.1,993.211
2023-09-21 00:00:00+00:00,14.45,89.53294,0.2,993.9095
2023-09-21 01:00:00+00:00,14.05,90.09154,0.0,994.1066
2023-09-21 02:00:00+00:00,13.5,92.4528,0.0,993.9032
2023-09-21 03:00:00+00:00,13.05,93.96182,0.0,993.9004
2023-09-21 04:00:00+00:00,11.25,96.09425,0.0,993.7885
2023-09-21 05:00:00+00:00,10.6,96.71924,0.0,993.58453
2023-09-21 06:00:00+00:00,11.65,95.78793,0.0,993.79126
2023-09-21 07:00:00+00:00,12.7,93.327675,0.0,993.7981
2023-09-21 08:00:00+00:00,14.15,86.61488,0.0,993.50836
2023-09-21 09:00:00+00:00,15.65,74.59146,0.0,993.81775
2023-09-21 10:00:00+00:00,16.65,64.82396,0.0,993.5246
2023-09-21 11:00:00+00:00,17.65,58.449627,0.0,993.73065
2023-09-21 12:00:00+00:00,17.4,62.02381,0.1,993.9288
2023-09-21 13:00:00+00:00,15.15,76.006836,0.9,993.7145
2023-09-21 14:00:00+00:00,16.0,75.64391,0.0,993.4207
2023-09-21 15:00:00+00:00,17.15,67.128876,0.1,992.8293
2023-09-21 16:00:00+00:00,16.1,68.037125,2.6,992.92224
2023-09-21 17:00:00+00:00,14.1,79.99411,1.4,993.3084
2023-09-21 18:00:00+00:00,13.05,89.128586,0.1,993.70074
2023-09-21 19:00:00+00:00,12.05,92.6773,0.0,994.09314
2023-09-21 20:00:00+00:00,11.8,92.972244,0.0,993.9918
2023-09-21 21:00:00+00:00,11.55,92.95892,0.0,993.9903
2023-09-21 22:00:00+00:00,11.6,92.96158,0.0,993.9906
2023-09-21 23:00:00+00:00,11.25,94.50698,0.0,994.28754
2023-09-22 00:00:00+00:00,11.6,89.0111,0.0,994.6892
2023-09-22 01:00:00+00:00,11.2,92.630005,0.0,994.6864
2023-09-22 02:00:00+00:00,10.75,95.43902,0.0,994.88293
2023-09-22 03:00:00+00:00,10.05,97.35637,0.0,994.978
2023-09-22 04:00:00+00:00,9.4,98.9962,0.0,995.1732
2023-09-22 05:00:00+00:00,8.85,98.32469,0.0,995.6686
2023-09-22 06:00:00+00:00,8.65,97.32726,0.0,996.2662
2023-09-22 07:00:00+00:00,9.9,91.6229,0.0,997.1728
2023-09-22 08:00:00+00:00,11.55,82.37698,0.0,997.6831
2023-09-22 09:00:00+00:00,13.6,73.98869,0.0,998.2954
2023-09-22 10:00:00+00:00,15.25,64.08006,0.0,998.7057
2023-09-22 11:00:00+00:00,16.2,55.38509,0.0,999.11115
2023-09-22 12:00:00+00:00,16.75,54.96167,0.0,999.71344
2023-09-22 13:00:00+00:00,17.0,59.28213,0.1,1000.1146
2023-09-22 14:00:00+00:00,17.5,58.412888,0.0,999.9181
2023-09-22 15:00:00+00:00,14.35,75.11887,0.5,1000.9954
2023-09-22 16:00:00+00:00,15.2,70.87712,0.1,1001.50006
2023-09-22 17:00:00+00:00,12.9,81.44816,0.6,1002.5826
2023-09-22 18:00:00+00:00,12.0,89.341415,0.2,1002.87604
2023-09-22 19:00:00+00:00,11.85,88.14269,0.0,1003.5737
2023-09-22 20:00:00+00:00,11.65,89.01519,0.0,1004.2711
2023-09-22 21:00:00+00:00,11.25,86.3286,0.0,1005.2664
2023-09-22 22:00:00+00:00,10.7,87.15336,0.0,1005.86145
2023-09-22 23:00:00+00:00,10.25,88.59956,0.0,1006.6568
2023-09-23 00:00:00+00:00,10.35,87.120094,0.0,1007.2566
2023-09-23 01:00:00+00:00,9.85,88.5655,0.0,1007.8519
2023-09-23 02:00:00+00:00,9.35,90.04376,0.0,1008.24774
2023-09-23 03:00:00+00:00,8.85,91.86852,0.0,1008.8431
2023-09-23 04:00:00+00:00,8.5,93.110466,0.0,1009.4394
2023-09-23 05:00:00+00:00,8.3,93.41865,0.0,1010.43616
2023-09-23 06:00:00+00:00,8.25,93.097206,0.0,1011.6334
2023-09-23 07:00:00+00:00,9.35,89.73771,0.0,1012.43964
2023-09-23 08:00:00+00:00,11.1,82.5998,0.0,1012.8509
2023-09-23 09:00:00+00:00,12.85,76.91615,0.0,1013.3616
2023-09-23 10:00:00+00:00,14.5,71.460365,0.0,1014.07135
2023-09-23 11:00:00+00:00,15.85,63.353783,0.0,1014.38007
2023-09-23 12:00:00+00:00,16.7,59.00958,0.0,1014.98444
2023-09-23 13:00:00+00:00,17.15,52.679718,0.0,1015.287
2023-09-23 14:00:00+00:00,17.0,50.345764,0.0,1015.68524
2023-09-23 15:00:00+00:00,17.0,49.147373,0.0,1015.68524
2023-09-23 16:00:00+00:00,16.75,48.57261,0.0,1015.9828
2023-09-23 17:00:00+00:00,16.1,51.86202,0.0,1016.2781
2023-09-23 18:00:00+00:00,14.85,57.757088,0.0,1016.5693
2023-09-23 19:00:00+00:00,14.3,59.23009,0.0,1017.3639
2023-09-23 20:00:00+00:00,12.75,65.291046,0.0,1017.4532
2023-09-23 21:00:00+00:00,11.85,69.98676,0.0,1017.7466
2023-09-23 22:00:00+00:00,11.9,71.94469,0.0,1018.1461
2023-09-23 23:00:00+00:00,12.3,76.050835,0.0,1017.64984
2023-09-24 00:00:00+00:00,12.8,76.90821,0.0,1017.8528
2023-09-24 01:00:00+00:00,13.35,75.20271,0.0,1017.65686
2023-09-24 02:00:00+00:00,14.65,73.43137,0.0,1017.1668
2023-09-24 03:00:00+00:00,15.0,74.728775,0.0,1016.9694
2023-09-24 04:00:00+00:00,15.6,74.08971,0.0,1016.57404
2023-09-24 05:00:00+00:00,15.6,76.83835,0.0,1016.3744
2023-09-24 06:00:00+00:00,15.6,79.41468,0.0,1016.57404
2023-09-24 07:00:00+00:00,16.1,80.008484,0.0,1017.0766
2023-09-24 08:00:00+00:00,17.05,77.570595,0.0,1017.1828
2023-09-24 09:00:00+00:00,17.5,76.63463,0.0,1017.2854
2023-09-24 10:00:00+00:00,18.75,71.77727,0.0,1016.8945
2023-09-24 11:00:00+00:00,18.3,73.11092,0.0,1016.89136
2023-09-24 12:00:00+00:00,19.5,71.21978,0.0,1016.5998
2023-09-24 13:00:00+00:00,19.65,69.65067,0.0,1016.2015
2023-09-24 14:00:00+00:00,20.1,64.72065,0.0,1015.8051
2023-09-24 15:00:00+00:00,19.5,66.95506,0.0,1015.20233
2023-09-24 16:00:00+00:00,18.95,68.83742,0.0,1015.19885
2023-09-24 17:00:00+00:00,18.0,68.64809,0.0,1014.8931
2023-09-24 18:00:00+00:00,17.0,68.220535,0.0,1014.787
2023-09-24 19:00:00+00:00,16.9,66.631996,0.0,1014.58673
2023-09-24 20:00:00+00:00,17.2,65.596016,0.0,1014.1894
2023-09-24 21:00:00+00:00,17.3,63.468143,0.0,1014.0902
2023-09-24 22:00:00+00:00,17.1,65.139145,0.0,1013.7894
2023-09-24 23:00:00+00:00,17.4,65.421364,0.0,1013.49194
2023-09-25 00:00:00+00:00,17.3,68.96202,0.0,1013.2917
2023-09-25 01:00:00+00:00,17.45,72.482925,0.0,1013.4923
2023-09-25 02:00:00+00:00,17.65,77.66193,0.0,1013.4935
2023-09-25 03:00:00+00:00,17.6,83.3855,0.2,1013.6929
2023-09-25 04:00:00+00:00,17.05,90.019,0.0,1014.0886
2023-09-25 05:00:00+00:00,16.5,93.216225,0.0,1014.5838
2023-09-25 06:00:00+00:00,15.65,94.99304,0.0,1015.2771
2023-09-25 07:00:00+00:00,16.15,93.1985,0.0,1015.979
2023-09-25 08:00:00+00:00,17.15,84.68997,0.0,1016.58453
2023-09-25 09:00:00+00:00,18.05,78.22747,0.0,1016.9895
2023-09-25 10:00:00+00:00,19.45,66.72657,0.0,1017.2982
2023-09-25 11:00:00+00:00,20.4,58.921616,0.0,1017.6037
2023-09-25 12:00:00+00:00,20.95,53.85047,0.0,1017.9067
2023-09-25 13:00:00+00:00,21.4,51.181667,0.0,1018.0093
2023-09-25 14:00:00+00:00,21.5,48.87702,0.0,1018.01
2023-09-25 15:00:00+00:00,21.35,48.836445,0.0,1017.8094
2023-09-25 16:00:00+00:00,20.85,51.206352,0.0,1017.7063
2023-09-25 17:00:00+00:00,19.5,59.487083,0.0,1017.89734
2023-09-25 18:00:00+00:00,17.75,67.03161,0.0,1018.48486
2023-09-25 19:00:00+00:00,16.6,74.262276,0.0,1018.6767
2023-09-25 20:00:00+00:00,15.6,82.60649,0.0,1018.8696
2023-09-25 21:00:00+00:00,14.85,89.27187,0.0,1018.9648
2023-09-25 22:00:00+00:00,14.45,92.80845,0.0,1018.862
2023-09-25 23:00:00+00:00,14.0,94.62086,0.0,1018.36005
2023-09-26 00:00:00+00:00,13.7,94.60862,0.0,1017.8588
2023-09-26 01:00:00+00:00,13.35,94.59427,0.0,1017.8565
2023-09-26 02:00:00+00:00,13.5,93.6747,0.0,1017.25867
2023-09-26 03:00:00+00:00,13.5,92.75695,0.0,1016.36035
2023-09-26 04:00:00+00:00,13.4,92.7515,0.0,1015.7609
2023-09-26 05:00:00+00:00,14.7,90.139046,0.0,1014.9714
2023-09-26 06:00:00+00:00,16.0,89.361984,0.0,1014.38104
2023-09-26 07:00:00+00:00,16.65,88.5526,1.3,1014.485
2023-09-26 08:00:00+00:00,16.9,91.17044,0.2,1014.6865
2023-09-26 09:00:00+00:00,17.75,88.36073,0.2,1014.2927
2023-09-26 10:00:00+00:00,20.0,77.76604,0.1,1014.3073
2023-09-26 11:00:00+00:00,20.25,77.55593,0.0,1014.00946
2023-09-26 12:00:00+00:00,22.0,65.759964,0.0,1013.9207
2023-09-26 13:00:00+00:00,22.3,60.14959,0.0,1013.4236
2023-09-26 14:00:00+00:00,22.0,55.376877,0.0,1013.6213
2023-09-26 15:00:00+00:00,21.35,53.775383,0.0,1013.9166
2023-09-26 16:00:00+00:00,20.75,57.474586,0.0,1014.312
2023-09-26 17:00:00+00:00,19.5,66.95506,0.0,1014.4039
2023-09-26 18:00:00+00:00,18.1,76.48056,0.0,1015.1932
2023-09-26 19:00:00+00:00,17.0,83.31513,0.0,1015.3858
2023-09-26 20:00:00+00:00,15.9,90.22589,0.0,1016.17694
2023-09-26 21:00:00+00:00,15.2,93.75522,0.0,1016.1722
2023-09-26 22:00:00+00:00,14.7,94.95693,0.0,1016.76794
2023-09-26 23:00:00+00:00,14.05,96.17734,0.0,1016.7635
2023-09-27 00:00:00+00:00,14.1,97.43799,0.0,1016.6639
2023-09-27 01:00:00+00:00,13.65,98.06634,0.0,1017.06
2023-09-27 02:00:00+00:00,14.05,97.754196,0.0,1017.06287
2023-09-27 03:00:00+00:00,13.65,98.06634,0.0,1016.0619
2023-09-27 04:00:00+00:00,13.95,97.75247,0.0,1016.1639
2023-09-27 05:00:00+00:00,13.2,98.059586,0.0,1015.8594
2023-09-27 06:00:00+00:00,14.45,96.189,0.0,1015.5683
2023-09-27 07:00:00+00:00,15.5,94.68151,0.0,1015.3757
2023-09-27 08:00:00+00:00,17.7,86.12124,0.0,1014.9911
2023-09-27 09:00:00+00:00,18.95,80.14087,0.0,1014.6
2023-09-27 10:00:00+00:00,20.25,68.205894,0.0,1013.5104
2023-09-27 11:00:00+00:00,21.55,64.40692,0.0,1012.3208
2023-09-27 12:00:00+00:00,21.0,65.7607,0.0,1011.81824
2023-09-27 13:00:00+00:00,20.55,69.599976,0.0,1010.3183
2023-09-27 14:00:00+00:00,19.85,74.8121,0.0,1010.0144
2023-09-27 15:00:00+00:00,20.25,74.16271,0.0,1008.81915
2023-09-27 16:00:00+00:00,20.05,75.568214,0.0,1007.3206
2023-09-27 17:00:00+00:00,20.05,74.12871,0.0,1006.32245
2023-09-27 18:00:00+00:00,19.8,73.13862,0.0,1006.52057
2023-09-27 19:00:00+00:00,19.15,75.4215,0.0,1006.5165
2023-09-27 20:00:00+00:00,18.0,78.98311,0.0,1007.008
2023-09-27 21:00:00+00:00,16.45,78.75852,0.0,1007.29724
2023-09-27 22:00:00+00:00,16.2,77.69513,0.0,1007.4953
2023-09-27 23:00:00+00:00,15.95,79.464485,0.0,1007.79315
2023-09-28 00:00:00+00:00,15.75,81.81729,0.0,1008.7901
2023-09-28 01:00:00+00:00,15.45,82.588066,0.0,1009.38666
2023-09-28 02:00:00+00:00,15.2,83.101494,0.0,1009.5847
2023-09-28 03:00:00+00:00,14.7,85.81909,0.0,1009.78125
2023-09-28 04:00:00+00:00,14.25,88.35029,0.0,1010.5765
2023-09-28 05:00:00+00:00,13.7,90.95867,0.0,1011.3712
2023-09-28 06:00:00+00:00,13.45,92.44997,0.0,1011.9684
2023-09-28 07:00:00+00:00,14.3,88.93628,0.0,1012.573
2023-09-28 08:00:00+00:00,15.6,80.466324,0.0,1012.98083
2023-09-28 09:00:00+00:00,16.6,72.090034,0.0,1013.187
2023-09-28 10:00:00+00:00,17.5,69.00179,0.0,1013.19305
2023-09-28 11:00:00+00:00,18.15,66.23553,0.0,1013.0975
2023-09-28 12:00:00+00:00,18.25,64.529434,0.0,1013.1979
2023-09-28 13:00:00+00:00,19.4,57.522884,0.0,1012.7064
2023-09-28 14:00:00+00:00,18.85,60.726574,0.0,1012.20386
2023-09-28 15:00:00+00:00,18.65,61.899475,0.0,1012.00305
2023-09-28 16:00:00+00:00,18.25,64.529434,0.0,1011.7007
2023-09-28 17:00:00+00:00,17.5,69.68774,0.0,1011.09705
2023-09-28 18:00:00+00:00,17.0,74.57519,0.0,1010.59485
2023-09-28 19:00:00+00:00,16.8,77.78634,0.0,1009.99445
2023-09-28 20:00:00+00:00,17.35,77.112175,0.0,1009.4991
2023-09-28 21:00:00+00:00,18.05,81.056656,0.0,1008.50543
2023-09-28 22:00:00+00:00,17.85,88.65181,0.1,1008.2047
2023-09-28 23:00:00+00:00,18.3,88.688705,0.3,1008.00806
2023-09-29 00:00:00+00:00,18.4,88.97929,0.2,1007.809
2023-09-29 01:00:00+00:00,18.6,88.995224,0.2,1007.5111
2023-09-29 02:00:00+00:00,18.5,89.838646,0.1,1006.9116
2023-09-29 03:00:00+00:00,17.9,92.69631,0.9,1007.10706
2023-09-29 04:00:00+00:00,17.3,94.45201,0.7,1008.1015
2023-09-29 05:00:00+00:00,16.85,89.42787,0.0,1009.3961
2023-09-29 06:00:00+00:00,16.35,87.95724,0.0,1010.88983
2023-09-29 07:00:00+00:00,16.0,87.92661,0.0,1012.7841
2023-09-29 08:00:00+00:00,16.15,84.85623,0.0,1014.2822
2023-09-29 09:00:00+00:00,16.65,78.01852,0.0,1015.4831
2023-09-29 10:00:00+00:00,17.35,66.50567,0.0,1016.48596
2023-09-29 11:00:00+00:00,18.15,60.360096,0.0,1017.68884
2023-09-29 12:00:00+00:00,18.6,58.877335,0.0,1018.49054
2023-09-29 13:00:00+00:00,19.05,56.2979,0.0,1018.8927
2023-09-29 14:00:00+00:00,19.0,54.61447,0.0,1019.591
2023-09-29 15:00:00+00:00,18.8,54.015594,0.0,1019.68945
2023-09-29 16:00:00+00:00,18.5,52.678013,0.0,1020.1867
2023-09-29 17:00:00+00:00,17.6,57.076202,0.0,1020.4801
2023-09-29 18:00:00+00:00,15.75,66.16587,0.0,1021.1666
2023-09-29 19:00:00+00:00,14.95,70.35576,0.0,1021.95966
2023-09-29 20:00:00+00:00,13.65,76.784935,0.0,1022.4497
2023-09-29 21:00:00+00:00,13.25,80.411354,0.0,1022.84644
2023-09-29 22:00:00+00:00,13.15,82.30194,0.0,1023.1452
2023-09-29 23:00:00+00:00,12.8,85.053635,0.0,1023.24243
2023-09-30 00:00:00+00:00,12.1,89.94694,0.0,1023.6368
2023-09-30 01:00:00+00:00,11.55,92.95892,0.0,1023.93274
2023-09-30 02:00:00+00:00,11.3,94.50908,0.0,1023.9308
2023-09-30 03:00:00+00:00,10.35,96.38944,0.0,1023.5252
2023-09-30 04:00:00+00:00,10.65,95.75534,0.0,1023.52704
2023-09-30 05:00:00+00:00,11.6,91.72991,0.0,1023.3343
2023-09-30 06:00:00+00:00,10.4,96.39085,0.0,1023.52545
2023-09-30 07:00:00+00:00,11.8,92.66343,0.0,1024.1339
2023-09-30 08:00:00+00:00,13.45,85.97493,0.0,1024.2449
2023-09-30 09:00:00+00:00,15.4,78.08709,0.0,1024.5575
2023-09-30 10:00:00+00:00,17.1,65.3565,0.0,1024.3695
2023-09-30 11:00:00+00:00,18.0,58.14394,0.0,1023.87634
2023-09-30 12:00:00+00:00,18.25,58.792423,0.0,1022.87976
2023-09-30 13:00:00+00:00,18.9,60.53728,0.0,1022.28534
2023-09-30 14:00:00+00:00,19.0,60.360435,0.0,1021.8867
2023-09-30 15:00:00+00:00,18.65,59.28318,0.0,1021.4853
2023-09-30 16:00:00+00:00,17.95,62.15046,0.0,1021.0812
2023-09-30 17:00:00+00:00,16.8,68.40669,0.0,1021.1733
2023-09-30 18:00:00+00:00,15.65,72.878265,0.0,1020.9663
2023-09-30 19:00:00+00:00,15.0,75.73019,0.0,1020.7622
2023-09-30 20:00:00+00:00,14.85,79.57035,0.0,1020.76135
2023-09-30 21:00:00+00:00,14.85,83.88353,0.0,1020.5617
2023-09-30 22:00:00+00:00,15.0,84.45359,0.0,1020.56256
2023-09-30 23:00:00+00:00,14.9,85.2783,0.0,1020.3623
2023-10-01 00:00:00+00:00,15.4,84.22188,0.0,1019.96625
2023-10-01 01:00:00+00:00,15.4,87.018936,0.0,1019.7666
2023-10-01 02:00:00+00:00,15.45,89.60968,0.0,1019.36774
2023-10-01 03:00:00+00:00,15.5,91.967896,0.0,1018.9689
2023-10-01 04:00:00+00:00,15.4,94.06804,0.0,1018.6687
2023-10-01 05:00:00+00:00,15.45,94.67952,0.0,1018.3696
2023-10-01 06:00:00+00:00,15.8,94.69353,0.0,1018.472
2023-10-01 07:00:00+00:00,17.0,91.762634,0.0,1018.97906
2023-10-01 08:00:00+00:00,18.1,87.82809,0.0,1019.18567
2023-10-01 09:00:00+00:00,19.3,83.84878,0.0,1019.2935
2023-10-01 10:00:00+00:00,20.4,79.324265,0.0,1019.10095
2023-10-01 11:00:00+00:00,21.75,73.01342,0.0,1019.10956
2023-10-01 12:00:00+00:00,21.4,75.54614,0.0,1018.50836
2023-10-01 13:00:00+00:00,22.0,73.28896,0.0,1018.21277
2023-10-01 14:00:00+00:00,22.55,69.98365,0.0,1017.6174
2023-10-01 15:00:00+00:00,22.4,69.512,0.0,1017.21716
2023-10-01 16:00:00+00:00,21.45,73.6602,0.0,1016.9117
2023-10-01 17:00:00+00:00,20.35,78.31521,0.0,1016.705
2023-10-01 18:00:00+00:00,18.45,87.02352,0.0,1016.7924
2023-10-01 19:00:00+00:00,17.45,92.083115,0.0,1017.1853
2023-10-01 20:00:00+00:00,16.9,94.435394,0.0,1017.48126
2023-10-01 21:00:00+00:00,16.4,95.63141,0.0,1017.7772
2023-10-01 22:00:00+00:00,15.8,96.84776,0.0,1017.8731
2023-10-01 23:00:00+00:00,15.4,97.150345,0.0,1017.77045
2023-10-02 00:00:00+00:00,15.4,98.09219,0.0,1017.5708
2023-10-02 01:00:00+00:00,15.1,98.08778,0.0,1017.66876
2023-10-02 02:00:00+00:00,14.85,98.40115,0.0,1017.36774
2023-10-02 03:00:00+00:00,14.85,98.0841,0.0,1017.26794
2023-10-02 04:00:00+00:00,14.35,98.71416,0.0,1017.0648
2023-10-02 05:00:00+00:00,14.3,99.033875,0.0,1016.96466
2023-10-02 06:00:00+00:00,14.55,99.35625,0.0,1016.96625
2023-10-02 07:00:00+00:00,14.85,98.71909,0.0,1017.06836
2023-10-02 08:00:00+00:00,15.4,98.40791,0.0,1016.6725
2023-10-02 09:00:00+00:00,16.45,94.416565,0.0,1016.5797
2023-10-02 10:00:00+00:00,17.65,90.35053,1.1,1016.1884
2023-10-02 11:00:00+00:00,18.0,89.231285,2.9,1016.4902
2023-10-02 12:00:00+00:00,19.35,79.68421,0.0,1015.401
2023-10-02 13:00:00+00:00,20.65,72.81982,0.1,1015.3096
2023-10-02 14:00:00+00:00,20.85,72.39063,0.0,1013.9134
2023-10-02 15:00:00+00:00,22.45,69.96462,0.0,1012.3266
2023-10-02 16:00:00+00:00,21.9,74.67685,0.0,1010.726
2023-10-02 17:00:00+00:00,21.45,77.9818,0.0,1010.12427
2023-10-02 18:00:00+00:00,19.0,89.026985,0.0,1010.20856
2023-10-02 19:00:00+00:00,19.0,90.445076,0.0,1008.5118
2023-10-02 20:00:00+00:00,18.85,86.2346,0.0,1007.7123
2023-10-02 21:00:00+00:00,18.7,83.78061,0.0,1006.6134
2023-10-02 22:00:00+00:00,19.3,80.960815,0.0,1006.61725
2023-10-02 23:00:00+00:00,18.25,86.727715,0.0,1006.6103
2023-10-03 00:00:00+00:00,16.8,93.82963,0.0,1007.09985
2023-10-03 01:00:00+00:00,14.95,85.84463,0.2,1008.38544
2023-10-03 02:00:00+00:00,14.0,86.60029,0.0,1008.97797
2023-10-03 03:00:00+00:00,13.35,89.44757,0.0,1009.9716
2023-10-03 04:00:00+00:00,12.45,92.39293,0.0,1010.76404
2023-10-03 05:00:00+00:00,12.65,86.75654,0.0,1011.8633
2023-10-03 06:00:00+00:00,12.5,85.87777,0.0,1012.8604
2023-10-03 07:00:00+00:00,12.3,87.012764,0.0,1013.8571
2023-10-03 08:00:00+00:00,12.95,83.38412,0.0,1014.6601
2023-10-03 09:00:00+00:00,14.0,76.58393,0.0,1015.765
2023-10-03 10:00:00+00:00,15.5,68.600784,0.0,1016.5734
2023-10-03 11:00:00+00:00,16.65,65.69644,0.0,1016.9803
2023-10-03 12:00:00+00:00,17.5,61.633488,0.0,1017.7845
2023-10-03 13:00:00+00:00,16.15,64.71409,0.1,1018.37445
2023-10-03 14:00:00+00:00,17.5,57.437374,0.0,1018.8824
2023-10-03 15:00:00+00:00,17.65,54.635242,0.0,1019.3824
2023-10-03 16:00:00+00:00,17.2,56.01973,0.0,1019.9785
2023-10-03 17:00:00+00:00,16.05,60.47031,0.0,1020.6694
2023-10-03 18:00:00+00:00,15.15,63.624958,0.0,1021.56165
2023-10-03 19:00:00+00:00,14.25,71.41323,0.0,1022.45386
2023-10-03 20:00:00+00:00,13.5,76.24697,0.0,1023.1474
2023-10-03 21:00:00+00:00,13.05,79.046616,0.0,1023.8432
2023-10-03 22:00:00+00:00,12.7,82.521225,0.0,1024.4395
2023-10-03 23:00:00+00:00,12.55,84.74278,0.0,1024.8378
2023-10-04 00:00:00+00:00,12.15,87.581985,0.0,1024.735
2023-10-04 01:00:00+00:00,11.45,91.72055,0.0,1024.9298
2023-10-04 02:00:00+00:00,11.05,93.55593,0.0,1024.6278
2023-10-04 03:00:00+00:00,10.75,94.170044,0.0,1024.426
2023-10-04 04:00:00+00:00,10.55,94.47742,0.0,1024.6243
2023-10-04 05:00:00+00:00,10.55,94.47742,0.0,1024.6243
2023-10-04 06:00:00+00:00,10.55,94.47742,0.0,1024.1252
2023-10-04 07:00:00+00:00,11.3,91.09943,0.0,1024.5297
2023-10-04 08:00:00+00:00,12.4,87.022285,0.0,1024.6372
2023-10-04 09:00:00+00:00,13.75,81.559364,0.0,1024.5466
2023-10-04 10:00:00+00:00,15.2,75.76308,0.0,1024.5563
2023-10-04 11:00:00+00:00,16.35,68.08821,0.0,1024.3644
2023-10-04 12:00:00+00:00,17.1,63.423145,0.0,1024.3695
2023-10-04 13:00:00+00:00,17.7,57.29382,0.0,1023.6747
2023-10-04 14:00:00+00:00,17.5,57.82584,0.0,1023.37396
2023-10-04 15:00:00+00:00,17.55,57.838203,0.0,1023.0749
2023-10-04 16:00:00+00:00,17.3,58.36386,0.0,1022.7738
2023-10-04 17:00:00+00:00,16.25,65.830315,0.0,1022.66693
2023-10-04 18:00:00+00:00,15.05,73.25748,0.0,1022.8586
2023-10-04 19:00:00+00:00,14.2,78.426384,0.0,1023.0525
2023-10-04 20:00:00+00:00,13.65,81.54635,0.0,1023.2481
2023-10-04 21:00:00+00:00,13.4,82.6082,0.0,1023.1468
2023-10-04 22:00:00+00:00,13.1,81.74735,0.0,1022.84546
2023-10-04 23:00:00+00:00,13.2,78.013916,0.0,1022.5466
2023-10-05 00:00:00+00:00,12.75,82.527466,0.0,1022.44366
2023-10-05 01:00:00+00:00,12.65,84.18915,0.0,1022.34326
2023-10-05 02:00:00+00:00,12.6,85.3165,0.0,1022.3429
2023-10-05 03:00:00+00:00,11.85,89.6284,0.0,1022.23785
2023-10-05 04:00:00+00:00,12.5,86.165,0.0,1021.8432
2023-10-05 05:00:00+00:00,12.25,87.59112,0.0,1022.141
2023-10-05 06:00:00+00:00,12.65,85.03739,0.0,1022.04376
2023-10-05 07:00:00+00:00,13.05,82.84104,0.0,1022.34607
2023-10-05 08:00:00+00:00,14.0,78.92129,0.0,1022.85156
2023-10-05 09:00:00+00:00,14.55,76.67184,0.1,1023.2542
2023-10-05 10:00:00+00:00,15.7,72.88725,0.1,1023.1625
2023-10-05 11:00:00+00:00,16.85,67.28978,0.0,1023.26996
2023-10-05 12:00:00+00:00,17.9,60.90814,0.0,1023.2766
2023-10-05 13:00:00+00:00,18.25,57.23817,0.0,1022.7799
2023-10-05 14:00:00+00:00,18.5,58.07211,0.0,1022.0832
2023-10-05 15:00:00+00:00,18.0,62.57691,0.0,1021.88
2023-10-05 16:00:00+00:00,17.65,65.475296,0.0,1021.5783
2023-10-05 17:00:00+00:00,16.4,69.011345,0.0,1021.57
2023-10-05 18:00:00+00:00,15.4,71.39053,0.0,1021.96246
2023-10-05 19:00:00+00:00,14.4,76.13806,0.0,1022.15533
2023-10-05 20:00:00+00:00,13.65,81.27515,0.0,1022.15027
2023-10-05 21:00:00+00:00,13.6,82.08476,0.0,1022.0501
2023-10-05 22:00:00+00:00,13.9,79.96613,0.0,1022.1522
2023-10-05 23:00:00+00:00,14.25,78.173004,0.0,1021.95483
2023-10-06 00:00:00+00:00,14.05,79.98714,0.0,1021.5543
2023-10-06 01:00:00+00:00,13.75,83.2023,0.0,1021.55237
2023-10-06 02:00:00+00:00,13.5,87.12628,0.0,1021.25104
2023-10-06 03:00:00+00:00,13.75,88.30748,0.0,1020.95355
2023-10-06 04:00:00+00:00,13.45,91.54246,0.0,1020.8514
2023-10-06 05:00:00+00:00,13.55,92.455635,0.0,1020.6525
2023-10-06 06:00:00+00:00,13.5,92.75695,0.0,1020.55237
2023-10-06 07:00:00+00:00,13.95,90.677536,0.0,1021.05457
2023-10-06 08:00:00+00:00,15.35,84.21625,0.0,1021.1637
2023-10-06 09:00:00+00:00,16.65,79.04559,0.0,1021.27216
2023-10-06 10:00:00+00:00,17.65,75.91308,0.0,1021.37866
2023-10-06 11:00:00+00:00,18.8,70.6276,0.0,1021.18665
2023-10-06 12:00:00+00:00,19.8,64.024284,0.0,1021.39276
2023-10-06 13:00:00+00:00,20.6,61.13476,0.0,1020.8988
2023-10-06 14:00:00+00:00,20.9,59.624634,0.0,1020.6013
2023-10-06 15:00:00+00:00,20.75,59.58901,0.0,1020.4007
2023-10-06 16:00:00+00:00,20.5,60.71265,0.0,1020.2993
2023-10-06 17:00:00+00:00,18.95,67.72184,0.0,1020.38916
2023-10-06 18:00:00+00:00,17.6,73.46609,0.0,1020.4801
2023-10-06 19:00:00+00:00,16.85,80.373375,0.0,1020.67487
2023-10-06 20:00:00+00:00,16.1,87.36732,0.0,1020.96924
2023-10-06 21:00:00+00:00,15.7,89.62874,0.0,1021.2661
2023-10-06 22:00:00+00:00,15.15,92.245804,0.0,1021.56165
2023-10-06 23:00:00+00:00,14.75,94.038925,0.0,1021.4593
2023-10-07 00:00:00+00:00,14.75,91.624084,0.0,1020.96027
2023-10-07 01:00:00+00:00,14.9,90.15361,0.0,1020.7616
2023-10-07 02:00:00+00:00,14.9,88.98493,0.0,1020.3623
2023-10-07 03:00:00+00:00,14.85,85.55329,0.0,1019.86304
2023-10-07 04:00:00+00:00,14.45,84.39229,0.0,1019.8601
2023-10-07 05:00:00+00:00,13.95,88.61577,0.0,1019.757
2023-10-07 06:00:00+00:00,13.7,91.55825,0.0,1019.95483
2023-10-07 07:00:00+00:00,14.35,89.52522,0.0,1020.55817
2023-10-07 08:00:00+00:00,16.1,83.2088,0.0,1020.8694
2023-10-07 09:00:00+00:00,17.65,76.40917,0.0,1021.0792
2023-10-07 10:00:00+00:00,19.3,70.03654,0.0,1020.99036
2023-10-07 11:00:00+00:00,21.0,63.871624,0.0,1020.8015
2023-10-07 12:00:00+00:00,21.65,58.836002,0.0,1020.9056
2023-10-07 13:00:00+00:00,22.4,56.206238,0.0,1020.81055
2023-10-07 14:00:00+00:00,22.9,53.995407,0.0,1020.6141
2023-10-07 15:00:00+00:00,22.6,55.346653,0.0,1020.51245
2023-10-07 16:00:00+00:00,22.15,58.573715,0.0,1020.7091
2023-10-07 17:00:00+00:00,20.6,67.18183,0.0,1021.1982
2023-10-07 18:00:00+00:00,18.7,77.82047,0.0,1021.5853
2023-10-07 19:00:00+00:00,17.6,83.117134,0.0,1021.57806
2023-10-07 20:00:00+00:00,16.85,84.93158,0.0,1021.8726
2023-10-07 21:00:00+00:00,16.0,88.49831,0.0,1022.4658
2023-10-07 22:00:00+00:00,15.4,90.777176,0.0,1022.56134
2023-10-07 23:00:00+00:00,14.95,92.23423,0.0,1022.6583
2023-10-08 00:00:00+00:00,14.85,92.829956,0.0,1022.6577
2023-10-08 01:00:00+00:00,14.45,93.41519,0.0,1022.6548
2023-10-08 02:00:00+00:00,14.05,94.00737,0.0,1022.6522
2023-10-08 03:00:00+00:00,13.25,95.52568,0.0,1022.54694
2023-10-08 04:00:00+00:00,13.1,95.520546,0.0,1022.74554
2023-10-08 05:00:00+00:00,12.9,95.200134,0.0,1022.74396
2023-10-08 06:00:00+00:00,12.6,95.503395,0.0,1022.6423
2023-10-08 07:00:00+00:00,13.0,94.579865,0.0,1022.74493
2023-10-08 08:00:00+00:00,14.6,88.669945,0.0,1022.95526
2023-10-08 09:00:00+00:00,16.75,79.31844,0.0,1022.9696
2023-10-08 10:00:00+00:00,19.05,68.63297,0.0,1023.18463
2023-10-08 11:00:00+00:00,21.0,62.23271,0.0,1023.3967
2023-10-08 12:00:00+00:00,21.6,55.09474,0.0,1023.2009
2023-10-08 13:00:00+00:00,22.65,51.68079,0.0,1022.509
2023-10-08 14:00:00+00:00,23.25,50.33075,0.0,1021.81415
2023-10-08 15:00:00+00:00,23.25,48.063232,0.0,1021.2152
2023-10-08 16:00:00+00:00,22.1,54.323242,0.0,1021.10803
2023-10-08 17:00:00+00:00,19.0,65.76454,0.0,1020.9884
2023-10-08 18:00:00+00:00,16.9,74.313736,0.0,1021.07446
2023-10-08 19:00:00+00:00,15.75,81.016655,0.0,1020.96704
2023-10-08 20:00:00+00:00,15.05,85.29414,0.0,1021.16174
2023-10-08 21:00:00+00:00,14.5,86.3646,0.0,1021.1579
2023-10-08 22:00:00+00:00,14.05,87.177826,0.0,1021.25494
2023-10-08 23:00:00+00:00,13.65,89.76612,0.0,1020.65314
2023-10-09 00:00:00+00:00,13.9,88.611595,0.0,1020.4555
2023-10-09 01:00:00+00:00,14.2,84.643364,0.0,1020.3576
2023-10-09 02:00:00+00:00,13.6,84.29682,0.0,1020.0539
2023-10-09 03:00:00+00:00,13.15,83.68643,0.0,1019.65186
2023-10-09 04:00:00+00:00,12.75,84.76483,0.0,1019.34955
2023-10-09 05:00:00+00:00,12.55,87.03653,0.0,1019.54785
2023-10-09 06:00:00+00:00,12.7,88.805016,0.0,1019.94806
2023-10-09 07:00:00+00:00,13.15,89.72813,0.0,1020.1509
2023-10-09 08:00:00+00:00,14.9,84.998886,0.0,1020.16266
2023-10-09 09:00:00+00:00,16.7,78.28159,0.0,1020.2744
2023-10-09 10:00:00+00:00,18.65,71.29301,0.0,1020.68677
2023-10-09 11:00:00+00:00,20.1,67.07902,0.0,1020.39655
2023-10-09 12:00:00+00:00,21.35,58.764004,0.0,1020.10516
2023-10-09 13:00:00+00:00,22.5,57.33982,0.0,1019.51355
2023-10-09 14:00:00+00:00,23.05,57.473953,0.0,1019.2176
2023-10-09 15:00:00+00:00,23.1,58.23432,0.0,1018.9185
2023-10-09 16:00:00+00:00,22.45,63.77793,0.0,1018.6149
2023-10-09 17:00:00+00:00,19.3,77.91038,0.0,1018.7945
2023-10-09 18:00:00+00:00,17.25,82.539925,0.0,1018.781
2023-10-09 19:00:00+00:00,15.8,86.77388,0.0,1018.8712
2023-10-09 20:00:00+00:00,15.7,89.049286,0.0,1018.8706
2023-10-09 21:00:00+00:00,15.1,92.24293,0.0,1018.8665
2023-10-09 22:00:00+00:00,14.6,93.72697,0.0,1018.863
2023-10-09 23:00:00+00:00,14.25,94.01641,0.0,1018.36163
2023-10-10 00:00:00+00:00,14.75,92.222626,0.0,1018.1655
2023-10-10 01:00:00+00:00,14.25,93.71041,0.0,1018.0622
2023-10-10 02:00:00+00:00,14.0,93.08805,0.0,1017.5616
2023-10-10 03:00:00+00:00,13.6,92.15541,0.0,1017.05963
2023-10-10 04:00:00+00:00,13.15,90.62188,0.0,1016.6576
2023-10-10 05:00:00+00:00,12.7,89.39665,0.0,1016.1553
2023-10-10 06:00:00+00:00,12.3,90.26163,0.0,1015.9532
2023-10-10 07:00:00+00:00,13.05,90.91475,0.0,1015.8584
2023-10-10 08:00:00+00:00,15.65,85.07929,0.0,1015.5765
2023-10-10 09:00:00+00:00,17.3,82.54606,0.0,1015.5874
2023-10-10 10:00:00+00:00,18.75,77.57761,0.0,1015.19763
2023-10-10 11:00:00+00:00,19.7,73.357,0.0,1014.90424
2023-10-10 12:00:00+00:00,21.3,62.91013,0.0,1014.615
2023-10-10 13:00:00+00:00,21.1,65.994644,0.0,1014.2145
2023-10-10 14:00:00+00:00,21.25,66.23943,0.0,1013.916
2023-10-10 15:00:00+00:00,21.05,67.0575,0.0,1013.51544
2023-10-10 16:00:00+00:00,20.3,71.13878,0.0,1013.311
2023-10-10 17:00:00+00:00,18.75,78.07909,0.0,1013.50085
2023-10-10 18:00:00+00:00,17.25,84.70081,0.0,1013.49097
2023-10-10 19:00:00+00:00,16.15,86.80725,0.0,1013.3839
2023-10-10 20:00:00+00:00,15.5,87.59705,0.0,1013.5791
2023-10-10 21:00:00+00:00,14.85,89.56371,0.0,1013.57495
2023-10-10 22:00:00+00:00,14.35,91.00228,0.0,1013.4717
2023-10-10 23:00:00+00:00,14.25,91.59283,0.0,1013.3711
2023-10-11 00:00:00+00:00,14.8,86.67785,0.0,1012.8759
2023-10-11 01:00:00+00:00,14.25,90.4018,0.0,1012.6724
2023-10-11 02:00:00+00:00,14.15,91.58656,0.0,1012.37244
2023-10-11 03:00:00+00:00,15.25,87.28924,0.0,1011.78094
2023-10-11 04:00:00+00:00,15.95,87.35361,0.0,1011.38635
2023-10-11 05:00:00+00:00,16.45,88.53593,0.0,1011.1898
2023-10-11 06:00:00+00:00,16.7,89.416275,0.0,1011.09174
2023-10-11 07:00:00+00:00,17.15,88.878914,0.0,1011.09485
2023-10-11 08:00:00+00:00,18.35,84.009285,0.0,1011.0027
2023-10-11 09:00:00+00:00,19.2,80.68937,0.0,1010.8088
2023-10-11 10:00:00+00:00,19.55,78.69956,0.0,1011.0106
2023-10-11 11:00:00+00:00,20.35,73.235016,0.0,1010.7162
2023-10-11 12:00:00+00:00,20.05,75.32659,0.0,1010.71423
2023-10-11 13:00:00+00:00,20.5,72.09618,0.0,1009.91864
2023-10-11 14:00:00+00:00,20.1,71.79223,0.0,1009.41705
2023-10-11 15:00:00+00:00,18.6,77.30496,0.0,1008.9085
2023-10-11 16:00:00+00:00,17.95,78.720764,0.0,1008.80426
2023-10-11 17:00:00+00:00,17.25,79.13182,0.0,1009.49854
2023-10-11 18:00:00+00:00,16.85,79.59174,0.0,1009.2963
2023-10-11 19:00:00+00:00,16.55,80.85832,0.0,1009.5936
2023-10-11 20:00:00+00:00,16.05,84.02063,0.0,1009.4906
2023-10-11 21:00:00+00:00,15.8,86.77388,0.0,1009.78845
2023-10-11 22:00:00+00:00,15.8,89.63633,0.4,1009.88824
2023-10-11 23:00:00+00:00,15.65,94.07917,1.1,1009.88727
2023-10-12 00:00:00+00:00,15.9,94.09028,1.0,1009.5894
2023-10-12 01:00:00+00:00,15.6,94.68552,0.3,1009.88666
2023-10-12 02:00:00+00:00,15.85,94.39135,0.1,1009.3895
2023-10-12 03:00:00+00:00,15.75,95.60989,1.9,1009.1893
2023-10-12 04:00:00+00:00,15.0,95.894455,3.4,1009.08435
2023-10-12 05:00:00+00:00,14.05,95.24201,5.3,1009.1779
2023-10-12 06:00:00+00:00,13.0,97.097404,0.9,1009.4704
2023-10-12 07:00:00+00:00,13.1,96.149445,0.1,1009.6706
2023-10-12 08:00:00+00:00,13.5,93.6747,0.0,1009.87274
2023-10-12 09:00:00+00:00,13.75,92.770546,0.0,1010.2739
2023-10-12 10:00:00+00:00,14.05,91.280815,0.1,1010.57526
2023-10-12 11:00:00+00:00,14.25,90.4018,0.1,1010.77606
2023-10-12 12:00:00+00:00,14.6,91.91389,0.0,1010.7784
2023-10-12 13:00:00+00:00,15.3,89.30728,0.0,1010.58344
2023-10-12 14:00:00+00:00,15.7,87.900276,0.0,1010.6861
2023-10-12 15:00:00+00:00,15.6,87.89146,0.0,1010.4856
2023-10-12 16:00:00+00:00,15.6,87.32147,0.0,1010.1861
2023-10-12 17:00:00+00:00,15.45,89.31904,0.2,1009.98553
2023-10-12 18:00:00+00:00,15.3,92.25447,0.1,1009.98456
2023-10-12 19:00:00+00:00,15.45,93.46443,0.0,1009.6861
2023-10-12 20:00:00+00:00,16.05,94.39979,0.1,1009.39075
2023-10-12 21:00:00+00:00,16.05,94.09693,0.3,1009.1911
2023-10-12 22:00:00+00:00,15.85,94.08803,0.7,1008.69086
2023-10-12 23:00:00+00:00,15.85,94.08803,0.9,1007.3933
2023-10-13 00:00:00+00:00,16.05,93.79491,2.9,1006.3964
2023-10-13 01:00:00+00:00,16.55,93.21877,1.7,1005.0023
2023-10-13 02:00:00+00:00,17.3,91.1964,1.8,1003.6099
2023-10-13 03:00:00+00:00,17.0,89.43943,0.6,1002.4103
2023-10-13 04:00:00+00:00,17.55,85.28024,0.1,1000.51733
2023-10-13 05:00:00+00:00,17.75,84.48307,1.0,999.42065
2023-10-13 06:00:00+00:00,18.45,79.55866,0.0,998.5267
2023-10-13 07:00:00+00:00,19.0,76.13016,0.0,998.53046
2023-10-13 08:00:00+00:00,19.3,74.239784,0.1,998.43256
2023-10-13 09:00:00+00:00,18.3,80.31025,0.9,998.42596
2023-10-13 10:00:00+00:00,18.05,85.332466,0.1,998.72375
2023-10-13 11:00:00+00:00,18.75,85.40512,0.0,998.4291
2023-10-13 12:00:00+00:00,20.35,78.31521,0.3,997.74036
2023-10-13 13:00:00+00:00,20.5,70.04013,0.0,997.64154
2023-10-13 14:00:00+00:00,20.1,70.18978,0.0,997.23975
2023-10-13 15:00:00+00:00,19.45,71.21049,0.0,996.73663
2023-10-13 16:00:00+00:00,18.85,72.26373,0.0,996.3336
2023-10-13 17:00:00+00:00,17.55,78.662506,0.0,996.7244
2023-10-13 18:00:00+00:00,16.8,81.950645,1.1,997.31836
2023-10-13 19:00:00+00:00,12.9,88.527435,2.0,999.189
2023-10-13 20:00:00+00:00,12.2,84.42051,0.7,1000.98126
2023-10-13 21:00:00+00:00,11.05,80.927086,0.0,1002.7699
2023-10-13 22:00:00+00:00,10.45,78.12385,0.0,1004.3628
2023-10-13 23:00:00+00:00,9.8,77.75517,0.0,1005.45624
2023-10-14 00:00:00+00:00,9.5,77.708336,0.0,1006.7516
2023-10-14 01:00:00+00:00,8.95,79.80621,0.0,1008.145
2023-10-14 02:00:00+00:00,8.65,81.15813,0.0,1009.0414
2023-10-14 03:00:00+00:00,8.4,82.82957,0.0,1009.93774
2023-10-14 04:00:00+00:00,8.15,84.83124,0.0,1010.7346
2023-10-14 05:00:00+00:00,7.8,87.17501,0.0,1011.3309
2023-10-14 06:00:00+00:00,7.5,88.97594,0.0,1012.02734
2023-10-14 07:00:00+00:00,7.6,88.98426,0.0,1013.026
2023-10-14 08:00:00+00:00,9.1,84.06571,0.0,1013.73517
2023-10-14 09:00:00+00:00,10.55,77.871666,0.0,1014.1445
2023-10-14 10:00:00+00:00,11.8,69.97686,0.0,1015.05133
2023-10-14 11:00:00+00:00,12.5,65.011215,0.0,1015.55524
2023-10-14 12:00:00+00:00,12.75,65.066635,0.1,1016.2555
2023-10-14 13:00:00+00:00,13.3,60.015114,0.0,1016.459
2023-10-14 14:00:00+00:00,13.05,59.127613,0.1,1016.8565
2023-10-14 15:00:00+00:00,12.7,57.616756,0.1,1017.35297
2023-10-14 16:00:00+00:00,12.15,59.111496,0.0,1017.4491
2023-10-14 17:00:00+00:00,10.55,65.028984,0.0,1017.63776
2023-10-14 18:00:00+00:00,8.8,73.38453,0.0,1018.3243
2023-10-14 19:00:00+00:00,8.3,75.11654,0.0,1018.9197
2023-10-14 20:00:00+00:00,7.85,77.7201,0.0,1019.1161
2023-10-14 21:00:00+00:00,7.5,79.31766,0.0,1019.91205
2023-10-14 22:00:00+00:00,7.1,80.09853,0.0,1020.50793
2023-10-14 23:00:00+00:00,6.65,82.030624,0.0,1020.60455
2023-10-15 00:00:00+00:00,6.6,80.593025,0.0,1020.8038
2023-10-15 01:00:00+00:00,5.95,83.104614,0.0,1021.0987
2023-10-15 02:00:00+00:00,5.45,85.42641,0.0,1021.4942
2023-10-15 03:00:00+00:00,5.05,87.52426,0.0,1021.8905
2023-10-15 04:00:00+00:00,4.65,89.04945,0.0,1022.08716
2023-10-15 05:00:00+00:00,4.4,89.97987,0.0,1022.2852
2023-10-15 06:00:00+00:00,4.25,90.287766,0.0,1022.38367
2023-10-15 07:00:00+00:00,4.55,89.04109,0.0,1023.0846
2023-10-15 08:00:00+00:00,6.25,82.267715,0.0,1023.59576
2023-10-15 09:00:00+00:00,7.85,74.51243,0.0,1024.1063
2023-10-15 10:00:00+00:00,8.95,59.365124,0.0,1024.2139
2023-10-15 11:00:00+00:00,9.7,48.49546,0.0,1024.6185
2023-10-15 12:00:00+00:00,10.05,49.84513,0.0,1024.9202
2023-10-15 13:00:00+00:00,10.35,49.033615,0.0,1024.623
2023-10-15 14:00:00+00:00,10.45,49.597157,0.0,1024.2244
2023-10-15 15:00:00+00:00,10.35,50.473186,0.0,1024.3237
2023-10-15 16:00:00+00:00,9.9,52.770382,0.0,1024.4202
2023-10-15 17:00:00+00:00,7.05,71.52127,0.0,1024.4998
2023-10-15 18:00:00+00:00,5.95,75.781006,0.0,1024.5918
2023-10-15 19:00:00+00:00,5.9,77.4103,0.0,1024.6914
2023-10-15 20:00:00+00:00,4.85,86.27421,0.0,1024.2844
2023-10-15 21:00:00+00:00,4.6,89.36095,0.0,1024.4822
2023-10-15 22:00:00+00:00,4.85,88.12676,0.0,1024.0848
2023-10-15 23:00:00+00:00,5.7,84.2561,0.0,1023.9911
2023-10-16 00:00:00+00:00,5.25,83.90556,0.0,1023.5887
2023-10-16 01:00:00+00:00,4.4,87.77388,0.0,1023.28326
2023-10-16 02:00:00+00:00,2.9,92.14339,0.0,1022.8731
2023-10-16 03:00:00+00:00,2.9,90.50963,0.0,1022.4739
2023-10-16 04:00:00+00:00,2.3,93.10365,0.0,1022.17004
2023-10-16 05:00:00+00:00,2.45,95.13271,0.0,1021.67194
2023-10-16 06:00:00+00:00,2.85,94.13603,0.0,1021.07635
2023-10-16 07:00:00+00:00,4.0,88.04972,0.0,1021.4838
2023-10-16 08:00:00+00:00,5.6,80.738365,0.0,1021.196
2023-10-16 09:00:00+00:00,7.35,75.48311,0.0,1020.9091
2023-10-16 10:00:00+00:00,9.25,68.2557,0.0,1020.9225
2023-10-16 11:00:00+00:00,11.05,61.16217,0.0,1020.3361
2023-10-16 12:00:00+00:00,11.95,62.022804,0.0,1019.74335
2023-10-16 13:00:00+00:00,11.85,65.31795,0.0,1019.4433
2023-10-16 14:00:00+00:00,11.8,69.49695,0.0,1018.6444
2023-10-16 15:00:00+00:00,11.8,71.43421,0.0,1017.9458
2023-10-16 16:00:00+00:00,11.6,73.88736,0.0,1017.54535
2023-10-16 17:00:00+00:00,10.45,80.84546,0.0,1017.238
2023-10-16 18:00:00+00:00,9.75,85.29921,0.0,1017.2331
2023-10-16 19:00:00+00:00,9.5,87.634796,0.0,1017.4309
2023-10-16 20:00:00+00:00,9.4,88.82928,0.0,1017.4302
2023-10-16 21:00:00+00:00,9.3,90.04,0.0,1017.1301
2023-10-16 22:00:00+00:00,9.15,90.95373,0.0,1017.12915
2023-10-16 23:00:00+00:00,9.05,89.7145,0.0,1016.8288
2023-10-17 00:00:00+00:00,10.15,77.2758,0.0,1016.33734
2023-10-17 01:00:00+00:00,10.45,74.44963,0.0,1015.5412
2023-10-17 02:00:00+00:00,10.6,73.20219,0.0,1015.2428
2023-10-17 03:00:00+00:00,10.6,72.197174,0.0,1014.8435
2023-10-17 04:00:00+00:00,10.5,69.960434,0.0,1014.4437
2023-10-17 05:00:00+00:00,10.3,70.408676,0.0,1014.3425
2023-10-17 06:00:00+00:00,10.25,70.15432,0.0,1013.94275
2023-10-17 07:00:00+00:00,9.85,73.57466,0.0,1014.1398
2023-10-17 08:00:00+00:00,10.85,71.99492,0.0,1014.4459
2023-10-17 09:00:00+00:00,12.15,68.38208,0.0,1014.15533
2023-10-17 10:00:00+00:00,13.25,63.410244,0.0,1013.6639
2023-10-17 11:00:00+00:00,13.95,59.144268,0.0,1013.56885
2023-10-17 12:00:00+00:00,14.4,53.600292,0.0,1012.87305
2023-10-17 13:00:00+00:00,14.45,52.68857,0.0,1012.07495
2023-10-17 14:00:00+00:00,14.1,56.190605,0.0,1011.4738
2023-10-17 15:00:00+00:00,13.55,58.84182,0.0,1010.87115
2023-10-17 16:00:00+00:00,12.75,65.74191,0.0,1010.3667
2023-10-17 17:00:00+00:00,11.6,72.135544,0.0,1009.95996
2023-10-17 18:00:00+00:00,11.2,74.32486,0.0,1009.6576
2023-10-17 19:00:00+00:00,11.25,71.822334,0.0,1008.8595
2023-10-17 20:00:00+00:00,11.3,68.91819,0.0,1008.56036
2023-10-17 21:00:00+00:00,11.1,69.116356,0.0,1008.2597
2023-10-17 22:00:00+00:00,10.95,70.780716,0.0,1007.4603
2023-10-17 23:00:00+00:00,11.0,72.02313,0.0,1006.762
2023-10-18 00:00:00+00:00,10.85,74.519424,0.0,1005.76263
2023-10-18 01:00:00+00:00,10.7,77.89487,0.1,1005.063
2023-10-18 02:00:00+00:00,10.65,79.775566,0.0,1003.9648
2023-10-18 03:00:00+00:00,10.5,81.684654,0.0,1002.9659
2023-10-18 04:00:00+00:00,10.15,84.47465,0.0,1001.96515
2023-10-18 05:00:00+00:00,10.2,85.34759,0.0,1000.7678
2023-10-18 06:00:00+00:00,10.3,85.06854,0.0,999.97034
2023-10-18 07:00:00+00:00,10.55,83.09489,0.0,999.2732
2023-10-18 08:00:00+00:00,11.4,79.61148,0.0,998.0812
2023-10-18 09:00:00+00:00,12.2,78.92185,0.0,997.2883
2023-10-18 10:00:00+00:00,12.8,79.01003,0.1,996.1942
2023-10-18 11:00:00+00:00,13.0,80.10778,0.3,994.99805
2023-10-18 12:00:00+00:00,13.0,84.22894,0.0,993.6007
2023-10-18 13:00:00+00:00,13.45,84.841606,0.0,991.9067
2023-10-18 14:00:00+00:00,13.8,85.44349,0.4,989.9131
2023-10-18 15:00:00+00:00,13.45,88.86683,1.4,988.1139
2023-10-18 16:00:00+00:00,13.7,90.66018,0.4,986.319
2023-10-18 17:00:00+00:00,14.4,91.00564,2.3,984.4271
2023-10-18 18:00:00+00:00,15.1,92.54271,0.8,983.03455
2023-10-18 19:00:00+00:00,16.2,93.80185,1.0,981.64417
2023-10-18 20:00:00+00:00,16.65,92.92566,0.2,981.1479
2023-10-18 21:00:00+00:00,16.4,91.431526,0.0,981.4458
2023-10-18 22:00:00+00:00,15.9,91.99175,0.2,982.24115
2023-10-18 23:00:00+00:00,15.6,89.041245,0.1,983.2371
2023-10-19 00:00:00+00:00,14.95,88.698975,0.0,983.8321
2023-10-19 01:00:00+00:00,14.5,87.506485,0.0,984.6274
2023-10-19 02:00:00+00:00,14.75,89.848946,0.0,984.5295
2023-10-19 03:00:00+00:00,15.65,89.334694,0.1,983.9364
2023-10-19 04:00:00+00:00,15.55,90.20067,0.0,983.3366
2023-10-19 05:00:00+00:00,15.55,89.61732,0.0,983.137
2023-10-19 06:00:00+00:00,16.0,87.641975,0.1,982.84076
2023-10-19 07:00:00+00:00,15.9,88.77721,0.1,983.23926
2023-10-19 08:00:00+00:00,15.9,88.20348,0.1,983.0397
2023-10-19 09:00:00+00:00,16.3,87.10315,0.1,982.643
2023-10-19 10:00:00+00:00,16.45,87.6822,0.0,982.44415
2023-10-19 11:00:00+00:00,16.8,84.92624,0.2,982.3466
2023-10-19 12:00:00+00:00,17.0,85.77443,0.2,982.2483
2023-10-19 13:00:00+00:00,16.5,85.72345,1.0,981.94543
2023-10-19 14:00:00+00:00,17.7,81.53572,0.1,981.25446
2023-10-19 15:00:00+00:00,17.25,80.68908,0.8,980.9523
2023-10-19 16:00:00+00:00,16.5,85.44617,0.1,980.6479
2023-10-19 17:00:00+00:00,15.15,88.715515,0.0,980.9387
2023-10-19 18:00:00+00:00,15.2,91.35504,0.8,980.939
2023-10-19 19:00:00+00:00,14.9,92.53158,0.4,980.63776
2023-10-19 20:00:00+00:00,14.8,92.225525,0.2,980.2379
2023-10-19 21:00:00+00:00,14.35,93.71515,0.4,980.53436
2023-10-19 22:00:00+00:00,14.35,94.327576,1.2,979.63605
2023-10-19 23:00:00+00:00,14.3,94.32543,1.4,978.8372
2023-10-20 00:00:00+00:00,14.35,94.94353,2.1,977.63983
2023-10-20 01:00:00+00:00,14.3,94.01868,1.9,976.7412
2023-10-20 02:00:00+00:00,14.15,95.24562,2.3,975.44275
2023-10-20 03:00:00+00:00,14.0,95.551186,2.3,974.2441
2023-10-20 04:00:00+00:00,14.1,95.866234,1.0,973.2466
2023-10-20 05:00:00+00:00,14.0,94.62086,0.2,972.94653
2023-10-20 06:00:00+00:00,13.95,95.23839,0.0,972.9462
2023-10-20 07:00:00+00:00,13.9,94.616806,0.0,973.3452
2023-10-20 08:00:00+00:00,14.05,93.09065,0.0,973.64557
2023-10-20 09:00:00+00:00,13.9,90.97214,0.0,973.9441
2023-10-20 10:00:00+00:00,14.3,86.06105,0.0,974.2459
2023-10-20 11:00:00+00:00,15.05,80.39127,0.0,974.7499
2023-10-20 12:00:00+00:00,15.1,86.706764,0.0,974.6504
2023-10-20 13:00:00+00:00,15.65,82.88357,0.0,974.3546
2023-10-20 14:00:00+00:00,15.8,79.44315,0.0,974.3555
2023-10-20 15:00:00+00:00,16.05,77.41718,0.0,974.357
2023-10-20 16:00:00+00:00,15.75,78.13969,0.0,974.3553
2023-10-20 17:00:00+00:00,14.2,84.92325,0.1,974.5448
2023-10-20 18:00:00+00:00,13.15,88.25582,0.0,975.13696
2023-10-20 19:00:00+00:00,12.75,93.3302,0.0,975.5334
2023-10-20 20:00:00+00:00,12.45,94.55712,0.0,975.73114
2023-10-20 21:00:00+00:00,12.35,94.86598,0.0,976.03
2023-10-20 22:00:00+00:00,12.15,94.54465,0.0,976.42773
2023-10-20 23:00:00+00:00,11.85,94.84632,0.0,976.6255
2023-10-21 00:00:00+00:00,11.85,92.35839,0.1,976.92487
2023-10-21 01:00:00+00:00,11.85,91.745476,0.0,977.2243
2023-10-21 02:00:00+00:00,12.25,91.46606,0.1,977.32697
2023-10-21 03:00:00+00:00,12.25,92.075424,0.0,977.2271
2023-10-21 04:00:00+00:00,11.9,93.90883,0.0,977.3245
2023-10-21 05:00:00+00:00,12.25,92.38145,0.0,978.02563
2023-10-21 06:00:00+00:00,12.65,90.88755,0.0,978.7267
2023-10-21 07:00:00+00:00,12.2,90.85684,0.0,979.42255
2023-10-21 08:00:00+00:00,13.05,86.79518,0.0,979.92706
2023-10-21 09:00:00+00:00,13.85,84.04608,0.0,980.23175
2023-10-21 10:00:00+00:00,15.0,80.91679,0.0,980.5386
2023-10-21 11:00:00+00:00,16.15,74.43033,0.0,981.0451
2023-10-21 12:00:00+00:00,14.25,84.091736,0.7,981.8312
2023-10-21 13:00:00+00:00,15.2,79.61998,0.4,982.1368
2023-10-21 14:00:00+00:00,15.5,79.40042,0.1,982.6377
2023-10-21 15:00:00+00:00,15.25,80.15399,0.1,983.3349
2023-10-21 16:00:00+00:00,13.05,91.215485,1.7,984.41846
2023-10-21 17:00:00+00:00,12.25,92.075424,0.2,986.1101
2023-10-21 18:00:00+00:00,11.7,87.83472,0.0,987.8031
2023-10-21 19:00:00+00:00,11.4,86.63471,0.0,989.2981
2023-10-21 20:00:00+00:00,10.85,86.58058,0.0,990.6916
2023-10-21 21:00:00+00:00,10.7,86.85912,0.0,991.9882
2023-10-21 22:00:00+00:00,9.55,92.22386,0.0,993.2779
2023-10-21 23:00:00+00:00,8.85,94.084274,0.0,994.37115
2023-10-22 00:00:00+00:00,8.35,94.061386,0.0,995.4656
2023-10-22 01:00:00+00:00,7.75,94.35678,0.0,996.45966
2023-10-22 02:00:00+00:00,7.3,94.988205,0.0,997.155
2023-10-22 03:00:00+00:00,7.05,95.63482,0.0,997.9516
2023-10-22 04:00:00+00:00,7.05,95.63482,0.0,998.84985
2023-10-22 05:00:00+00:00,7.45,94.994064,0.0,999.55133
2023-10-22 06:00:00+00:00,6.95,95.63141,0.0,1000.2465
2023-10-22 07:00:00+00:00,6.65,95.951836,0.0,1001.4421
2023-10-22 08:00:00+00:00,8.4,93.42372,0.0,1002.2526
2023-10-22 09:00:00+00:00,10.05,88.883446,0.0,1002.763
2023-10-22 10:00:00+00:00,11.7,82.95404,0.0,1003.5728
2023-10-22 11:00:00+00:00,13.3,66.99795,0.0,1004.1824
2023-10-22 12:00:00+00:00,14.25,59.01431,0.0,1004.28845
2023-10-22 13:00:00+00:00,14.8,58.34292,0.0,1004.5917
2023-10-22 14:00:00+00:00,15.05,57.2147,0.0,1004.9925
2023-10-22 15:00:00+00:00,14.75,59.953224,0.0,1005.3898
2023-10-22 16:00:00+00:00,13.85,66.88617,0.0,1005.6832
2023-10-22 17:00:00+00:00,11.3,79.326775,0.0,1006.2648
2023-10-22 18:00:00+00:00,10.2,85.930145,0.0,1006.65643
2023-10-22 19:00:00+00:00,9.7,88.25194,0.0,1007.5516
2023-10-22 20:00:00+00:00,9.05,90.32882,0.0,1007.94604
2023-10-22 21:00:00+00:00,8.05,92.76815,0.0,1008.33826
2023-10-22 22:00:00+00:00,7.45,93.37533,0.0,1008.33417
2023-10-22 23:00:00+00:00,6.95,93.99662,0.0,1008.53033
2023-10-23 00:00:00+00:00,7.05,94.978424,0.0,1008.53094
2023-10-23 01:00:00+00:00,6.8,94.968605,0.0,1008.52936
2023-10-23 02:00:00+00:00,7.3,94.0129,0.0,1008.1336
2023-10-23 03:00:00+00:00,7.7,93.70928,0.0,1008.0367
2023-10-23 04:00:00+00:00,8.05,92.76815,0.0,1007.83923
2023-10-23 05:00:00+00:00,8.5,92.161285,0.0,1007.6429
2023-10-23 06:00:00+00:00,8.6,92.482475,0.0,1007.64343
2023-10-23 07:00:00+00:00,9.3,92.52261,0.0,1007.74835
2023-10-23 08:00:00+00:00,10.8,91.988144,0.0,1007.65857
2023-10-23 09:00:00+00:00,12.6,88.50202,0.0,1007.5711
2023-10-23 10:00:00+00:00,14.05,82.6884,0.0,1006.88226
2023-10-23 11:00:00+00:00,14.75,77.988884,0.0,1006.2881
2023-10-23 12:00:00+00:00,14.85,73.46686,0.0,1005.59015
2023-10-23 13:00:00+00:00,14.95,71.06717,0.0,1005.2913
2023-10-23 14:00:00+00:00,14.55,72.679276,0.0,1004.88916
2023-10-23 15:00:00+00:00,14.1,73.08731,0.1,1003.88824
2023-10-23 16:00:00+00:00,13.2,81.760284,0.1,1003.1836
2023-10-23 17:00:00+00:00,12.35,86.43823,0.1,1002.77875
2023-10-23 18:00:00+00:00,11.85,89.6284,0.2,1002.6755
2023-10-23 19:00:00+00:00,11.5,89.601326,0.2,1002.673
2023-10-23 20:00:00+00:00,10.85,93.54609,0.1,1002.0697
2023-10-23 21:00:00+00:00,10.4,95.10719,0.0,1001.96704
2023-10-23 22:00:00+00:00,9.45,96.68975,0.0,1001.4615
2023-10-23 23:00:00+00:00,8.35,97.652336,0.0,1001.25433
2023-10-24 00:00:00+00:00,8.65,97.32726,0.0,1001.1566
2023-10-24 01:00:00+00:00,7.25,97.63189,0.0,1000.7478
2023-10-24 02:00:00+00:00,8.1,96.984665,0.0,1000.2544
2023-10-24 03:00:00+00:00,7.85,97.64308,0.0,999.7538
2023-10-24 04:00:00+00:00,8.65,96.99764,0.7,999.2604
2023-10-24 05:00:00+00:00,8.85,96.67422,1.0,998.9623
2023-10-24 06:00:00+00:00,8.95,97.00469,0.8,998.9628
2023-10-24 07:00:00+00:00,9.05,97.00702,0.3,999.06323
2023-10-24 08:00:00+00:00,9.35,96.03635,0.2,999.1653
2023-10-24 09:00:00+00:00,10.2,93.829216,0.0,999.47034
2023-10-24 10:00:00+00:00,11.55,88.70927,0.0,999.6793
2023-10-24 11:00:00+00:00,13.05,77.99104,0.0,999.5895
2023-10-24 12:00:00+00:00,14.1,68.31586,0.0,999.19714
2023-10-24 13:00:00+00:00,14.05,65.576,0.2,998.9973
2023-10-24 14:00:00+00:00,13.7,72.52414,0.0,998.7952
2023-10-24 15:00:00+00:00,13.7,70.112144,0.0,998.6954
2023-10-24 16:00:00+00:00,12.85,74.359085,0.0,998.68964
2023-10-24 17:00:00+00:00,10.1,86.21259,0.0,998.77106
2023-10-24 18:00:00+00:00,10.1,85.9198,0.0,998.6712
2023-10-24 19:00:00+00:00,9.35,90.65861,0.0,998.3668
2023-10-24 20:00:00+00:00,8.7,93.12105,0.0,998.06305
2023-10-24 21:00:00+00:00,9.25,92.83441,0.0,997.9669
2023-10-24 22:00:00+00:00,9.75,91.30358,0.0,997.4713
2023-10-24 23:00:00+00:00,9.65,91.607,0.0,997.0712
2023-10-25 00:00:00+00:00,9.9,89.78007,0.0,996.47424
2023-10-25 01:00:00+00:00,9.4,91.59105,0.1,996.07153
2023-10-25 02:00:00+00:00,9.25,92.83441,0.1,995.47174
2023-10-25 03:00:00+00:00,9.6,92.22681,0.1,994.67554
2023-10-25 04:00:00+00:00,9.75,93.176186,0.1,993.9781
2023-10-25 05:00:00+00:00,9.85,93.18141,0.1,993.5795
2023-10-25 06:00:00+00:00,9.7,93.17358,0.1,993.0796
2023-10-25 07:00:00+00:00,9.5,92.534035,0.1,993.07806
2023-10-25 08:00:00+00:00,9.75,91.613365,0.1,992.98004
2023-10-25 09:00:00+00:00,10.55,88.62501,0.0,993.2847
2023-10-25 10:00:00+00:00,11.05,86.600296,0.0,993.18835
2023-10-25 11:00:00+00:00,11.35,85.18249,0.0,993.4897
2023-10-25 12:00:00+00:00,12.1,82.72413,0.0,993.5944
2023-10-25 13:00:00+00:00,13.65,77.8213,0.0,993.8044
2023-10-25 14:00:00+00:00,13.8,75.026,0.0,993.90546
2023-10-25 15:00:00+00:00,13.2,75.43146,0.0,993.60187
2023-10-25 16:00:00+00:00,12.15,82.175415,0.0,993.6946
2023-10-25 17:00:00+00:00,9.1,91.57184,0.0,994.3727
2023-10-25 18:00:00+00:00,9.2,92.20309,0.0,994.27386
2023-10-25 19:00:00+00:00,7.95,94.689026,0.0,994.5645
2023-10-25 20:00:00+00:00,8.6,94.71574,0.0,994.46906
2023-10-25 21:00:00+00:00,8.4,95.68061,0.0,994.3679
2023-10-25 22:00:00+00:00,8.55,96.01159,0.0,994.2691
2023-10-25 23:00:00+00:00,8.85,95.6957,0.0,993.5727
2023-10-26 00:00:00+00:00,9.05,96.35276,0.0,993.0748
2023-10-26 01:00:00+00:00,9.8,95.40544,0.0,992.5811
2023-10-26 02:00:00+00:00,9.65,95.722374,0.0,991.7815
2023-10-26 03:00:00+00:00,9.7,94.76047,0.0,990.784
2023-10-26 04:00:00+00:00,9.65,94.75846,0.0,990.38416
2023-10-26 05:00:00+00:00,9.75,96.048645,0.1,989.68634
2023-10-26 06:00:00+00:00,10.75,94.80265,0.0,989.29376
2023-10-26 07:00:00+00:00,10.85,92.300316,0.1,989.2943
2023-10-26 08:00:00+00:00,10.95,86.88331,2.1,989.19543
2023-10-26 09:00:00+00:00,12.0,89.0437,0.1,989.3021
2023-10-26 10:00:00+00:00,13.0,83.948494,0.0,989.60834
2023-10-26 11:00:00+00:00,14.25,77.912926,0.0,989.31696
2023-10-26 12:00:00+00:00,14.9,72.49995,0.1,989.02185
2023-10-26 13:00:00+00:00,15.3,71.133606,0.1,988.9245
2023-10-26 14:00:00+00:00,15.6,66.80409,0.0,988.3275
2023-10-26 15:00:00+00:00,15.0,68.96179,0.0,988.12415
2023-10-26 16:00:00+00:00,13.8,79.155846,0.0,988.1165
2023-10-26 17:00:00+00:00,11.65,88.42096,0.0,988.30176
2023-10-26 18:00:00+00:00,10.45,92.89978,0.0,988.0942
2023-10-26 19:00:00+00:00,9.65,95.40011,0.0,988.0886
2023-10-26 20:00:00+00:00,9.0,96.67811,0.0,988.0843
2023-10-26 21:00:00+00:00,7.8,98.64657,0.0,988.2758
2023-10-26 22:00:00+00:00,7.25,99.318275,0.0,987.9727
2023-10-26 23:00:00+00:00,7.45,98.64282,0.0,988.0737
2023-10-27 00:00:00+00:00,7.45,98.98059,0.0,988.0737
2023-10-27 01:00:00+00:00,7.9,97.97755,0.0,988.1765
2023-10-27 02:00:00+00:00,7.1,98.97774,0.0,987.97144
2023-10-27 03:00:00+00:00,7.75,98.64604,0.0,987.6767
2023-10-27 04:00:00+00:00,7.3,99.31854,0.0,987.47394
2023-10-27 05:00:00+00:00,8.6,99.32555,0.0,987.3828
2023-10-27 06:00:00+00:00,7.8,100.0,0.0,987.57715
2023-10-27 07:00:00+00:00,7.85,100.0,0.0,987.7771
2023-10-27 08:00:00+00:00,9.3,97.01288,0.0,987.8868
2023-10-27 09:00:00+00:00,10.5,92.90247,0.0,988.0945
2023-10-27 10:00:00+00:00,12.15,86.70801,0.0,988.20514
2023-10-27 11:00:00+00:00,13.55,80.991356,0.1,988.1146
2023-10-27 12:00:00+00:00,14.2,78.426384,0.1,988.21875
2023-10-27 13:00:00+00:00,13.2,74.67158,0.6,989.0107
2023-10-27 14:00:00+00:00,13.5,68.89247,0.2,988.7131
2023-10-27 15:00:00+00:00,13.2,71.21405,0.0,988.61145
2023-10-27 16:00:00+00:00,12.1,79.44269,0.0,988.604
2023-10-27 17:00:00+00:00,10.65,87.148605,0.0,988.59436
2023-10-27 18:00:00+00:00,10.1,88.58681,0.0,988.79034
2023-10-27 19:00:00+00:00,9.7,91.30029,0.0,988.7879
2023-10-27 20:00:00+00:00,9.4,91.59105,0.0,988.78564
2023-10-27 21:00:00+00:00,9.2,91.26723,0.0,988.68463
2023-10-27 22:00:00+00:00,9.0,91.25395,0.0,988.6831
2023-10-27 23:00:00+00:00,9.45,91.90561,0.7,988.08734
2023-10-28 00:00:00+00:00,9.7,91.61017,2.0,987.5902
2023-10-28 01:00:00+00:00,9.65,93.48658,0.1,987.29016
2023-10-28 02:00:00+00:00,8.95,95.69906,0.0,986.8862
2023-10-28 03:00:00+00:00,9.25,95.06355,0.0,986.5889
2023-10-28 04:00:00+00:00,9.5,94.11382,0.0,986.69037
2023-10-28 05:00:00+00:00,9.75,92.861755,0.0,986.69214
2023-10-28 06:00:00+00:00,9.85,92.2416,0.0,986.9923
2023-10-28 07:00:00+00:00,9.95,91.936325,0.0,987.59174
2023-10-28 08:00:00+00:00,10.85,90.15542,0.0,988.0966
2023-10-28 09:00:00+00:00,12.15,86.41839,0.0,988.5046
2023-10-28 10:00:00+00:00,13.8,76.29566,0.0,988.8152
2023-10-28 11:00:00+00:00,14.9,68.019264,0.0,988.2233
2023-10-28 12:00:00+00:00,15.25,61.106033,0.0,988.1258
2023-10-28 13:00:00+00:00,15.15,63.624958,0.0,988.12506
2023-10-28 14:00:00+00:00,14.5,69.32743,0.0,987.5219
2023-10-28 15:00:00+00:00,13.45,74.966644,0.0,986.4171
2023-10-28 16:00:00+00:00,12.3,83.58657,0.8,985.4117
2023-10-28 17:00:00+00:00,11.55,89.605194,2.1,984.10925
2023-10-28 18:00:00+00:00,12.3,90.56222,4.4,982.7168
2023-10-28 19:00:00+00:00,13.05,88.83392,0.1,981.72363
2023-10-28 20:00:00+00:00,12.45,91.17595,0.0,981.2206
2023-10-28 21:00:00+00:00,12.35,91.472466,0.1,980.6212
2023-10-28 22:00:00+00:00,11.6,92.96158,0.1,980.51654
2023-10-28 23:00:00+00:00,11.5,93.89024,0.9,980.51556
2023-10-29 00:00:00+00:00,11.15,92.009346,0.9,980.91254
2023-10-29 01:00:00+00:00,11.15,90.177536,0.8,980.91254
2023-10-29 02:00:00+00:00,11.1,88.67146,0.1,981.9104
2023-10-29 03:00:00+00:00,10.5,89.22159,0.0,983.00433
2023-10-29 04:00:00+00:00,9.9,88.56976,0.0,983.69885
2023-10-29 05:00:00+00:00,9.55,89.448456,0.0,984.3951
2023-10-29 06:00:00+00:00,9.3,88.82089,0.0,984.8926
2023-10-29 07:00:00+00:00,9.05,86.697876,0.0,985.3897
2023-10-29 08:00:00+00:00,10.15,82.19904,0.0,985.996
2023-10-29 09:00:00+00:00,11.8,78.595665,0.0,986.10693
2023-10-29 10:00:00+00:00,12.15,79.71881,0.0,986.10913
2023-10-29 11:00:00+00:00,12.3,77.87622,0.4,985.61127
2023-10-29 12:00:00+00:00,11.7,81.84104,0.6,985.30786
2023-10-29 13:00:00+00:00,10.8,89.848816,2.9,986.29974
2023-10-29 14:00:00+00:00,11.45,86.63962,0.1,986.5037
2023-10-29 15:00:00+00:00,12.05,81.88631,0.0,987.0068
2023-10-29 16:00:00+00:00,11.55,82.93568,0.0,987.4029
2023-10-29 17:00:00+00:00,10.4,87.12485,0.0,988.3932
2023-10-29 18:00:00+00:00,10.15,89.49584,0.0,989.09
2023-10-29 19:00:00+00:00,9.85,89.169044,0.0,989.9865
2023-10-29 20:00:00+00:00,10.15,88.29127,0.0,990.2877
2023-10-29 21:00:00+00:00,10.3,87.11532,0.0,991.28705
2023-10-29 22:00:00+00:00,10.5,85.37973,0.0,991.3881
2023-10-29 23:00:00+00:00,10.2,87.1058,0.0,991.5855
2023-10-30 00:00:00+00:00,9.9,87.37388,0.0,991.5836
2023-10-30 01:00:00+00:00,10.35,86.23793,0.0,992.0859
2023-10-30 02:00:00+00:00,10.4,87.71716,0.0,992.0861
2023-10-30 03:00:00+00:00,10.3,87.11532,0.0,991.9857
2023-10-30 04:00:00+00:00,10.35,87.41591,0.0,991.78644
2023-10-30 05:00:00+00:00,10.05,88.58254,0.0,992.58264
2023-10-30 06:00:00+00:00,9.95,89.48008,0.0,992.8815
2023-10-30 07:00:00+00:00,9.95,90.08864,0.0,993.1809
2023-10-30 08:00:00+00:00,10.7,87.15336,0.0,993.5851
2023-10-30 09:00:00+00:00,11.9,83.53926,0.0,993.69305
2023-10-30 10:00:00+00:00,13.6,76.263214,0.0,993.6044
2023-10-30 11:00:00+00:00,14.4,70.24892,0.0,993.6097
2023-10-30 12:00:00+00:00,14.35,68.13609,0.1,993.2102
2023-10-30 13:00:00+00:00,13.85,78.8993,0.0,993.3068
2023-10-30 14:00:00+00:00,14.2,76.36036,0.0,992.90985
2023-10-30 15:00:00+00:00,12.1,83.00291,0.5,993.29504
2023-10-30 16:00:00+00:00,11.9,85.815895,0.0,993.3936
2023-10-30 17:00:00+00:00,10.05,92.2534,0.0,993.68054
2023-10-30 18:00:00+00:00,9.2,93.46404,0.0,994.27386
2023-10-30 19:00:00+00:00,9.4,93.47407,0.2,994.6742
2023-10-30 20:00:00+00:00,9.0,94.73206,0.0,994.7713
2023-10-30 21:00:00+00:00,7.65,96.64281,0.0,995.1614
2023-10-30 22:00:00+00:00,7.25,96.964455,0.0,995.6577
2023-10-30 23:00:00+00:00,6.5,97.95502,0.0,995.852
2023-10-31 00:00:00+00:00,6.7,98.97449,0.0,995.953
2023-10-31 01:00:00+00:00,6.6,98.973656,0.0,996.3516
2023-10-31 02:00:00+00:00,7.3,99.31854,0.0,996.5562
2023-10-31 03:00:00+00:00,6.55,98.97324,0.0,996.35126
2023-10-31 04:00:00+00:00,6.6,97.28376,0.0,996.5512
2023-10-31 05:00:00+00:00,6.8,95.62627,0.0,996.7524
2023-10-31 06:00:00+00:00,7.0,96.29377,0.0,996.9533
2023-10-31 07:00:00+00:00,7.3,96.63357,0.0,997.3547
2023-10-31 08:00:00+00:00,8.9,95.37328,0.0,997.76483
2023-10-31 09:00:00+00:00,10.5,92.90247,0.0,997.97546
2023-10-31 10:00:00+00:00,11.9,87.559105,0.0,998.4839
2023-10-31 11:00:00+00:00,12.5,84.73727,0.0,998.6875
2023-10-31 12:00:00+00:00,13.15,80.66724,0.1,998.79175
2023-10-31 13:00:00+00:00,13.85,80.22602,0.1,998.99603
2023-10-31 14:00:00+00:00,14.05,78.403984,0.1,998.89746
2023-10-31 15:00:00+00:00,13.5,81.526764,0.0,999.1931
2023-10-31 16:00:00+00:00,11.7,86.6641,1.0,999.58044
2023-10-31 17:00:00+00:00,10.8,91.06584,0.0,999.8736
2023-10-31 18:00:00+00:00,10.85,91.68295,0.0,999.8739
2023-10-31 19:00:00+00:00,10.65,91.670364,0.0,1000.07227
2023-10-31 20:00:00+00:00,10.7,90.753296,0.1,999.67334
2023-10-31 21:00:00+00:00,10.55,91.664055,0.7,999.17334
2023-10-31 22:00:00+00:00,10.55,92.90519,0.3,998.5745
2023-10-31 23:00:00+00:00,10.7,92.91329,0.1,998.1762
2023-11-01 00:00:00+00:00,10.85,91.99118,2.0,997.4786
2023-11-01 01:00:00+00:00,11.55,92.649536,0.1,996.4855
2023-11-01 02:00:00+00:00,12.55,91.78883,0.1,995.5937
2023-11-01 03:00:00+00:00,12.95,91.20891,0.3,994.299
2023-11-01 04:00:00+00:00,13.25,90.03258,0.7,993.4026
2023-11-01 05:00:00+00:00,13.55,85.700714,0.2,992.5063
2023-11-01 06:00:00+00:00,13.5,84.565895,0.0,991.2083
2023-11-01 07:00:00+00:00,12.95,88.53167,0.8,990.9055
2023-11-01 08:00:00+00:00,12.3,89.66309,0.9,990.80133
2023-11-01 09:00:00+00:00,12.8,84.206215,0.1,990.3055
2023-11-01 10:00:00+00:00,12.65,85.89317,0.2,990.1049
2023-11-01 11:00:00+00:00,13.0,81.7344,0.1,989.7081
2023-11-01 12:00:00+00:00,13.1,78.26131,0.1,989.0101
2023-11-01 13:00:00+00:00,12.8,85.337776,0.1,987.7104
2023-11-01 14:00:00+00:00,13.2,76.97172,0.1,988.11237
2023-11-01 15:00:00+00:00,13.25,66.98734,0.0,988.3124
2023-11-01 16:00:00+00:00,12.25,69.82609,0.0,988.3059
2023-11-01 17:00:00+00:00,10.75,73.48239,0.0,988.1958
2023-11-01 18:00:00+00:00,9.85,76.16829,0.0,988.09015
2023-11-01 19:00:00+00:00,9.5,78.24755,0.0,986.89
2023-11-01 20:00:00+00:00,9.6,78.53353,0.0,984.7947
2023-11-01 21:00:00+00:00,10.35,74.68957,0.2,982.5044
2023-11-01 22:00:00+00:00,10.2,84.48031,1.2,979.8083
2023-11-01 23:00:00+00:00,10.45,85.664734,4.0,976.21704
2023-11-02 00:00:00+00:00,10.6,86.26321,2.5,971.7266
2023-11-02 01:00:00+00:00,11.1,87.1912,1.2,969.63403
2023-11-02 02:00:00+00:00,11.3,85.46493,1.7,966.94037
2023-11-02 03:00:00+00:00,11.2,87.20064,1.3,964.6442
2023-11-02 04:00:00+00:00,10.95,87.76711,0.6,961.7483
2023-11-02 05:00:00+00:00,10.3,88.00573,0.8,959.14905
2023-11-02 06:00:00+00:00,10.55,87.43452,1.0,956.0565
2023-11-02 07:00:00+00:00,10.8,87.16282,1.0,953.86224
2023-11-02 08:00:00+00:00,11.05,90.473434,1.6,952.36694
2023-11-02 09:00:00+00:00,11.55,89.30567,0.1,951.97095
2023-11-02 10:00:00+00:00,10.95,90.466286,0.5,954.0631
2023-11-02 11:00:00+00:00,10.85,90.15542,0.2,956.9566
2023-11-02 12:00:00+00:00,10.85,88.65039,0.2,959.1524
2023-11-02 13:00:00+00:00,10.3,90.72538,0.4,962.3429
2023-11-02 14:00:00+00:00,9.8,91.306885,0.6,963.5373
2023-11-02 15:00:00+00:00,9.75,90.073715,0.8,965.23364
2023-11-02 16:00:00+00:00,9.95,84.451996,0.1,967.0315
2023-11-02 17:00:00+00:00,9.7,82.70671,0.3,968.9263
2023-11-02 18:00:00+00:00,9.15,84.36091,0.8,970.6193
2023-11-02 19:00:00+00:00,9.15,78.4653,0.9,971.91675
2023-11-02 20:00:00+00:00,9.3,78.488075,0.1,972.7161
2023-11-02 21:00:00+00:00,9.35,79.58835,0.3,973.71454
2023-11-02 22:00:00+00:00,9.4,79.04776,0.3,974.31366
2023-11-02 23:00:00+00:00,8.8,82.30893,0.6,975.00836
2023-11-03 00:00:00+00:00,9.0,76.82489,0.2,975.8081
2023-11-03 01:00:00+00:00,9.3,76.60716,0.1,976.1096
2023-11-03 02:00:00+00:00,8.95,76.01886,0.0,976.8058
2023-11-03 03:00:00+00:00,8.9,77.3449,0.0,977.10486
2023-11-03 04:00:00+00:00,8.35,76.18461,0.0,977.6003
2023-11-03 05:00:00+00:00,7.6,79.05501,0.0,977.9943
2023-11-03 06:00:00+00:00,7.55,79.32504,0.0,978.29333
2023-11-03 07:00:00+00:00,7.15,82.0959,0.0,978.9893
2023-11-03 08:00:00+00:00,7.7,81.596306,0.0,979.6919
2023-11-03 09:00:00+00:00,9.45,76.10204,0.0,980.1028
2023-11-03 10:00:00+00:00,10.9,73.50938,0.0,980.3122
2023-11-03 11:00:00+00:00,11.7,73.65268,1.0,980.31744
2023-11-03 12:00:00+00:00,12.65,72.084946,0.0,980.124
2023-11-03 13:00:00+00:00,13.15,73.66004,0.0,980.4268
2023-11-03 14:00:00+00:00,12.65,73.07276,0.5,980.42346
2023-11-03 15:00:00+00:00,12.45,77.899254,0.1,980.72156
2023-11-03 16:00:00+00:00,10.45,85.664734,3.3,981.30725
2023-11-03 17:00:00+00:00,9.9,91.00495,0.5,981.1039
2023-11-03 18:00:00+00:00,8.95,92.817924,0.0,981.4967
2023-11-03 19:00:00+00:00,8.5,91.84679,0.0,981.8929
2023-11-03 20:00:00+00:00,8.05,91.19048,0.0,982.38873
2023-11-03 21:00:00+00:00,7.45,91.78102,0.0,982.285
2023-11-03 22:00:00+00:00,7.15,91.12973,0.0,982.48254
2023-11-03 23:00:00+00:00,6.9,90.79745,0.0,982.28125
2023-11-04 00:00:00+00:00,6.3,92.66989,0.0,981.77826
2023-11-04 01:00:00+00:00,5.7,91.990685,0.0,981.0753
2023-11-04 02:00:00+00:00,5.55,91.659996,0.0,980.1761
2023-11-04 03:00:00+00:00,5.0,91.94718,0.0,978.5753
2023-11-04 04:00:00+00:00,5.15,91.312836,0.0,976.78015
2023-11-04 05:00:00+00:00,6.75,87.68322,0.0,975.4937
2023-11-04 06:00:00+00:00,7.85,87.4817,0.1,973.8043
2023-11-04 07:00:00+00:00,9.1,84.93676,0.2,971.9162
2023-11-04 08:00:00+00:00,8.8,86.97128,1.2,970.11786
2023-11-04 09:00:00+00:00,8.85,87.87552,1.8,967.72284
2023-11-04 10:00:00+00:00,9.3,89.42862,0.7,965.5301
2023-11-04 11:00:00+00:00,10.3,88.00573,0.1,964.13947
2023-11-04 12:00:00+00:00,12.55,82.22618,0.6,963.2556
2023-11-04 13:00:00+00:00,11.55,80.44761,0.6,962.8501
2023-11-04 14:00:00+00:00,11.55,80.44761,0.2,963.4489
2023-11-04 15:00:00+00:00,11.65,81.5583,0.0,963.44946
2023-11-04 16:00:00+00:00,10.7,83.39618,0.0,963.543
2023-11-04 17:00:00+00:00,9.75,86.471375,0.0,963.83636
2023-11-04 18:00:00+00:00,9.25,89.424644,0.0,963.6334
2023-11-04 19:00:00+00:00,8.9,90.009895,0.0,963.53125
2023-11-04 20:00:00+00:00,8.55,91.53647,0.0,963.32916
2023-11-04 21:00:00+00:00,8.05,93.08656,0.0,963.5255
2023-11-04 22:00:00+00:00,7.4,94.9921,0.0,963.52124
2023-11-04 23:00:00+00:00,8.05,93.40594,0.0,963.42566
2023-11-05 00:00:00+00:00,7.8,95.33352,0.0,964.023
2023-11-05 01:00:00+00:00,6.65,98.29528,0.0,964.31464
2023-11-05 02:00:00+00:00,6.05,99.311714,0.0,965.30865
2023-11-05 03:00:00+00:00,6.4,96.94403,0.0,966.409
2023-11-05 04:00:00+00:00,6.45,94.62663,0.0,967.8065
2023-11-05 05:00:00+00:00,6.7,93.66036,0.0,969.4049
2023-11-05 06:00:00+00:00,7.15,91.44541,0.0,971.20447
2023-11-05 07:00:00+00:00,8.0,87.19415,0.0,973.20636
2023-11-05 08:00:00+00:00,8.45,86.34064,0.0,975.1057
2023-11-05 09:00:00+00:00,9.15,82.63778,0.0,977.00696
2023-11-05 10:00:00+00:00,10.2,77.55016,0.0,978.5108
2023-11-05 11:00:00+00:00,11.35,72.08879,0.0,979.9158
2023-11-05 12:00:00+00:00,12.05,67.19379,0.0,981.01825
2023-11-05 13:00:00+00:00,12.5,64.34131,0.1,982.6183
2023-11-05 14:00:00+00:00,12.55,62.813457,0.0,983.3172
2023-11-05 15:00:00+00:00,12.1,67.43644,0.0,984.2124
2023-11-05 16:00:00+00:00,11.15,70.57551,0.0,985.0047
2023-11-05 17:00:00+00:00,9.95,75.398834,0.0,985.89496
2023-11-05 18:00:00+00:00,9.25,79.57385,0.0,986.6887
2023-11-05 19:00:00+00:00,8.7,82.58109,0.0,987.3837
2023-11-05 20:00:00+00:00,8.25,85.43088,0.0,988.2789
2023-11-05 21:00:00+00:00,8.15,86.90814,0.0,989.3761
2023-11-05 22:00:00+00:00,7.75,88.99673,0.0,990.072
2023-11-05 23:00:00+00:00,7.8,88.08376,0.0,990.2719
2023-11-06 00:00:00+00:00,7.55,88.36668,0.0,990.5694
2023-11-06 01:00:00+00:00,7.65,85.662926,0.0,990.9696
2023-11-06 02:00:00+00:00,7.65,84.77525,0.0,991.26904
2023-11-06 03:00:00+00:00,8.05,83.36256,0.0,991.3713
2023-11-06 04:00:00+00:00,7.8,86.274574,0.0,991.8688
2023-11-06 05:00:00+00:00,7.6,87.45827,0.0,992.3663
2023-11-06 06:00:00+00:00,6.95,90.800964,0.0,992.76117
2023-11-06 07:00:00+00:00,6.5,92.68123,0.0,993.4567
2023-11-06 08:00:00+00:00,6.85,92.701,0.0,994.1578
2023-11-06 09:00:00+00:00,8.4,87.533035,0.0,995.0666
2023-11-06 10:00:00+00:00,9.9,79.942184,0.0,995.7756
2023-11-06 11:00:00+00:00,11.15,75.34272,0.0,996.4826
2023-11-06 12:00:00+00:00,12.15,71.50077,0.0,996.48926
2023-11-06 13:00:00+00:00,12.65,64.5975,0.0,997.69037
2023-11-06 14:00:00+00:00,12.6,66.39109,0.0,997.88965
2023-11-06 15:00:00+00:00,12.2,68.62788,0.0,998.1866
2023-11-06 16:00:00+00:00,11.0,73.02289,0.0,998.67755
2023-11-06 17:00:00+00:00,9.7,79.63899,0.0,999.3674
2023-11-06 18:00:00+00:00,8.95,83.75937,0.0,1000.0607
2023-11-06 19:00:00+00:00,8.2,87.816475,0.0,1000.55475
2023-11-06 20:00:00+00:00,7.65,90.22567,0.0,1000.9502
2023-11-06 21:00:00+00:00,7.1,92.39538,0.0,1001.84436
2023-11-06 22:00:00+00:00,6.7,93.01417,0.0,1002.2407
2023-11-06 23:00:00+00:00,6.3,93.31605,0.0,1002.43787
2023-11-07 00:00:00+00:00,6.05,93.30306,0.0,1002.93494
2023-11-07 01:00:00+00:00,6.1,91.37619,0.0,1003.5341
2023-11-07 02:00:00+00:00,5.9,92.324615,0.0,1003.9321
2023-11-07 03:00:00+00:00,5.7,92.63574,0.0,1004.0303
2023-11-07 04:00:00+00:00,5.5,92.94883,0.0,1004.12885
2023-11-07 05:00:00+00:00,5.4,93.59588,0.0,1004.52716
2023-11-07 06:00:00+00:00,5.4,93.26912,0.0,1004.6269
2023-11-07 07:00:00+00:00,5.3,93.26386,0.0,1004.9258
2023-11-07 08:00:00+00:00,5.95,91.68569,0.0,1005.32965
2023-11-07 09:00:00+00:00,7.55,87.757,0.0,1005.83966
2023-11-07 10:00:00+00:00,9.3,82.089745,0.0,1005.95184
2023-11-07 11:00:00+00:00,10.5,76.275406,0.0,1006.2595
2023-11-07 12:00:00+00:00,11.3,70.60482,0.1,1006.36456
2023-11-07 13:00:00+00:00,11.8,72.42061,0.0,1006.46783
2023-11-07 14:00:00+00:00,11.75,73.91393,0.0,1006.46765
2023-11-07 15:00:00+00:00,11.45,72.355705,0.0,1006.6649
2023-11-07 16:00:00+00:00,10.2,77.28373,0.0,1007.15546
2023-11-07 17:00:00+00:00,8.8,83.7416,0.0,1007.7449
2023-11-07 18:00:00+00:00,8.45,86.04364,0.0,1008.04175
2023-11-07 19:00:00+00:00,7.9,89.00916,0.0,1008.43713
2023-11-07 20:00:00+00:00,7.3,90.19962,0.0,1008.7325
2023-11-07 21:00:00+00:00,6.85,91.109344,0.0,1008.92896
2023-11-07 22:00:00+00:00,6.4,92.033844,0.0,1009.02563
2023-11-07 23:00:00+00:00,6.05,92.33351,0.0,1009.1228
2023-11-08 00:00:00+00:00,5.85,92.644325,0.0,1009.1212
2023-11-08 01:00:00+00:00,6.05,91.69209,0.0,1009.023
2023-11-08 02:00:00+00:00,6.05,91.37288,0.0,1008.7236
2023-11-08 03:00:00+00:00,6.45,90.45035,0.0,1007.92804
2023-11-08 04:00:00+00:00,7.7,84.486885,0.0,1007.03864
2023-11-08 05:00:00+00:00,8.75,78.951065,0.0,1006.34717
2023-11-08 06:00:00+00:00,9.4,80.70138,0.3,1005.3535
2023-11-08 07:00:00+00:00,10.05,82.18623,0.2,1004.5595
2023-11-08 08:00:00+00:00,10.05,87.98344,0.4,1003.3618
2023-11-08 09:00:00+00:00,10.65,88.93311,0.4,1002.56744
2023-11-08 10:00:00+00:00,11.3,86.917046,0.2,1001.5738
2023-11-08 11:00:00+00:00,11.85,87.261734,0.2,1000.67926
2023-11-08 12:00:00+00:00,12.25,89.36119,0.4,1000.1831
2023-11-08 13:00:00+00:00,12.95,91.51075,0.3,999.5889
2023-11-08 14:00:00+00:00,12.95,93.03315,0.5,999.5889
2023-11-08 15:00:00+00:00,12.25,91.770294,0.3,999.7839
2023-11-08 16:00:00+00:00,11.7,91.4307,0.1,999.97974
2023-11-08 17:00:00+00:00,11.1,91.69865,0.0,1000.17523
2023-11-08 18:00:00+00:00,10.4,88.31302,0.0,1000.3701
2023-11-08 19:00:00+00:00,9.4,87.6256,0.0,1000.3632
2023-11-08 20:00:00+00:00,8.15,90.2627,0.0,1000.5544
2023-11-08 21:00:00+00:00,7.35,91.77471,0.0,1000.94806
2023-11-08 22:00:00+00:00,7.1,94.00362,0.0,1000.8463
2023-11-08 23:00:00+00:00,6.75,95.62455,0.0,1000.64453
2023-11-09 00:00:00+00:00,6.25,91.70489,0.0,1000.3413
2023-11-09 01:00:00+00:00,5.75,87.59007,0.0,1000.03845
2023-11-09 02:00:00+00:00,6.15,84.01232,0.0,999.6421
2023-11-09 03:00:00+00:00,6.45,82.58369,0.0,999.0454
2023-11-09 04:00:00+00:00,6.45,83.16655,0.0,998.14716
2023-11-09 05:00:00+00:00,6.9,82.06331,0.0,997.5514
2023-11-09 06:00:00+00:00,7.5,84.464035,0.0,997.0565
2023-11-09 07:00:00+00:00,7.45,88.97178,0.0,996.5572
2023-11-09 08:00:00+00:00,7.95,89.013306,0.0,996.0616
2023-11-09 09:00:00+00:00,9.1,84.93676,0.0,995.67017
2023-11-09 10:00:00+00:00,9.8,81.31298,0.1,995.0763
2023-11-09 11:00:00+00:00,10.3,76.242516,0.0,994.6805
2023-11-09 12:00:00+00:00,10.2,70.38896,0.0,994.0807
2023-11-09 13:00:00+00:00,10.45,69.224464,0.0,994.1824
2023-11-09 14:00:00+00:00,10.5,67.33152,0.0,993.48413
2023-11-09 15:00:00+00:00,10.0,71.33634,0.0,992.78204
2023-11-09 16:00:00+00:00,9.0,73.93573,0.0,992.47577
2023-11-09 17:00:00+00:00,8.1,75.87652,0.0,991.9705
2023-11-09 18:00:00+00:00,7.75,75.55137,0.0,991.56915
2023-11-09 19:00:00+00:00,7.45,77.112785,0.0,991.4671
2023-11-09 20:00:00+00:00,7.25,79.55958,0.0,991.56573
2023-11-09 21:00:00+00:00,7.15,80.38735,0.0,991.8642
2023-11-09 22:00:00+00:00,6.7,83.48971,0.0,992.0606
2023-11-09 23:00:00+00:00,6.35,84.62832,0.0,992.0585
2023-11-10 00:00:00+00:00,6.0,86.08917,0.0,991.7566
2023-11-10 01:00:00+00:00,6.3,82.85582,0.0,991.5591
2023-11-10 02:00:00+00:00,6.2,81.68284,0.0,990.95935
2023-11-10 03:00:00+00:00,6.0,85.18592,0.0,990.45917
2023-11-10 04:00:00+00:00,6.15,86.40741,0.0,990.16064
2023-11-10 05:00:00+00:00,5.95,89.47006,0.0,990.15936
2023-11-10 06:00:00+00:00,5.9,91.3629,0.0,989.95953
2023-11-10 07:00:00+00:00,5.8,92.31867,0.0,989.5594
2023-11-10 08:00:00+00:00,5.8,93.61582,0.0,989.85876
2023-11-10 09:00:00+00:00,6.95,90.800964,0.7,990.266
2023-11-10 10:00:00+00:00,7.35,90.51571,0.1,990.7679
2023-11-10 11:00:00+00:00,7.35,89.581505,0.6,991.3667
2023-11-10 12:00:00+00:00,8.5,82.84203,0.2,991.8735
2023-11-10 13:00:00+00:00,9.15,82.07036,0.1,993.2754
2023-11-10 14:00:00+00:00,9.3,79.58111,0.0,994.77344
2023-11-10 15:00:00+00:00,9.0,78.442474,0.0,996.4681
2023-11-10 16:00:00+00:00,8.0,78.563675,0.0,997.95825
2023-11-10 17:00:00+00:00,6.65,83.48364,0.0,998.8471
2023-11-10 18:00:00+00:00,6.15,85.80305,0.0,1000.0413
2023-11-10 19:00:00+00:00,5.4,87.24918,0.0,1000.7346
2023-11-10 20:00:00+00:00,4.55,89.35687,0.0,1001.52704
2023-11-10 21:00:00+00:00,4.2,91.2488,0.0,1002.323
2023-11-10 22:00:00+00:00,4.15,92.21966,0.0,1002.622
2023-11-10 23:00:00+00:00,4.1,91.89075,0.0,1002.8214
2023-11-11 00:00:00+00:00,3.95,92.534805,0.0,1003.21967
2023-11-11 01:00:00+00:00,4.05,92.21361,0.0,1003.2203
2023-11-11 02:00:00+00:00,3.8,92.52606,0.0,1003.51776
2023-11-11 03:00:00+00:00,3.65,93.17643,0.0,1003.916
2023-11-11 04:00:00+00:00,3.4,94.16143,0.0,1003.9141
2023-11-11 05:00:00+00:00,2.95,94.81383,0.0,1004.1106
2023-11-11 06:00:00+00:00,2.75,95.48408,0.0,1004.60803
2023-11-11 07:00:00+00:00,2.9,95.48946,0.0,1005.0085
2023-11-11 08:00:00+00:00,3.65,94.50719,0.0,1005.6126
2023-11-11 09:00:00+00:00,5.3,91.643875,0.0,1006.0236
2023-11-11 10:00:00+00:00,6.9,87.697105,0.0,1006.2345
2023-11-11 11:00:00+00:00,8.5,82.84203,0.0,1006.14575
2023-11-11 12:00:00+00:00,9.45,77.43206,0.0,1005.7532
2023-11-11 13:00:00+00:00,10.15,71.86278,0.0,1006.25684
2023-11-11 14:00:00+00:00,10.15,70.87061,0.0,1006.15704
2023-11-11 15:00:00+00:00,9.7,75.35635,0.0,1005.9547
2023-11-11 16:00:00+00:00,6.85,85.57756,0.0,1006.0346
2023-11-11 17:00:00+00:00,7.85,81.61627,0.0,1005.9418
2023-11-11 18:00:00+00:00,5.75,89.14092,0.0,1005.5277
2023-11-11 19:00:00+00:00,2.95,97.54935,0.0,1005.1086
2023-11-11 20:00:00+00:00,3.0,98.24476,0.0,1004.5102
2023-11-11 21:00:00+00:00,2.85,96.51266,0.0,1003.9104
2023-11-11 22:00:00+00:00,2.8,95.485886,0.0,1003.4108
2023-11-11 23:00:00+00:00,3.3,95.50379,0.0,1003.11505
2023-11-12 00:00:00+00:00,3.3,95.50379,0.0,1002.4165
2023-11-12 01:00:00+00:00,3.85,93.18712,0.0,1001.8215
2023-11-12 02:00:00+00:00,4.6,91.92217,0.0,1001.4276
2023-11-12 03:00:00+00:00,5.1,91.95343,0.0,1001.0321
2023-11-12 04:00:00+00:00,5.25,93.91655,0.0,1000.83344
2023-11-12 05:00:00+00:00,5.55,93.27697,0.0,1000.6359
2023-11-12 06:00:00+00:00,5.3,94.24796,0.0,1000.734
2023-11-12 07:00:00+00:00,5.05,94.89912,0.0,1001.0315
2023-11-12 08:00:00+00:00,5.45,94.91512,0.0,1001.6332
2023-11-12 09:00:00+00:00,6.55,92.043045,0.1,1002.33954
2023-11-12 10:00:00+00:00,7.0,92.709435,0.3,1002.54236
2023-11-12 11:00:00+00:00,7.55,94.99796,0.3,1002.34644
2023-11-12 12:00:00+00:00,8.7,90.9228,0.1,1002.4545
2023-11-12 13:00:00+00:00,9.2,88.20802,0.0,1002.25836
2023-11-12 14:00:00+00:00,9.1,87.89812,0.0,1002.6566
2023-11-12 15:00:00+00:00,8.75,88.7747,0.1,1001.7561
2023-11-12 16:00:00+00:00,8.5,89.67175,0.0,1001.6545
2023-11-12 17:00:00+00:00,8.6,89.37278,0.1,1001.8547
2023-11-12 18:00:00+00:00,8.55,91.84991,0.3,1001.55493
2023-11-12 19:00:00+00:00,8.4,92.470955,0.7,1001.554
2023-11-12 20:00:00+00:00,8.1,94.37207,0.0,1002.8493
2023-11-12 21:00:00+00:00,8.4,95.68061,0.0,1002.4523
2023-11-12 22:00:00+00:00,8.35,95.678925,0.0,1002.75146
2023-11-12 23:00:00+00:00,8.45,94.70959,0.0,1002.8518
2023-11-13 00:00:00+00:00,8.55,94.39165,0.0,1002.45325
2023-11-13 01:00:00+00:00,9.35,91.27717,0.0,1001.9599
2023-11-13 02:00:00+00:00,9.55,91.60061,0.9,1000.2644
2023-11-13 03:00:00+00:00,9.7,92.859024,1.5,999.3674
2023-11-13 04:00:00+00:00,10.25,94.464676,2.6,997.8737
2023-11-13 05:00:00+00:00,11.1,93.87155,3.4,995.5841
2023-11-13 06:00:00+00:00,13.5,91.244965,0.9,994.4022
2023-11-13 07:00:00+00:00,13.9,91.570854,0.6,993.10754
2023-11-13 08:00:00+00:00,14.3,91.29703,1.9,992.611
2023-11-13 09:00:00+00:00,14.75,89.848946,0.1,992.71387
2023-11-13 10:00:00+00:00,14.7,82.768074,0.4,993.21265
2023-11-13 11:00:00+00:00,14.55,72.43594,0.1,994.0099
2023-11-13 12:00:00+00:00,14.5,65.67389,0.0,994.5086
2023-11-13 13:00:00+00:00,14.2,62.977585,0.1,994.50684
2023-11-13 14:00:00+00:00,13.8,64.41155,0.0,995.3028
2023-11-13 15:00:00+00:00,13.35,65.42294,0.0,995.79865
2023-11-13 16:00:00+00:00,12.7,65.055565,0.0,996.5927
2023-11-13 17:00:00+00:00,12.25,66.77447,0.0,997.18884
2023-11-13 18:00:00+00:00,11.85,70.71193,0.0,997.9845
2023-11-13 19:00:00+00:00,11.65,71.6513,0.0,998.6818
2023-11-13 20:00:00+00:00,11.4,73.59907,0.0,999.4785
2023-11-13 21:00:00+00:00,11.4,74.10548,0.0,1000.1771
2023-11-13 22:00:00+00:00,11.4,74.61495,0.0,1000.4766
2023-11-13 23:00:00+00:00,11.2,76.38999,0.0,1000.67487
2023-11-14 00:00:00+00:00,11.05,78.48303,0.0,1000.87354
2023-11-14 01:00:00+00:00,10.75,81.43954,0.0,1001.3704
2023-11-14 02:00:00+00:00,10.55,81.412994,0.0,1001.5688
2023-11-14 03:00:00+00:00,10.7,82.269264,0.0,1001.4699
2023-11-14 04:00:00+00:00,10.5,83.372154,0.0,1001.46875
2023-11-14 05:00:00+00:00,10.3,84.4916,0.0,1001.5672
2023-11-14 06:00:00+00:00,10.35,85.36368,0.0,1001.66736
2023-11-14 07:00:00+00:00,10.35,87.120094,0.0,1001.3679
2023-11-14 08:00:00+00:00,10.85,85.9971,0.0,1001.27124
2023-11-14 09:00:00+00:00,11.45,84.05158,0.0,1000.87604
2023-11-14 10:00:00+00:00,12.0,82.43363,0.1,1000.68024
2023-11-14 11:00:00+00:00,12.3,82.471245,0.3,1000.38293
2023-11-14 12:00:00+00:00,12.1,82.72413,0.3,999.8824
2023-11-14 13:00:00+00:00,10.55,87.139114,3.8,999.872
2023-11-14 14:00:00+00:00,10.05,86.20751,1.3,1000.16797
2023-11-14 15:00:00+00:00,10.25,86.22781,0.3,1000.7682
2023-11-14 16:00:00+00:00,10.0,89.787735,0.0,1001.9643
2023-11-14 17:00:00+00:00,9.6,90.0625,0.0,1003.1591
2023-11-14 18:00:00+00:00,9.4,89.741585,0.0,1004.2557
2023-11-14 19:00:00+00:00,9.15,89.722244,0.0,1005.352
2023-11-14 20:00:00+00:00,8.85,90.62319,0.0,1006.14825
2023-11-14 21:00:00+00:00,8.7,90.9228,0.0,1007.1454
2023-11-14 22:00:00+00:00,8.7,90.9228,0.0,1008.04364
2023-11-14 23:00:00+00:00,8.75,90.30686,0.0,1008.84235
2023-11-15 00:00:00+00:00,8.7,90.30319,0.0,1009.441
2023-11-15 01:00:00+00:00,8.6,91.539696,0.0,1010.43805
2023-11-15 02:00:00+00:00,8.45,92.15827,0.0,1010.8363
2023-11-15 03:00:00+00:00,8.4,91.84055,0.0,1011.1354
2023-11-15 04:00:00+00:00,8.4,90.59114,0.0,1011.4348
2023-11-15 05:00:00+00:00,8.25,89.65224,0.0,1011.93286
2023-11-15 06:00:00+00:00,8.05,89.636566,0.0,1012.43036
2023-11-15 07:00:00+00:00,7.85,89.62089,0.0,1012.7285
2023-11-15 08:00:00+00:00,7.9,89.62481,0.0,1013.627
2023-11-15 09:00:00+00:00,8.85,86.08488,0.0,1014.033
2023-11-15 10:00:00+00:00,9.85,81.87943,0.0,1014.1398
2023-11-15 11:00:00+00:00,10.75,73.48239,0.0,1014.54504
2023-11-15 12:00:00+00:00,11.25,68.90799,0.0,1014.7482
2023-11-15 13:00:00+00:00,11.6,67.33085,0.0,1015.0502
2023-11-15 14:00:00+00:00,11.45,65.229385,0.0,1015.2485
2023-11-15 15:00:00+00:00,10.75,67.61964,0.0,1015.44336
2023-11-15 16:00:00+00:00,9.45,71.230286,0.0,1015.9335
2023-11-15 17:00:00+00:00,8.35,76.98784,0.0,1016.2253
2023-11-15 18:00:00+00:00,7.55,81.57631,0.0,1016.51886
2023-11-15 19:00:00+00:00,6.75,85.26822,0.0,1016.41376
2023-11-15 20:00:00+00:00,6.15,88.24317,0.0,1016.50903
2023-11-15 21:00:00+00:00,5.8,89.77194,0.0,1016.50653
2023-11-15 22:00:00+00:00,5.45,91.653564,0.0,1016.50397
2023-11-15 23:00:00+00:00,4.5,94.54386,0.0,1016.09796
2023-11-16 00:00:00+00:00,4.4,95.20737,0.0,1015.6982
2023-11-16 01:00:00+00:00,5.35,92.291855,0.0,1014.8066
2023-11-16 02:00:00+00:00,3.5,97.21592,0.0,1014.29425
2023-11-16 03:00:00+00:00,3.5,98.25181,0.0,1013.7953
2023-11-16 04:00:00+00:00,3.8,97.91047,0.0,1012.5998
2023-11-16 05:00:00+00:00,4.5,96.219894,0.0,1011.4073
2023-11-16 06:00:00+00:00,4.75,95.55513,0.0,1010.0119
2023-11-16 07:00:00+00:00,4.85,94.55885,0.0,1009.9127
2023-11-16 08:00:00+00:00,5.25,93.26124,0.0,1009.3168
2023-11-16 09:00:00+00:00,5.75,92.31569,0.4,1008.8212
2023-11-16 10:00:00+00:00,6.3,93.31605,0.8,1008.6257
2023-11-16 11:00:00+00:00,7.0,92.38951,0.7,1008.6305
2023-11-16 12:00:00+00:00,7.3,94.0129,0.4,1008.53284
2023-11-16 13:00:00+00:00,7.35,94.339226,0.2,1009.2319
2023-11-16 14:00:00+00:00,7.5,94.99601,0.2,1009.7319
2023-11-16 15:00:00+00:00,7.5,92.41875,0.1,1011.0293
2023-11-16 16:00:00+00:00,7.2,93.04111,0.1,1012.02545
2023-11-16 17:00:00+00:00,7.1,93.03573,0.1,1012.8229
2023-11-16 18:00:00+00:00,7.05,92.71225,0.0,1013.12195
2023-11-16 19:00:00+00:00,6.6,93.98026,0.0,1013.4183
2023-11-16 20:00:00+00:00,6.1,95.271065,0.0,1013.7142
2023-11-16 21:00:00+00:00,5.4,96.91972,0.0,1014.6073
2023-11-16 22:00:00+00:00,5.1,96.574585,0.0,1015.10443
2023-11-16 23:00:00+00:00,4.4,97.23588,0.0,1015.3988
2023-11-17 00:00:00+00:00,4.4,96.21689,0.3,1015.6982
2023-11-17 01:00:00+00:00,4.7,92.57832,0.1,1015.6005
2023-11-17 02:00:00+00:00,5.15,88.46526,0.3,1015.2046
2023-11-17 03:00:00+00:00,4.05,92.54064,0.0,1015.0968
2023-11-17 04:00:00+00:00,4.1,93.53045,0.0,1015.29675
2023-11-17 05:00:00+00:00,3.9,94.518005,0.0,1015.5945
2023-11-17 06:00:00+00:00,3.75,94.84657,0.0,1016.1924
2023-11-17 07:00:00+00:00,3.45,95.17122,0.0,1016.58936
2023-11-17 08:00:00+00:00,3.5,95.8498,0.0,1017.2883
2023-11-17 09:00:00+00:00,5.05,92.92411,0.0,1018.0979
2023-11-17 10:00:00+00:00,6.55,90.77279,0.0,1018.40814
2023-11-17 11:00:00+00:00,7.8,86.274574,0.0,1018.5169
2023-11-17 12:00:00+00:00,9.0,82.050934,0.0,1018.62506
2023-11-17 13:00:00+00:00,10.0,76.720924,0.0,1018.9315
2023-11-17 14:00:00+00:00,10.25,74.67221,0.0,1018.9331
2023-11-17 15:00:00+00:00,9.5,77.439964,0.0,1019.12756
2023-11-17 16:00:00+00:00,7.3,87.12699,0.0,1019.21204
2023-11-17 17:00:00+00:00,6.75,89.84574,0.0,1019.5077
2023-11-17 18:00:00+00:00,5.95,92.327576,0.0,1019.7015
2023-11-17 19:00:00+00:00,4.5,95.21114,0.0,1019.59106
2023-11-17 20:00:00+00:00,6.7,90.78336,0.0,1019.60675
2023-11-17 21:00:00+00:00,7.15,89.25574,0.2,1019.51025
2023-11-17 22:00:00+00:00,7.5,88.0569,0.3,1019.3132
2023-11-17 23:00:00+00:00,7.75,87.47233,0.1,1018.61646
2023-11-18 00:00:00+00:00,8.15,86.60872,0.0,1018.3198
2023-11-18 01:00:00+00:00,8.3,88.12836,0.0,1017.22296
2023-11-18 02:00:00+00:00,8.6,90.6054,0.1,1016.3266
2023-11-18 03:00:00+00:00,9.55,90.36529,0.0,1014.7364
2023-11-18 04:00:00+00:00,10.0,90.39792,0.8,1013.3423
2023-11-18 05:00:00+00:00,10.4,89.21352,0.8,1012.1474
2023-11-18 06:00:00+00:00,10.85,89.55072,0.9,1011.0524
2023-11-18 07:00:00+00:00,11.3,92.32654,0.8,1010.05743
2023-11-18 08:00:00+00:00,11.9,93.5975,0.4,1009.1633
2023-11-18 09:00:00+00:00,12.8,93.33272,0.2,1008.2711
2023-11-18 10:00:00+00:00,13.55,93.98466,1.0,1007.67725
2023-11-18 11:00:00+00:00,14.3,92.49796,0.4,1007.5825
2023-11-18 12:00:00+00:00,14.65,93.12173,0.0,1007.3854
2023-11-18 13:00:00+00:00,14.6,94.03218,0.0,1007.1852
2023-11-18 14:00:00+00:00,14.55,93.42014,0.0,1006.7856
2023-11-18 15:00:00+00:00,14.45,93.41519,0.0,1006.4856
2023-11-18 16:00:00+00:00,14.15,94.62699,0.0,1006.28406
2023-11-18 17:00:00+00:00,13.8,91.56456,0.0,1006.28186
2023-11-18 18:00:00+00:00,13.65,92.15836,0.0,1005.98114
2023-11-18 19:00:00+00:00,13.85,89.486496,0.0,1005.9827
2023-11-18 20:00:00+00:00,13.4,90.04368,0.0,1006.0794
2023-11-18 21:00:00+00:00,13.05,89.720505,0.0,1006.0771
2023-11-18 22:00:00+00:00,12.45,90.57277,0.0,1006.1728
2023-11-18 23:00:00+00:00,11.95,89.33744,0.0,1006.36896
2023-11-19 00:00:00+00:00,11.45,87.81224,0.0,1006.3655
2023-11-19 01:00:00+00:00,11.3,87.50396,0.0,1006.0651
2023-11-19 02:00:00+00:00,11.1,86.022736,0.0,1005.9642
2023-11-19 03:00:00+00:00,11.1,84.29593,0.0,1005.6647
2023-11-19 04:00:00+00:00,10.95,84.27883,0.0,1005.4642
2023-11-19 05:00:00+00:00,10.8,84.2617,0.0,1005.5626
2023-11-19 06:00:00+00:00,10.9,83.98795,0.0,1005.36395
2023-11-19 07:00:00+00:00,10.85,82.849556,0.0,1004.9642
2023-11-19 08:00:00+00:00,10.95,79.81841,0.0,1005.1647
2023-11-19 09:00:00+00:00,11.7,75.9519,0.0,1005.4692
2023-11-19 10:00:00+00:00,12.75,72.59573,0.0,1005.3763
2023-11-19 11:00:00+00:00,13.4,72.469086,0.0,1004.88165
2023-11-19 12:00:00+00:00,13.85,72.5516,0.0,1004.1861
2023-11-19 13:00:00+00:00,13.65,73.50037,0.0,1004.5838
2023-11-19 14:00:00+00:00,13.5,75.73597,0.0,1004.0838
2023-11-19 15:00:00+00:00,13.45,75.7277,0.0,1004.08344
2023-11-19 16:00:00+00:00,13.15,76.447174,0.0,1004.5807
2023-11-19 17:00:00+00:00,12.7,77.15244,0.0,1005.3759
2023-11-19 18:00:00+00:00,12.15,78.1173,0.0,1005.97107
2023-11-19 19:00:00+00:00,12.15,76.80447,0.0,1006.17065
2023-11-19 20:00:00+00:00,11.2,80.39908,0.0,1006.7632
2023-11-19 21:00:00+00:00,11.0,80.37128,0.0,1007.0614
2023-11-19 22:00:00+00:00,10.7,80.055695,0.0,1007.4584
2023-11-19 23:00:00+00:00,10.25,81.373085,0.0,1007.7547
2023-11-20 00:00:00+00:00,9.8,83.28767,0.0,1007.85156
2023-11-20 01:00:00+00:00,9.5,84.40085,0.0,1007.9493
2023-11-20 02:00:00+00:00,9.3,85.83667,0.0,1007.84814
2023-11-20 03:00:00+00:00,8.75,89.079285,0.0,1007.64465
2023-11-20 04:00:00+00:00,8.3,89.96447,0.0,1007.3421
2023-11-20 05:00:00+00:00,7.85,89.00503,0.0,1006.7402
2023-11-20 06:00:00+00:00,7.65,88.37542,0.0,1006.0402
2023-11-20 07:00:00+00:00,7.95,86.88862,0.2,1005.44336
2023-11-20 08:00:00+00:00,8.1,89.64049,1.1,1004.6458
2023-11-20 09:00:00+00:00,9.05,89.10387,0.8,1004.2532
2023-11-20 10:00:00+00:00,9.5,88.83762,0.2,1004.6556
2023-11-20 11:00:00+00:00,10.2,85.930145,0.0,1005.1593
2023-11-20 12:00:00+00:00,11.15,77.96424,0.0,1005.46533
2023-11-20 13:00:00+00:00,11.75,73.91393,0.1,1006.16815
2023-11-20 14:00:00+00:00,11.7,74.41216,0.0,1006.36743
2023-11-20 15:00:00+00:00,11.25,76.92211,0.0,1006.86334
2023-11-20 16:00:00+00:00,9.9,83.58512,0.0,1007.453
2023-11-20 17:00:00+00:00,10.7,81.432915,0.0,1008.157
2023-11-20 18:00:00+00:00,10.85,82.849556,0.0,1008.5572
2023-11-20 19:00:00+00:00,11.0,83.71541,0.2,1009.05756
2023-11-20 20:00:00+00:00,10.9,86.87847,0.2,1009.7555
2023-11-20 21:00:00+00:00,10.9,86.87847,0.1,1010.2546
2023-11-20 22:00:00+00:00,10.8,86.86879,0.1,1010.7526
2023-11-20 23:00:00+00:00,9.8,91.306885,0.0,1011.34485
2023-11-21 00:00:00+00:00,10.0,90.39792,0.0,1011.94507
2023-11-21 01:00:00+00:00,10.6,88.3304,0.0,1012.74756
2023-11-21 02:00:00+00:00,10.7,88.63771,0.0,1013.44684
2023-11-21 03:00:00+00:00,10.5,88.92073,0.0,1014.1442
2023-11-21 04:00:00+00:00,10.15,87.99236,0.0,1014.9401
2023-11-21 05:00:00+00:00,10.2,85.34759,0.0,1015.5393
2023-11-21 06:00:00+00:00,9.95,83.87718,0.0,1016.3362
2023-11-21 07:00:00+00:00,9.25,84.66239,0.0,1017.2296
2023-11-21 08:00:00+00:00,9.2,83.21477,0.0,1018.2274
2023-11-21 09:00:00+00:00,9.55,83.25735,0.0,1018.9283
2023-11-21 10:00:00+00:00,10.4,81.67154,0.0,1019.7328
2023-11-21 11:00:00+00:00,10.95,81.18935,0.2,1020.2357
2023-11-21 12:00:00+00:00,10.65,85.10667,0.5,1020.7324
2023-11-21 13:00:00+00:00,11.1,82.88039,0.0,1021.4344
2023-11-21 14:00:00+00:00,10.55,84.80737,0.0,1022.1291
2023-11-21 15:00:00+00:00,10.15,83.61486,0.0,1023.12427
2023-11-21 16:00:00+00:00,9.3,84.668,0.0,1023.71735
2023-11-21 17:00:00+00:00,8.15,87.81191,0.0,1024.9071
2023-11-21 18:00:00+00:00,7.7,88.685715,0.0,1026.3011
2023-11-21 19:00:00+00:00,7.15,90.188446,0.0,1026.6962
2023-11-21 20:00:00+00:00,6.85,91.42573,0.0,1027.1932
2023-11-21 21:00:00+00:00,6.35,92.99519,0.0,1027.6887
2023-11-21 22:00:00+00:00,5.75,93.940254,0.0,1028.3829
2023-11-21 23:00:00+00:00,5.4,94.58228,0.0,1028.4801
2023-11-22 00:00:00+00:00,5.15,94.90313,0.0,1029.1771
2023-11-22 01:00:00+00:00,5.75,94.26819,0.0,1028.4827
2023-11-22 02:00:00+00:00,5.4,94.58228,0.0,1028.7795
2023-11-22 03:00:00+00:00,5.45,94.58442,0.0,1028.5802
2023-11-22 04:00:00+00:00,3.85,96.881516,0.0,1028.7683
2023-11-22 05:00:00+00:00,3.1,98.24617,0.0,1029.3616
2023-11-22 06:00:00+00:00,3.05,98.94399,0.0,1029.3612
2023-11-22 07:00:00+00:00,3.1,99.64703,0.0,1029.4613
2023-11-22 08:00:00+00:00,4.1,98.606026,0.0,1029.868
2023-11-22 09:00:00+00:00,5.2,95.57091,0.0,1029.5765
2023-11-22 10:00:00+00:00,6.75,89.223114,0.0,1029.1887
2023-11-22 11:00:00+00:00,8.15,83.95464,0.0,1029.0989
2023-11-22 12:00:00+00:00,9.25,76.33351,0.0,1028.408
2023-11-22 13:00:00+00:00,9.0,81.48641,0.0,1027.5078
2023-11-22 14:00:00+00:00,9.4,82.66917,0.0,1026.812
2023-11-22 15:00:00+00:00,9.5,85.27221,0.0,1026.5133
2023-11-22 16:00:00+00:00,9.55,86.45139,0.0,1026.4138
2023-11-22 17:00:00+00:00,9.7,87.058,0.0,1026.3153
2023-11-22 18:00:00+00:00,9.8,89.16499,0.0,1026.3159
2023-11-22 19:00:00+00:00,9.35,91.89945,0.0,1026.4126
2023-11-22 20:00:00+00:00,8.45,93.42624,0.0,1026.3063
2023-11-22 21:00:00+00:00,7.9,94.686966,0.0,1026.3024
2023-11-22 22:00:00+00:00,7.75,94.68077,0.0,1026.1018
2023-11-22 23:00:00+00:00,8.05,93.40594,0.0,1025.8043
2023-11-23 00:00:00+00:00,8.45,91.843666,0.0,1025.5078
2023-11-23 01:00:00+00:00,8.65,92.17026,0.0,1025.3098
2023-11-23 02:00:00+00:00,9.4,90.35437,0.0,1025.1152
2023-11-23 03:00:00+00:00,9.35,91.27717,0.0,1025.0153
2023-11-23 04:00:00+00:00,9.45,92.217926,0.0,1024.8163
2023-11-23 05:00:00+00:00,9.55,92.22386,0.0,1024.4176
2023-11-23 06:00:00+00:00,9.35,92.21199,0.0,1024.3167
2023-11-23 07:00:00+00:00,9.25,92.206055,0.0,1024.3159
2023-11-23 08:00:00+00:00,9.4,92.214966,0.0,1024.1172
2023-11-23 09:00:00+00:00,9.8,90.69033,0.0,1024.0204
2023-11-23 10:00:00+00:00,10.85,85.70666,0.0,1024.1272
2023-11-23 11:00:00+00:00,11.5,81.53859,0.0,1024.0319
2023-11-23 12:00:00+00:00,12.05,76.52808,0.0,1023.4369
2023-11-23 13:00:00+00:00,11.85,75.97668,0.0,1022.23785
2023-11-23 14:00:00+00:00,11.8,75.96842,0.0,1021.6387
2023-11-23 15:00:00+00:00,11.4,77.73731,0.0,1021.2367
2023-11-23 16:00:00+00:00,10.45,81.39972,0.0,1020.7312
2023-11-23 17:00:00+00:00,10.4,82.79386,0.0,1020.631
2023-11-23 18:00:00+00:00,11.35,80.14722,0.0,1020.63745
2023-11-23 19:00:00+00:00,11.9,78.87755,0.0,1020.64136
2023-11-23 20:00:00+00:00,12.15,78.64795,0.0,1020.14386
2023-11-23 21:00:00+00:00,12.1,79.981476,0.0,1020.0437
2023-11-23 22:00:00+00:00,12.05,82.1627,0.1,1020.3428
2023-11-23 23:00:00+00:00,11.7,78.31426,0.1,1020.5402
2023-11-24 00:00:00+00:00,9.95,73.848335,0.0,1020.7277
2023-11-24 01:00:00+00:00,9.65,75.087,0.0,1020.32623
2023-11-24 02:00:00+00:00,9.35,73.998184,0.0,1020.1247
2023-11-24 03:00:00+00:00,9.3,71.70115,0.0,1019.5255
2023-11-24 04:00:00+00:00,8.55,74.3745,0.0,1019.1208
2023-11-24 05:00:00+00:00,8.75,74.149994,0.0,1018.823
2023-11-24 06:00:00+00:00,8.65,74.39215,0.0,1018.52295
2023-11-24 07:00:00+00:00,8.7,76.77622,0.1,1018.5233
2023-11-24 08:00:00+00:00,8.0,71.19937,0.0,1018.9175
2023-11-24 09:00:00+00:00,7.65,66.24305,0.0,1019.01495
2023-11-24 10:00:00+00:00,8.3,64.29141,0.0,1018.9197
2023-11-24 11:00:00+00:00,8.6,59.70506,0.0,1018.722
2023-11-24 12:00:00+00:00,8.3,57.10369,0.0,1018.6202
2023-11-24 13:00:00+00:00,6.7,60.538113,0.0,1018.6087
2023-11-24 14:00:00+00:00,6.35,55.563614,0.0,1018.70636
2023-11-24 15:00:00+00:00,5.7,56.424164,0.0,1019.10065
2023-11-24 16:00:00+00:00,4.3,60.16258,0.0,1019.3903
2023-11-24 17:00:00+00:00,3.75,61.608326,0.0,1019.98486
2023-11-24 18:00:00+00:00,3.35,64.31709,0.0,1020.4811
2023-11-24 19:00:00+00:00,2.95,67.14945,0.0,1020.27856
2023-11-24 20:00:00+00:00,2.6,69.091736,0.0,1020.1762
2023-11-24 21:00:00+00:00,2.35,71.11508,0.0,1020.17426
2023-11-24 22:00:00+00:00,2.1,72.66051,0.0,1020.17236
2023-11-24 23:00:00+00:00,1.95,73.171104,0.0,1020.371
2023-11-25 00:00:00+00:00,1.7,74.48971,0.0,1020.36914
2023-11-25 01:00:00+00:00,1.3,79.535866,0.0,1020.2664
2023-11-25 02:00:00+00:00,1.0,81.86895,0.0,1020.1644
2023-11-25 03:00:00+00:00,0.7,83.96518,0.0,1020.1622
2023-11-25 04:00:00+00:00,0.45,84.8673,0.0,1020.1602
2023-11-25 05:00:00+00:00,0.15,85.4608,0.0,1020.2578
2023-11-25 06:00:00+00:00,-0.1,87.02399,0.0,1019.9565
2023-11-25 07:00:00+00:00,-0.3,87.6486,0.0,1019.85535
2023-11-25 08:00:00+00:00,-0.45,88.610214,0.0,1019.65454
2023-11-25 09:00:00+00:00,0.9,83.68152,0.0,1019.66473
2023-11-25 10:00:00+00:00,2.3,77.38733,0.0,1019.67505
2023-11-25 11:00:00+00:00,3.5,73.99869,0.0,1019.2844
2023-11-25 12:00:00+00:00,4.55,71.03157,0.0,1018.793
2023-11-25 13:00:00+00:00,5.1,62.853737,0.0,1019.09656
2023-11-25 14:00:00+00:00,5.25,62.20164,0.0,1018.69836
2023-11-25 15:00:00+00:00,4.7,68.27432,0.0,1018.5946
2023-11-25 16:00:00+00:00,2.55,79.43216,0.0,1018.579
2023-11-25 17:00:00+00:00,1.7,84.70082,0.0,1018.7723
2023-11-25 18:00:00+00:00,0.95,88.41025,0.0,1018.8667
2023-11-25 19:00:00+00:00,0.2,90.63904,0.0,1018.8609
2023-11-25 20:00:00+00:00,-0.15,91.9526,0.0,1018.9581
2023-11-25 21:00:00+00:00,-0.2,92.965775,0.0,1018.8581
2023-11-25 22:00:00+00:00,-0.25,94.33415,0.0,1018.6581
2023-11-25 23:00:00+00:00,-0.05,94.34322,0.0,1018.36005
2023-11-26 00:00:00+00:00,-0.25,94.67974,0.0,1018.2589
2023-11-26 01:00:00+00:00,-0.9,96.40568,0.0,1018.05457
2023-11-26 02:00:00+00:00,-0.25,96.77693,0.0,1018.05927
2023-11-26 03:00:00+00:00,0.0,97.13627,0.0,1017.86163
2023-11-26 04:00:00+00:00,-0.3,97.84002,0.0,1017.36035
2023-11-26 05:00:00+00:00,-0.6,98.55182,0.0,1016.959
2023-11-26 06:00:00+00:00,-0.3,98.555374,0.0,1016.66174
2023-11-26 07:00:00+00:00,-0.15,98.199326,0.0,1016.4631
2023-11-26 08:00:00+00:00,0.25,96.439,0.0,1016.466
2023-11-26 09:00:00+00:00,1.35,90.72295,0.0,1016.07513
2023-11-26 10:00:00+00:00,2.4,86.017914,0.0,1015.48395
2023-11-26 11:00:00+00:00,3.7,81.052376,0.0,1014.9945
2023-11-26 12:00:00+00:00,4.35,80.85194,0.0,1014.30054
2023-11-26 13:00:00+00:00,4.5,84.41563,0.0,1013.7027
2023-11-26 14:00:00+00:00,5.25,86.31539,0.0,1012.8099
2023-11-26 15:00:00+00:00,5.95,89.15744,0.1,1011.8169
2023-11-26 16:00:00+00:00,6.65,90.46492,0.0,1010.9235
2023-11-26 17:00:00+00:00,7.25,88.95509,0.8,1010.12946
2023-11-26 18:00:00+00:00,7.5,89.903465,0.2,1009.0332
2023-11-26 19:00:00+00:00,7.65,92.42748,0.6,1008.0363
2023-11-26 20:00:00+00:00,8.25,92.77927,1.3,1006.94257
2023-11-26 21:00:00+00:00,8.9,93.76728,0.7,1005.7493
2023-11-26 22:00:00+00:00,9.8,93.81026,0.1,1004.558
2023-11-26 23:00:00+00:00,9.65,94.75846,1.1,1003.6585
2023-11-27 00:00:00+00:00,9.55,96.04251,0.3,1002.8593
2023-11-27 01:00:00+00:00,9.45,96.03944,0.2,1002.2599
2023-11-27 02:00:00+00:00,9.5,95.07308,0.0,1001.5616
2023-11-27 03:00:00+00:00,9.4,95.39119,0.1,1000.6626
2023-11-27 04:00:00+00:00,9.45,94.75036,0.3,999.3655
2023-11-27 05:00:00+00:00,9.5,93.79597,1.0,998.8668
2023-11-27 06:00:00+00:00,9.35,93.471565,0.7,998.267
2023-11-27 07:00:00+00:00,8.9,93.76728,0.1,997.8646
2023-11-27 08:00:00+00:00,8.6,94.07285,0.0,997.2637
2023-11-27 09:00:00+00:00,8.75,93.12369,0.0,996.96545
2023-11-27 10:00:00+00:00,9.2,90.33979,0.0,996.26996
2023-11-27 11:00:00+00:00,9.45,86.441376,0.0,995.77246
2023-11-27 12:00:00+00:00,9.6,82.97838,0.2,994.8751
2023-11-27 13:00:00+00:00,8.0,89.32458,1.5,995.06384
2023-11-27 14:00:00+00:00,6.9,88.00287,0.2,995.6551
2023-11-27 15:00:00+00:00,5.6,87.57602,0.0,996.3447
2023-11-27 16:00:00+00:00,5.25,89.728874,0.2,997.1407
2023-11-27 17:00:00+00:00,5.0,88.7649,0.1,997.8374
2023-11-27 18:00:00+00:00,4.95,89.3894,0.1,998.43604
2023-11-27 19:00:00+00:00,5.25,89.41368,0.1,998.83734
2023-11-27 20:00:00+00:00,5.55,89.437904,0.0,999.2387
2023-11-27 21:00:00+00:00,5.65,89.760216,0.0,999.9381
2023-11-27 22:00:00+00:00,5.4,90.37325,0.0,1000.63477
2023-11-27 23:00:00+00:00,5.8,89.145065,0.0,1001.5359
2023-11-28 00:00:00+00:00,5.25,91.31954,0.0,1002.5301
2023-11-28 01:00:00+00:00,4.75,91.60825,0.0,1003.52466
2023-11-28 02:00:00+00:00,4.35,91.58221,0.0,1004.42004
2023-11-28 03:00:00+00:00,4.1,91.89075,0.0,1005.1168
2023-11-28 04:00:00+00:00,3.75,92.85195,0.0,1005.6132
2023-11-28 05:00:00+00:00,3.45,93.165726,0.0,1006.3097
2023-11-28 06:00:00+00:00,3.2,93.48455,0.0,1006.8072
2023-11-28 07:00:00+00:00,2.75,94.131386,0.0,1007.5023
2023-11-28 08:00:00+00:00,2.45,94.79321,0.0,1008.0988
2023-11-28 09:00:00+00:00,3.45,93.165726,0.0,1008.60516
2023-11-28 10:00:00+00:00,4.55,90.31017,0.0,1008.8127
2023-11-28 11:00:00+00:00,5.45,87.87083,0.0,1009.0187
2023-11-28 12:00:00+00:00,6.2,80.822,0.0,1008.72455
2023-11-28 13:00:00+00:00,6.55,74.54657,0.0,1008.4277
2023-11-28 14:00:00+00:00,6.45,72.174736,0.0,1008.2275
2023-11-28 15:00:00+00:00,5.9,75.23342,0.0,1008.42334
2023-11-28 16:00:00+00:00,3.9,85.5618,0.0,1008.5085
2023-11-28 17:00:00+00:00,2.95,90.18977,0.0,1008.5019
2023-11-28 18:00:00+00:00,1.85,93.079124,0.0,1008.1946
2023-11-28 19:00:00+00:00,1.35,94.06588,0.0,1007.9913
2023-11-28 20:00:00+00:00,1.0,94.73272,0.0,1007.68933
2023-11-28 21:00:00+00:00,0.75,95.41132,0.0,1007.2882
2023-11-28 22:00:00+00:00,0.75,95.41132,0.0,1006.88904
2023-11-28 23:00:00+00:00,0.55,95.403946,0.0,1006.588
2023-11-29 00:00:00+00:00,0.6,94.71586,0.0,1006.18945
2023-11-29 01:00:00+00:00,1.0,93.70929,0.0,1005.5935
2023-11-29 02:00:00+00:00,0.95,94.73063,0.0,1005.39355
2023-11-29 03:00:00+00:00,1.15,95.08197,0.0,1004.99554
2023-11-29 04:00:00+00:00,1.55,95.097664,0.0,1004.49976
2023-11-29 05:00:00+00:00,1.2,95.77284,0.0,1004.1979
2023-11-29 06:00:00+00:00,-1.1,97.46761,0.0,1004.1808
2023-11-29 07:00:00+00:00,-0.2,97.131615,0.0,1004.08765
2023-11-29 08:00:00+00:00,-0.35,98.55478,0.0,1003.9866
2023-11-29 09:00:00+00:00,0.55,97.149,0.0,1003.9932
2023-11-29 10:00:00+00:00,1.95,91.75351,0.0,1003.90375
2023-11-29 11:00:00+00:00,3.1,80.96881,0.0,1003.6125
2023-11-29 12:00:00+00:00,3.8,76.51339,0.0,1002.91895
2023-11-29 13:00:00+00:00,4.3,70.72394,0.0,1002.3239
2023-11-29 14:00:00+00:00,4.25,69.94464,0.0,1001.924
2023-11-29 15:00:00+00:00,3.75,72.973236,0.0,1001.72095
2023-11-29 16:00:00+00:00,2.05,85.669334,0.0,1001.60895
2023-11-29 17:00:00+00:00,1.65,88.4727,0.0,1001.8057
2023-11-29 18:00:00+00:00,1.0,91.69177,0.0,1001.8011
2023-11-29 19:00:00+00:00,0.15,94.35227,0.0,1001.8946
2023-11-29 20:00:00+00:00,-0.35,95.37055,0.0,1001.89075
2023-11-29 21:00:00+00:00,-0.05,94.68828,0.0,1001.59357
2023-11-29 22:00:00+00:00,-0.45,94.32506,0.0,1001.2913
2023-11-29 23:00:00+00:00,-1.2,94.63894,0.0,1001.48535
2023-11-30 00:00:00+00:00,-1.55,94.97405,0.0,1001.38293
2023-11-30 01:00:00+00:00,-1.85,94.610756,0.0,1000.5824
2023-11-30 02:00:00+00:00,-2.5,94.23062,0.0,1000.57776
2023-11-30 03:00:00+00:00,-2.55,94.58015,0.0,1000.37744
2023-11-30 04:00:00+00:00,-2.45,94.58455,0.0,1000.079
2023-11-30 05:00:00+00:00,-2.55,94.93319,0.0,1000.078
2023-11-30 06:00:00+00:00,-2.8,95.99115,0.0,1000.17633
2023-11-30 07:00:00+00:00,-1.9,95.66574,0.0,1000.083
2023-11-30 08:00:00+00:00,-1.2,95.338684,0.0,1000.3876
2023-11-30 09:00:00+00:00,0.25,92.65217,0.0,1000.6976
2023-11-30 10:00:00+00:00,2.6,80.89876,0.0,1000.615
2023-11-30 11:00:00+00:00,4.0,72.490616,0.0,1000.72485
2023-11-30 12:00:00+00:00,4.45,72.57618,0.0,1000.62823
2023-11-30 13:00:00+00:00,4.35,77.71781,0.0,1000.3281
2023-11-30 14:00:00+00:00,4.3,75.771324,0.0,1000.4277
2023-11-30 15:00:00+00:00,3.6,74.28706,0.0,1000.7221
2023-11-30 16:00:00+00:00,2.0,81.40679,0.0,1001.3092
2023-11-30 17:00:00+00:00,0.85,88.07901,0.0,1001.8996
2023-11-30 18:00:00+00:00,0.1,89.64044,0.0,1002.0938
2023-11-30 19:00:00+00:00,-0.35,89.60394,0.0,1002.5893
2023-11-30 20:00:00+00:00,-0.75,89.24101,0.0,1002.7862
2023-11-30 21:00:00+00:00,-1.3,89.526276,0.0,1003.0814
2023-11-30 22:00:00+00:00,-1.6,89.50157,0.0,1003.47845
2023-11-30 23:00:00+00:00,-1.75,90.15807,0.0,1003.67676
2023-12-01 00:00:00+00:00,-1.8,90.15419,0.0,1003.7763
2023-12-01 01:00:00+00:00,-1.4,90.185196,0.0,1003.979
2023-12-01 02:00:00+00:00,-1.3,89.85905,0.0,1004.0794
2023-12-01 03:00:00+00:00,-1.3,89.85905,0.0,1004.17926
2023-12-01 04:00:00+00:00,-1.4,90.185196,0.0,1004.2784
2023-12-01 05:00:00+00:00,-1.4,90.185196,0.0,1004.37823
2023-12-01 06:00:00+00:00,-1.5,90.51294,0.0,1004.57684
2023-12-01 07:00:00+00:00,-1.6,90.50544,0.0,1004.7759
2023-12-01 08:00:00+00:00,-1.55,90.173584,0.0,1004.9757
2023-12-01 09:00:00+00:00,-0.35,87.96784,0.0,1005.28394
2023-12-01 10:00:00+00:00,1.2,84.95313,0.0,1005.6949
2023-12-01 11:00:00+00:00,2.5,81.77211,0.0,1005.80414
2023-12-01 12:00:00+00:00,3.35,78.4066,0.0,1005.5107
2023-12-01 13:00:00+00:00,3.95,77.37368,0.0,1006.21375
2023-12-01 14:00:00+00:00,4.05,75.72843,0.0,1006.1145
2023-12-01 15:00:00+00:00,3.4,80.1369,0.0,1006.60876
2023-12-01 16:00:00+00:00,1.25,88.11574,0.0,1007.19214
2023-12-01 17:00:00+00:00,0.4,91.652435,0.0,1007.78467
2023-12-01 18:00:00+00:00,-0.2,93.30677,0.0,1008.17944
2023-12-01 19:00:00+00:00,-0.9,93.613235,0.0,1008.67346
2023-12-01 20:00:00+00:00,-1.35,93.936455,0.0,1009.26874
2023-12-01 21:00:00+00:00,-1.7,93.91937,0.0,1009.6654
2023-12-01 22:00:00+00:00,-2.2,94.24458,0.0,1010.0607
2023-12-01 23:00:00+00:00,-2.65,94.223625,0.0,1010.3567
2023-12-02 00:00:00+00:00,-3.2,94.90636,0.0,1010.5521
2023-12-02 01:00:00+00:00,-2.9,94.21192,0.0,1010.6542
2023-12-02 02:00:00+00:00,-3.1,94.55593,0.0,1010.95197
2023-12-02 03:00:00+00:00,-3.4,95.25466,0.0,1011.4488
2023-12-02 04:00:00+00:00,-3.7,95.961525,0.0,1011.6461
2023-12-02 05:00:00+00:00,-3.1,97.062836,0.0,1012.14954
2023-12-02 06:00:00+00:00,-3.15,98.521095,0.0,1012.54834
2023-12-02 07:00:00+00:00,-2.6,98.89403,0.0,1012.9518
2023-12-02 08:00:00+00:00,-2.55,98.5284,0.0,1013.451
2023-12-02 09:00:00+00:00,-2.35,97.80345,0.0,1014.251
2023-12-02 10:00:00+00:00,-1.95,97.81066,0.0,1014.4538
2023-12-02 11:00:00+00:00,-1.45,97.81962,0.0,1014.5573
2023-12-02 12:00:00+00:00,-0.9,96.75988,0.0,1014.362
2023-12-02 13:00:00+00:00,-0.6,91.58625,0.0,1014.86316
2023-12-02 14:00:00+00:00,-0.45,91.26009,0.0,1014.86414
2023-12-02 15:00:00+00:00,-0.6,92.94333,0.0,1015.1626
2023-12-02 16:00:00+00:00,-2.35,96.36299,0.0,1015.44855
2023-12-02 17:00:00+00:00,-3.0,97.065254,0.0,1015.54364
2023-12-02 18:00:00+00:00,-3.05,95.98295,0.0,1015.5433
2023-12-02 19:00:00+00:00,-3.9,95.23525,0.0,1015.6364
2023-12-02 20:00:00+00:00,-3.5,93.47823,0.0,1015.3402
2023-12-02 21:00:00+00:00,-2.65,89.41443,0.0,1014.8476
2023-12-02 22:00:00+00:00,-1.85,87.82674,0.0,1014.5542
2023-12-02 23:00:00+00:00,-0.4,87.63904,0.0,1014.36554
2023-12-03 00:00:00+00:00,0.95,89.38264,0.0,1014.2758
2023-12-03 01:00:00+00:00,0.55,89.349556,0.0,1013.27466
2023-12-03 02:00:00+00:00,1.55,82.54508,0.0,1012.78326
2023-12-03 03:00:00+00:00,2.75,71.72112,0.1,1012.2928
2023-12-03 04:00:00+00:00,2.8,76.06676,0.49999994,1011.59454
2023-12-03 05:00:00+00:00,2.3,86.631996,0.5,1011.3915
2023-12-03 06:00:00+00:00,2.6,91.13936,0.3,1010.7948
2023-12-03 07:00:00+00:00,2.95,91.16347,0.0,1009.6995
2023-12-03 08:00:00+00:00,3.05,92.4821,0.0,1009.3009
2023-12-03 09:00:00+00:00,3.0,93.8081,0.0,1009.30066
2023-12-03 10:00:00+00:00,3.5,94.83638,0.0,1009.30414
2023-12-03 11:00:00+00:00,4.0,94.856735,0.1,1009.4077
2023-12-03 12:00:00+00:00,3.8,95.85968,0.3,1008.5079
2023-12-03 13:00:00+00:00,6.9,91.74626,0.7,1008.03094
2023-12-03 14:00:00+00:00,7.4,92.0949,0.1,1007.5354
2023-12-03 15:00:00+00:00,7.6,91.160194,0.2,1007.43695
2023-12-03 16:00:00+00:00,6.95,90.800964,0.0,1007.13306
2023-12-03 17:00:00+00:00,6.9,91.74626,0.3,1006.7335
2023-12-03 18:00:00+00:00,6.6,90.776306,0.0,1006.3321
2023-12-03 19:00:00+00:00,6.35,90.443054,0.0,1005.83154
2023-12-03 20:00:00+00:00,6.2,92.02155,0.0,1004.932
2023-12-03 21:00:00+00:00,6.6,88.90064,1.7,1004.0366
2023-12-03 22:00:00+00:00,7.5,90.52654,0.3,1003.3443
2023-12-03 23:00:00+00:00,7.65,90.22567,1.1,1002.64685
2023-12-04 00:00:00+00:00,7.15,88.02541,0.6,1001.6451
2023-12-04 01:00:00+00:00,6.5,88.582756,1.0,1000.74243
2023-12-04 02:00:00+00:00,6.1,87.31625,1.2,999.8413
2023-12-04 03:00:00+00:00,5.9,87.29714,1.9,998.7423
2023-12-04 04:00:00+00:00,5.8,87.90289,1.5,997.5437
2023-12-04 05:00:00+00:00,5.9,86.381935,0.9,996.64636
2023-12-04 06:00:00+00:00,5.6,86.96174,0.0,996.14514
2023-12-04 07:00:00+00:00,5.65,89.13266,0.0,995.5467
2023-12-04 08:00:00+00:00,5.85,89.462036,0.0,995.0488
2023-12-04 09:00:00+00:00,6.25,89.18214,0.0,994.85205
2023-12-04 10:00:00+00:00,7.15,87.720184,0.0,994.75854
2023-12-04 11:00:00+00:00,7.25,88.64726,0.1,994.3602
2023-12-04 12:00:00+00:00,7.6,88.065865,0.0,993.3643
2023-12-04 13:00:00+00:00,7.85,88.39291,0.0,993.46606
2023-12-04 14:00:00+00:00,7.45,91.150055,0.0,992.7646
2023-12-04 15:00:00+00:00,6.75,93.33934,0.0,992.75995
2023-12-04 16:00:00+00:00,6.2,94.2883,0.0,993.05524
2023-12-04 17:00:00+00:00,6.0,93.95206,0.1,993.5531
2023-12-04 18:00:00+00:00,5.9,94.2749,0.3,994.0515
2023-12-04 19:00:00+00:00,5.8,95.25991,0.2,994.44977
2023-12-04 20:00:00+00:00,5.85,94.601364,0.0,994.84924
2023-12-04 21:00:00+00:00,5.85,94.93106,0.0,995.2485
2023-12-04 22:00:00+00:00,5.9,94.2749,0.0,996.0476
2023-12-04 23:00:00+00:00,6.0,92.97615,0.0,996.8466
2023-12-05 00:00:00+00:00,5.95,92.327576,0.0,997.7445
2023-12-05 01:00:00+00:00,5.35,92.9406,0.1,998.4388
2023-12-05 02:00:00+00:00,5.3,93.26386,0.1,999.1371
2023-12-05 03:00:00+00:00,5.3,93.26386,0.1,999.83575
2023-12-05 04:00:00+00:00,5.35,93.266495,0.1,1000.335
2023-12-05 05:00:00+00:00,5.35,94.58017,0.2,1001.1334
2023-12-05 06:00:00+00:00,5.4,94.58228,0.2,1001.8324
2023-12-05 07:00:00+00:00,5.4,93.92367,0.3,1002.63086
2023-12-05 08:00:00+00:00,5.4,92.29483,0.3,1003.92834
2023-12-05 09:00:00+00:00,5.35,91.6471,0.2,1004.6266
2023-12-05 10:00:00+00:00,5.55,90.384315,0.1,1005.62616
2023-12-05 11:00:00+00:00,6.0,89.78755,0.1,1006.1284
2023-12-05 12:00:00+00:00,6.2,88.556786,0.1,1006.6286
2023-12-05 13:00:00+00:00,6.2,89.49008,0.3,1007.4271
2023-12-05 14:00:00+00:00,6.25,89.18214,0.1,1007.9265
2023-12-05 15:00:00+00:00,6.1,89.79534,0.1,1008.8237
2023-12-05 16:00:00+00:00,5.65,91.027084,0.1,1009.81866
2023-12-05 17:00:00+00:00,4.95,92.2679,0.0,1010.612
2023-12-05 18:00:00+00:00,4.45,93.548164,0.0,1011.2074
2023-12-05 19:00:00+00:00,4.55,93.55321,0.0,1011.8068
2023-12-05 20:00:00+00:00,4.25,93.8687,0.0,1012.4034
2023-12-05 21:00:00+00:00,3.9,94.18439,0.0,1012.99963
2023-12-05 22:00:00+00:00,3.3,95.16547,0.0,1013.3948
2023-12-05 23:00:00+00:00,2.75,96.16686,0.0,1013.78986
2023-12-06 00:00:00+00:00,2.35,96.49869,0.0,1014.4856
2023-12-06 01:00:00+00:00,3.4,96.18668,0.0,1014.59296
2023-12-06 02:00:00+00:00,3.35,96.185165,0.0,1014.7923
2023-12-06 03:00:00+00:00,3.05,96.518234,0.0,1014.9896
2023-12-06 04:00:00+00:00,2.85,96.16992,0.0,1014.8887
2023-12-06 05:00:00+00:00,2.2,97.534515,0.0,1015.0834
2023-12-06 06:00:00+00:00,1.05,98.571205,0.0,1015.47406
2023-12-06 07:00:00+00:00,0.9,98.21465,0.0,1015.67267
2023-12-06 08:00:00+00:00,1.4,97.86965,0.0,1015.77594
2023-12-06 09:00:00+00:00,0.75,100.0,0.0,1016.27026
2023-12-06 10:00:00+00:00,1.55,98.93105,0.0,1016.1765
2023-12-06 11:00:00+00:00,2.65,96.50709,0.0,1016.3841
2023-12-06 12:00:00+00:00,3.75,89.92962,0.0,1016.1924
2023-12-06 13:00:00+00:00,4.1,90.27653,0.0,1015.9954
2023-12-06 14:00:00+00:00,4.35,88.70906,0.0,1015.7976
2023-12-06 15:00:00+00:00,4.1,90.59736,0.0,1015.696
2023-12-06 16:00:00+00:00,1.0,96.11272,0.0,1015.57355
2023-12-06 17:00:00+00:00,1.55,96.82348,0.0,1015.3781
2023-12-06 18:00:00+00:00,1.1,96.115845,0.0,1015.674
2023-12-06 19:00:00+00:00,1.45,95.09374,0.0,1015.5767
2023-12-06 20:00:00+00:00,2.1,93.42781,0.0,1015.5814
2023-12-06 21:00:00+00:00,2.9,91.16002,0.0,1015.1883
2023-12-06 22:00:00+00:00,3.8,88.346,0.0,1014.99506
2023-12-06 23:00:00+00:00,4.05,88.36822,0.0,1014.498
2023-12-07 00:00:00+00:00,4.55,85.937164,0.0,1014.2021
2023-12-07 01:00:00+00:00,5.4,87.24918,0.0,1013.5095
2023-12-07 02:00:00+00:00,5.4,89.11194,0.0,1012.81085
2023-12-07 03:00:00+00:00,5.45,88.49153,0.0,1012.2124
2023-12-07 04:00:00+00:00,5.6,87.88458,0.0,1011.7146
2023-12-07 05:00:00+00:00,5.65,89.445946,0.5,1011.21594
2023-12-07 06:00:00+00:00,5.65,91.027084,0.7,1010.5173
2023-12-07 07:00:00+00:00,5.75,91.03399,0.4,1009.9191
2023-12-07 08:00:00+00:00,6.1,86.70602,0.2,1008.9236
2023-12-07 09:00:00+00:00,6.35,87.340096,0.0,1008.42645
2023-12-07 10:00:00+00:00,6.75,84.970535,0.0,1007.53107
2023-12-07 11:00:00+00:00,6.8,83.20971,0.0,1006.8327
2023-12-07 12:00:00+00:00,7.0,80.08421,0.0,1005.3369
2023-12-07 13:00:00+00:00,7.0,80.93269,0.1,1004.8379
2023-12-07 14:00:00+00:00,6.8,81.762634,0.3,1003.0401
2023-12-07 15:00:00+00:00,6.5,86.14104,0.3,1002.0399
2023-12-07 16:00:00+00:00,6.3,88.56545,0.7,1001.2402
2023-12-07 17:00:00+00:00,6.45,88.57843,0.6,1000.5425
2023-12-07 18:00:00+00:00,6.75,89.84574,0.2,999.34705
2023-12-07 19:00:00+00:00,7.05,90.18096,0.9,998.94965
2023-12-07 20:00:00+00:00,7.3,89.26794,0.8,998.4525
2023-12-07 21:00:00+00:00,7.6,90.22196,0.0,997.65594
2023-12-07 22:00:00+00:00,8.2,92.7765,0.0,997.9598
2023-12-07 23:00:00+00:00,8.75,94.079704,0.0,998.3627
2023-12-08 00:00:00+00:00,8.0,95.3408,0.0,998.8565
2023-12-08 01:00:00+00:00,7.45,95.64847,0.0,999.3517
2023-12-08 02:00:00+00:00,7.1,95.30796,0.0,1000.04785
2023-12-08 03:00:00+00:00,6.85,94.97057,0.0,1000.44556
2023-12-08 04:00:00+00:00,5.95,95.2655,0.0,1000.6388
2023-12-08 05:00:00+00:00,5.55,94.58866,0.0,1000.9354
2023-12-08 06:00:00+00:00,5.55,93.27697,0.0,1001.3346
2023-12-08 07:00:00+00:00,5.7,92.63574,0.0,1001.83453
2023-12-08 08:00:00+00:00,5.8,91.996864,0.0,1002.43414
2023-12-08 09:00:00+00:00,6.7,90.468575,0.0,1002.5401
2023-12-08 10:00:00+00:00,8.4,87.533035,0.0,1002.75165
2023-12-08 11:00:00+00:00,9.75,85.008354,0.0,1002.8609
2023-12-08 12:00:00+00:00,10.75,80.88632,0.0,1002.76776
2023-12-08 13:00:00+00:00,10.8,80.89313,0.0,1003.267
2023-12-08 14:00:00+00:00,10.55,80.8591,0.0,1003.56494
2023-12-08 15:00:00+00:00,9.95,81.33305,0.0,1003.56085
2023-12-08 16:00:00+00:00,8.8,84.03076,0.0,1003.6528
2023-12-08 17:00:00+00:00,8.6,83.71784,0.0,1003.9507
2023-12-08 18:00:00+00:00,8.35,83.39895,0.0,1003.9491
2023-12-08 19:00:00+00:00,7.9,85.09776,0.0,1004.14545
2023-12-08 20:00:00+00:00,7.5,88.97594,0.0,1004.34235
2023-12-08 21:00:00+00:00,7.45,89.89963,0.0,1004.342
2023-12-08 22:00:00+00:00,7.4,89.58544,0.0,1004.74084
2023-12-08 23:00:00+00:00,7.6,88.98426,0.0,1004.34296
2023-12-09 00:00:00+00:00,7.3,90.825516,0.0,1004.0416
2023-12-09 01:00:00+00:00,7.6,89.60122,0.0,1003.14526
2023-12-09 02:00:00+00:00,7.5,91.784164,0.0,1002.54584
2023-12-09 03:00:00+00:00,8.3,91.20725,0.0,1001.4536
2023-12-09 04:00:00+00:00,9.1,89.10796,0.1,1000.3611
2023-12-09 05:00:00+00:00,9.3,89.42862,0.5,998.76575
2023-12-09 06:00:00+00:00,9.25,90.65155,1.2,997.36804
2023-12-09 07:00:00+00:00,9.35,90.350716,2.5,995.17303
2023-12-09 08:00:00+00:00,9.35,90.65861,2.9,993.3765
2023-12-09 09:00:00+00:00,9.45,91.28379,0.5,990.98175
2023-12-09 10:00:00+00:00,10.1,91.6356,0.2,989.0898
2023-12-09 11:00:00+00:00,12.0,92.9829,0.0,988.20416
2023-12-09 12:00:00+00:00,13.5,89.754745,0.0,987.51544
2023-12-09 13:00:00+00:00,13.85,88.899574,0.0,987.5179
2023-12-09 14:00:00+00:00,12.3,80.551,0.0,988.50574
2023-12-09 15:00:00+00:00,10.8,79.797,0.0,989.5934
2023-12-09 16:00:00+00:00,9.95,78.31629,0.0,990.7856
2023-12-09 17:00:00+00:00,9.55,73.776764,0.0,992.37964
2023-12-09 18:00:00+00:00,8.95,76.01886,0.0,993.5733
2023-12-09 19:00:00+00:00,8.95,73.15551,0.0,994.1721
2023-12-09 20:00:00+00:00,8.8,72.87229,0.0,995.26904
2023-12-09 21:00:00+00:00,8.6,69.333496,0.0,996.7646
2023-12-09 22:00:00+00:00,8.8,66.49509,0.0,998.0636
2023-12-09 23:00:00+00:00,8.65,64.83097,0.0,999.0607
2023-12-10 00:00:00+00:00,8.6,62.10475,0.0,1000.45746
2023-12-10 01:00:00+00:00,8.55,62.538292,0.0,1001.45514
2023-12-10 02:00:00+00:00,8.55,67.62852,0.0,1002.45325
2023-12-10 03:00:00+00:00,8.15,71.73312,0.0,1003.5486
2023-12-10 04:00:00+00:00,7.7,75.01276,0.0,1004.4437
2023-12-10 05:00:00+00:00,7.45,77.65704,0.0,1004.841
2023-12-10 06:00:00+00:00,7.45,81.56297,0.0,1004.841
2023-12-10 07:00:00+00:00,6.95,89.54984,0.0,1004.9374
2023-12-10 08:00:00+00:00,7.6,88.065865,0.0,1004.34296
2023-12-10 09:00:00+00:00,8.25,86.91789,0.0,1003.7488
2023-12-10 10:00:00+00:00,9.7,85.2938,0.0,1002.5612
2023-12-10 11:00:00+00:00,10.6,84.525444,0.0,1001.3695
2023-12-10 12:00:00+00:00,9.95,82.45524,1.8,999.26917
2023-12-10 13:00:00+00:00,10.1,86.80082,0.3,996.8747
2023-12-10 14:00:00+00:00,10.5,87.72626,0.0,995.08105
2023-12-10 15:00:00+00:00,11.7,89.019264,0.0,994.7897
2023-12-10 16:00:00+00:00,11.0,84.284546,0.0,995.2841
2023-12-10 17:00:00+00:00,10.3,83.91811,0.0,996.1776
2023-12-10 18:00:00+00:00,9.95,85.03028,0.0,996.37476
2023-12-10 19:00:00+00:00,9.75,82.14773,0.0,996.47327
2023-12-10 20:00:00+00:00,9.75,79.64622,0.0,996.3734
2023-12-10 21:00:00+00:00,9.85,76.43205,0.0,995.7753
2023-12-10 22:00:00+00:00,9.95,74.10478,0.0,995.27686
2023-12-10 23:00:00+00:00,9.95,73.848335,0.0,994.9775
2023-12-11 00:00:00+00:00,10.35,72.65197,0.0,994.8805
2023-12-11 01:00:00+00:00,10.6,71.94783,0.0,994.7822
2023-12-11 02:00:00+00:00,10.25,74.15783,0.0,995.27875
2023-12-11 03:00:00+00:00,10.0,75.93036,0.0,996.0757
2023-12-11 04:00:00+00:00,9.65,78.000725,0.0,996.87164
2023-12-11 05:00:00+00:00,9.15,83.49542,0.0,998.0661
2023-12-11 06:00:00+00:00,8.85,86.08488,0.0,998.9623
2023-12-11 07:00:00+00:00,8.3,88.73669,0.0,999.8567
2023-12-11 08:00:00+00:00,7.85,90.863914,0.0,1000.8516
2023-12-11 09:00:00+00:00,8.3,89.04224,0.0,1001.753
2023-12-11 10:00:00+00:00,9.25,83.22086,0.0,1002.6578
2023-12-11 11:00:00+00:00,10.1,77.53446,0.0,1003.0628
2023-12-11 12:00:00+00:00,10.6,74.47583,0.0,1003.26587
2023-12-11 13:00:00+00:00,10.75,70.98712,0.0,1003.666
2023-12-11 14:00:00+00:00,10.5,72.17844,0.0,1003.8641
2023-12-11 15:00:00+00:00,9.5,76.63975,0.0,1004.3562
2023-12-11 16:00:00+00:00,7.3,87.12699,0.0,1004.64044
2023-12-11 17:00:00+00:00,5.3,92.93786,0.0,1004.9258
2023-12-11 18:00:00+00:00,5.35,94.25022,0.0,1005.12555
2023-12-11 19:00:00+00:00,5.15,95.23561,0.0,1005.0246
2023-12-11 20:00:00+00:00,4.75,95.89074,0.0,1005.0217
2023-12-11 21:00:00+00:00,4.6,95.885864,0.0,1004.52155
2023-12-11 22:00:00+00:00,5.6,94.92111,0.0,1004.02966
2023-12-11 23:00:00+00:00,7.05,94.65171,0.0,1003.8401
2023-12-12 00:00:00+00:00,7.75,95.65865,0.0,1003.04675
2023-12-12 01:00:00+00:00,8.35,95.35346,0.0,1002.3522
2023-12-12 02:00:00+00:00,8.95,91.25063,1.3,1001.2584
2023-12-12 03:00:00+00:00,9.5,93.16312,3.9,1000.7632
2023-12-12 04:00:00+00:00,10.55,92.90519,0.0,999.6724
2023-12-12 05:00:00+00:00,10.5,93.52882,0.1,998.8737
2023-12-12 06:00:00+00:00,10.15,94.46042,0.0,998.5717
2023-12-12 07:00:00+00:00,9.95,94.4519,0.0,997.9717
2023-12-12 08:00:00+00:00,10.1,94.14091,0.0,997.4736
2023-12-12 09:00:00+00:00,10.2,94.46255,0.0,997.3743
2023-12-12 10:00:00+00:00,10.65,91.979034,0.0,996.8784
2023-12-12 11:00:00+00:00,11.05,89.26574,0.0,996.18256
2023-12-12 12:00:00+00:00,11.35,82.631004,0.1,995.1864
2023-12-12 13:00:00+00:00,10.15,90.40876,1.3,994.27997
2023-12-12 14:00:00+00:00,10.1,85.9198,0.5,993.5811
2023-12-12 15:00:00+00:00,9.7,87.95212,0.1,992.5805
2023-12-12 16:00:00+00:00,8.9,90.009895,0.0,992.27545
2023-12-12 17:00:00+00:00,8.5,90.598274,0.0,992.0731
2023-12-12 18:00:00+00:00,7.95,91.49763,0.0,992.06934
2023-12-12 19:00:00+00:00,7.5,92.41875,0.0,992.26587
2023-12-12 20:00:00+00:00,7.25,92.404144,0.0,992.1645
2023-12-12 21:00:00+00:00,7.1,92.39538,0.0,992.1632
2023-12-12 22:00:00+00:00,7.3,92.08882,0.0,992.16473
2023-12-12 23:00:00+00:00,7.65,91.793594,0.0,992.3669
2023-12-13 00:00:00+00:00,7.65,92.74587,0.0,992.2671
2023-12-13 01:00:00+00:00,7.75,93.07057,0.0,992.26776
2023-12-13 02:00:00+00:00,7.95,93.721436,0.0,992.768
2023-12-13 03:00:00+00:00,7.65,94.352394,0.0,993.4648
2023-12-13 04:00:00+00:00,7.35,94.339226,0.0,993.8618
2023-12-13 05:00:00+00:00,7.15,94.655876,0.0,994.6587
2023-12-13 06:00:00+00:00,7.1,93.35737,0.0,995.0576
2023-12-13 07:00:00+00:00,7.0,93.03035,0.0,995.8554
2023-12-13 08:00:00+00:00,7.0,90.80448,0.0,996.7537
2023-12-13 09:00:00+00:00,7.2,90.81851,0.0,997.65344
2023-12-13 10:00:00+00:00,7.8,88.69423,0.1,998.5558
2023-12-13 11:00:00+00:00,7.45,85.93977,0.1,999.8507
2023-12-13 12:00:00+00:00,7.55,76.58834,0.0,1000.6498
2023-12-13 13:00:00+00:00,7.4,82.704094,0.0,1001.1478
2023-12-13 14:00:00+00:00,7.0,84.11222,0.1,1001.5443
2023-12-13 15:00:00+00:00,6.8,84.67941,0.1,1002.7407
2023-12-13 16:00:00+00:00,6.6,85.25181,0.1,1004.13635
2023-12-13 17:00:00+00:00,6.55,85.84532,0.0,1005.6331
2023-12-13 18:00:00+00:00,6.5,84.64536,0.0,1006.8305
2023-12-13 19:00:00+00:00,6.45,83.16655,0.0,1008.3272
2023-12-13 20:00:00+00:00,6.35,81.9913,0.0,1009.6241
2023-12-13 21:00:00+00:00,6.2,81.68284,0.0,1011.02
2023-12-13 22:00:00+00:00,6.05,81.37469,0.0,1012.1169
2023-12-13 23:00:00+00:00,5.75,82.20277,0.0,1013.013
2023-12-14 00:00:00+00:00,4.7,86.873,0.0,1013.60443
2023-12-14 01:00:00+00:00,4.1,92.21664,0.0,1014.698
2023-12-14 02:00:00+00:00,3.5,92.837944,0.0,1015.2923
2023-12-14 03:00:00+00:00,2.75,93.461426,0.0,1016.08527
2023-12-14 04:00:00+00:00,1.8,95.10744,0.0,1016.1781
2023-12-14 05:00:00+00:00,1.6,95.44245,0.0,1016.87537
2023-12-14 06:00:00+00:00,2.35,92.44073,0.0,1017.4796
2023-12-14 07:00:00+00:00,2.75,90.823616,0.0,1017.98157
2023-12-14 08:00:00+00:00,3.0,90.84144,0.1,1018.4825
2023-12-14 09:00:00+00:00,3.4,91.19432,0.2,1018.6849
2023-12-14 10:00:00+00:00,4.15,90.28028,0.1,1018.7901
2023-12-14 11:00:00+00:00,4.9,88.131256,0.1,1018.9952
2023-12-14 12:00:00+00:00,5.3,87.85705,0.1,1018.79846
2023-12-14 13:00:00+00:00,6.05,91.37288,0.3,1019.20306
2023-12-14 14:00:00+00:00,6.9,92.06446,0.0,1019.50854
2023-12-14 15:00:00+00:00,7.4,92.73189,0.0,1020.2107
2023-12-14 16:00:00+00:00,7.4,94.341415,0.0,1021.00916
2023-12-14 17:00:00+00:00,7.0,95.63311,0.0,1021.80475
2023-12-14 18:00:00+00:00,6.65,95.951836,0.0,1022.60065
2023-12-14 19:00:00+00:00,5.1,97.25125,0.0,1023.4879
2023-12-14 20:00:00+00:00,3.9,98.25741,0.0,1024.1775
2023-12-14 21:00:00+00:00,4.6,96.90011,0.0,1025.1808
2023-12-14 22:00:00+00:00,4.4,96.89516,0.0,1025.7783
2023-12-14 23:00:00+00:00,4.05,97.57088,0.0,1026.3746
2023-12-15 00:00:00+00:00,3.7,97.56405,0.0,1026.9708
2023-12-15 01:00:00+00:00,5.6,92.954315,0.0,1027.6832
2023-12-15 02:00:00+00:00,6.5,88.89223,0.0,1028.4882
2023-12-15 03:00:00+00:00,5.2,90.99596,0.0,1029.377
2023-12-15 04:00:00+00:00,4.05,92.54064,0.0,1029.8677
2023-12-15 05:00:00+00:00,3.95,92.534805,0.0,1030.5657
2023-12-15 06:00:00+00:00,3.4,93.82758,0.0,1030.9606
2023-12-15 07:00:00+00:00,2.45,95.81493,0.0,1031.6521
2023-12-15 08:00:00+00:00,2.5,96.159195,0.0,1032.551
2023-12-15 09:00:00+00:00,3.1,94.81999,0.0,1033.9525
2023-12-15 10:00:00+00:00,4.25,94.200386,0.0,1034.3601
2023-12-15 11:00:00+00:00,5.55,92.62717,0.0,1034.769
2023-12-15 12:00:00+00:00,6.6,90.461296,0.0,1034.6766
2023-12-15 13:00:00+00:00,7.85,82.18673,0.0,1035.584
2023-12-15 14:00:00+00:00,8.1,83.65825,0.0,1035.4858
2023-12-15 15:00:00+00:00,7.3,84.73589,0.0,1035.4803
2023-12-15 16:00:00+00:00,5.85,88.21645,0.0,1035.9686
2023-12-15 17:00:00+00:00,5.55,88.81183,0.0,1036.1661
2023-12-15 18:00:00+00:00,5.25,89.41368,0.0,1036.4634
2023-12-15 19:00:00+00:00,5.05,90.66595,0.0,1036.6614
2023-12-15 20:00:00+00:00,4.85,91.61475,0.0,1036.8597
2023-12-15 21:00:00+00:00,4.75,92.255875,0.0,1037.2583
2023-12-15 22:00:00+00:00,4.7,91.92844,0.0,1037.2579
2023-12-15 23:00:00+00:00,4.55,91.91904,0.0,1037.3564
2023-12-16 00:00:00+00:00,4.8,91.93469,0.0,1037.3585
2023-12-16 01:00:00+00:00,4.85,93.24019,0.0,1037.3588
2023-12-16 02:00:00+00:00,5.3,93.91893,0.0,1037.0626
2023-12-16 03:00:00+00:00,5.7,94.92509,0.0,1036.9657
2023-12-16 04:00:00+00:00,5.75,96.257095,0.0,1036.8662
2023-12-16 05:00:00+00:00,6.0,96.93435,0.0,1036.5687
2023-12-16 06:00:00+00:00,6.5,97.6178,0.0,1036.5724
2023-12-16 07:00:00+00:00,7.35,98.304726,0.0,1036.6782
2023-12-16 08:00:00+00:00,8.0,98.64873,0.0,1036.9823
2023-12-16 09:00:00+00:00,8.55,97.325165,0.0,1037.585
2023-12-16 10:00:00+00:00,9.4,95.39119,0.0,1037.8906
2023-12-16 11:00:00+00:00,10.1,93.50899,0.0,1037.9954
2023-12-16 12:00:00+00:00,10.55,92.59351,0.0,1037.2
2023-12-16 13:00:00+00:00,10.8,92.60757,0.0,1036.6028
2023-12-16 14:00:00+00:00,11.1,91.08602,0.0,1035.9065
2023-12-16 15:00:00+00:00,11.2,90.48415,0.0,1035.5079
2023-12-16 16:00:00+00:00,10.85,92.300316,0.0,1035.7048
2023-12-16 17:00:00+00:00,10.85,92.300316,0.0,1035.4055
2023-12-16 18:00:00+00:00,10.9,91.37889,0.0,1035.6057
2023-12-16 19:00:00+00:00,10.85,90.76371,0.0,1036.0044
2023-12-16 20:00:00+00:00,10.8,91.06584,0.0,1036.2035
2023-12-16 21:00:00+00:00,10.7,91.673515,0.0,1036.1031
2023-12-16 22:00:00+00:00,10.45,93.84102,0.0,1036.2013
2023-12-16 23:00:00+00:00,10.2,95.419624,0.0,1036.1993
2023-12-17 00:00:00+00:00,10.5,93.84338,0.0,1035.7026
2023-12-17 01:00:00+00:00,9.75,93.176186,0.0,1035.2982
2023-12-17 02:00:00+00:00,9.45,93.47657,0.0,1034.797
2023-12-17 03:00:00+00:00,9.15,92.82893,0.0,1034.4955
2023-12-17 04:00:00+00:00,8.95,90.93999,0.0,1033.9949
2023-12-17 05:00:00+00:00,8.2,91.51385,0.0,1033.1913
2023-12-17 06:00:00+00:00,7.1,93.35737,0.0,1032.9835
2023-12-17 07:00:00+00:00,6.65,93.011444,0.0,1033.1799
2023-12-17 08:00:00+00:00,6.7,92.692535,0.0,1032.9806
2023-12-17 09:00:00+00:00,7.35,91.45852,0.0,1032.9855
2023-12-17 10:00:00+00:00,8.7,86.663315,0.0,1032.8955
2023-12-17 11:00:00+00:00,10.0,81.61891,0.0,1032.7048
2023-12-17 12:00:00+00:00,10.75,78.169754,0.0,1031.9116
2023-12-17 13:00:00+00:00,10.75,77.63621,0.0,1031.6122
2023-12-17 14:00:00+00:00,10.5,78.6691,0.0,1031.0117
2023-12-17 15:00:00+00:00,9.9,80.770164,0.0,1030.708
2023-12-17 16:00:00+00:00,9.3,82.37275,0.0,1030.5043
2023-12-17 17:00:00+00:00,9.1,84.06571,0.0,1030.3031
2023-12-17 18:00:00+00:00,9.15,85.82101,0.0,1030.2039
2023-12-17 19:00:00+00:00,9.1,87.89812,0.0,1030.2032
2023-12-17 20:00:00+00:00,8.6,91.539696,0.0,1030.0999
2023-12-17 21:00:00+00:00,8.15,92.14025,0.0,1029.9971
2023-12-17 22:00:00+00:00,7.9,92.12517,0.0,1030.2947
2023-12-17 23:00:00+00:00,7.85,92.75703,0.0,1030.3942
2023-12-18 00:00:00+00:00,8.05,93.72628,0.0,1029.8964
2023-12-18 01:00:00+00:00,7.65,94.02913,0.0,1029.295
2023-12-18 02:00:00+00:00,7.85,93.71659,0.0,1028.9968
2023-12-18 03:00:00+00:00,7.85,94.03838,0.0,1028.9968
2023-12-18 04:00:00+00:00,8.05,93.08656,0.0,1028.499
2023-12-18 05:00:00+00:00,8.25,92.14626,0.0,1028.3011
2023-12-18 06:00:00+00:00,8.3,91.83431,0.0,1027.9022
2023-12-18 07:00:00+00:00,8.25,91.83119,0.0,1027.9019
2023-12-18 08:00:00+00:00,8.5,90.90898,0.0,1027.9036
2023-12-18 09:00:00+00:00,8.65,89.99101,0.0,1027.8049
2023-12-18 10:00:00+00:00,9.7,84.7128,0.0,1027.4132
2023-12-18 11:00:00+00:00,10.35,81.94438,0.0,1027.218
2023-12-18 12:00:00+00:00,11.05,80.65224,0.0,1026.3246
2023-12-18 13:00:00+00:00,11.4,80.42683,0.0,1025.728
2023-12-18 14:00:00+00:00,11.85,80.489044,0.0,1025.4318
2023-12-18 15:00:00+00:00,11.6,84.35274,0.0,1024.9312
2023-12-18 16:00:00+00:00,11.4,87.80775,0.0,1024.8298
2023-12-18 17:00:00+00:00,11.4,89.29372,0.0,1023.9315
2023-12-18 18:00:00+00:00,11.5,90.20324,0.0,1024.0319
2023-12-18 19:00:00+00:00,11.65,89.91314,0.0,1023.93335
2023-12-18 20:00:00+00:00,11.75,88.726,0.0,1023.7344
2023-12-18 21:00:00+00:00,11.7,89.019264,0.0,1023.1352
2023-12-18 22:00:00+00:00,11.75,89.62068,0.0,1022.7363
2023-12-18 23:00:00+00:00,11.75,90.221535,0.0,1022.0377
2023-12-19 00:00:00+00:00,11.8,90.829384,0.0,1021.6387
2023-12-19 01:00:00+00:00,11.9,90.23249,0.0,1020.84094
2023-12-19 02:00:00+00:00,12.05,90.24342,0.0,1019.94354
2023-12-19 03:00:00+00:00,12.25,88.767685,0.2,1019.6458
2023-12-19 04:00:00+00:00,12.25,89.063995,0.2,1018.6477
2023-12-19 05:00:00+00:00,12.05,91.45322,0.5,1017.9474
2023-12-19 06:00:00+00:00,11.95,92.67176,0.6,1017.44775
2023-12-19 07:00:00+00:00,11.95,93.59994,0.2,1017.0485
2023-12-19 08:00:00+00:00,12.0,93.913475,0.6,1016.5498
2023-12-19 09:00:00+00:00,12.1,93.91809,1.5,1015.9516
2023-12-19 10:00:00+00:00,12.2,93.92274,2.3,1015.6531
2023-12-19 11:00:00+00:00,11.8,95.79278,3.0,1015.6502
2023-12-19 12:00:00+00:00,11.05,92.93212,2.1,1015.3457
2023-12-19 13:00:00+00:00,9.85,90.081184,0.8,1016.4354
2023-12-19 14:00:00+00:00,9.55,90.67273,0.4,1016.6327
2023-12-19 15:00:00+00:00,9.3,91.27386,0.3,1016.8307
2023-12-19 16:00:00+00:00,8.75,88.1683,0.0,1017.4257
2023-12-19 17:00:00+00:00,8.05,85.70532,0.0,1018.21906
2023-12-19 18:00:00+00:00,6.8,88.30075,0.0,1018.5099
2023-12-19 19:00:00+00:00,6.15,90.42841,0.0,1019.00415
2023-12-19 20:00:00+00:00,6.05,90.10578,0.0,1019.30286
2023-12-19 21:00:00+00:00,5.6,88.8161,0.0,1019.6989
2023-12-19 22:00:00+00:00,5.25,89.09949,0.0,1019.896
2023-12-19 23:00:00+00:00,5.1,89.71707,0.0,1019.79517
2023-12-20 00:00:00+00:00,5.0,90.34365,0.0,1019.5946
2023-12-20 01:00:00+00:00,5.0,89.39345,0.0,1019.5946
2023-12-20 02:00:00+00:00,4.9,89.70131,0.0,1019.2946
2023-12-20 03:00:00+00:00,4.95,88.76063,0.0,1018.99554
2023-12-20 04:00:00+00:00,5.05,87.83404,0.0,1018.99615
2023-12-20 05:00:00+00:00,5.0,88.7649,0.0,1018.59656
2023-12-20 06:00:00+00:00,5.0,89.39345,0.0,1018.1974
2023-12-20 07:00:00+00:00,5.6,87.57602,0.0,1018.4015
2023-12-20 08:00:00+00:00,5.8,87.90289,0.0,1018.5026
2023-12-20 09:00:00+00:00,6.3,86.72594,0.0,1018.8058
2023-12-20 10:00:00+00:00,7.6,83.01809,0.0,1018.5153
2023-12-20 11:00:00+00:00,8.75,80.33256,0.0,1018.02454
2023-12-20 12:00:00+00:00,9.65,78.000725,0.0,1016.63336
2023-12-20 13:00:00+00:00,9.45,79.32859,0.0,1015.9335
2023-12-20 14:00:00+00:00,9.7,79.63899,0.0,1014.9373
2023-12-20 15:00:00+00:00,9.8,80.20327,0.0,1014.33905
2023-12-20 16:00:00+00:00,10.0,79.95642,0.0,1013.8414
2023-12-20 17:00:00+00:00,9.95,81.33305,0.0,1013.2422
2023-12-20 18:00:00+00:00,9.9,80.21735,0.0,1013.0422
2023-12-20 19:00:00+00:00,10.0,78.32391,0.0,1012.84326
2023-12-20 20:00:00+00:00,9.95,79.401665,0.0,1012.7431
2023-12-20 21:00:00+00:00,10.0,80.50723,0.0,1012.24445
2023-12-20 22:00:00+00:00,10.45,79.47436,0.0,1011.6487
2023-12-20 23:00:00+00:00,10.95,79.00569,0.0,1011.253
2023-12-21 00:00:00+00:00,10.95,80.6385,0.0,1010.75397
2023-12-21 01:00:00+00:00,10.2,83.6208,0.0,1008.952
2023-12-21 02:00:00+00:00,10.15,84.76298,0.0,1007.9536
2023-12-21 03:00:00+00:00,10.8,80.61785,0.0,1007.05975
2023-12-21 04:00:00+00:00,10.9,79.268486,0.0,1006.0626
2023-12-21 05:00:00+00:00,11.2,78.77369,0.0,1005.06647
2023-12-21 06:00:00+00:00,11.4,78.535706,0.0,1004.96796
2023-12-21 07:00:00+00:00,11.65,79.64735,0.1,1005.1694
2023-12-21 08:00:00+00:00,12.05,78.89972,0.0,1005.0721
2023-12-21 09:00:00+00:00,12.6,74.063736,0.0,1005.3753
2023-12-21 10:00:00+00:00,12.55,72.80646,0.1,1005.27515
2023-12-21 11:00:00+00:00,12.55,72.80646,0.1,1005.4748
2023-12-21 12:00:00+00:00,12.75,70.644745,0.0,1005.07684
2023-12-21 13:00:00+00:00,13.4,70.05327,0.0,1003.9834
2023-12-21 14:00:00+00:00,12.9,68.77074,0.0,1004.1795
2023-12-21 15:00:00+00:00,12.05,69.78633,0.0,1004.87244
2023-12-21 16:00:00+00:00,11.4,68.938576,0.0,1005.3672
2023-12-21 17:00:00+00:00,10.6,70.467705,0.0,1006.2601
2023-12-21 18:00:00+00:00,10.45,68.26681,0.0,1006.9578
2023-12-21 19:00:00+00:00,9.3,70.95248,0.0,1007.6485
2023-12-21 20:00:00+00:00,8.85,73.13718,0.0,1008.44385
2023-12-21 21:00:00+00:00,8.6,75.1682,0.0,1009.2404
2023-12-21 22:00:00+00:00,8.55,75.42293,0.0,1009.83887
2023-12-21 23:00:00+00:00,8.25,75.90173,0.0,1010.13635
2023-12-22 00:00:00+00:00,8.4,74.609116,0.0,1010.13727
2023-12-22 01:00:00+00:00,9.2,70.68483,0.0,1009.64404
2023-12-22 02:00:00+00:00,9.65,72.269905,0.0,1009.74677
2023-12-22 03:00:00+00:00,9.35,80.69447,0.1,1009.3456
2023-12-22 04:00:00+00:00,9.75,83.85372,0.0,1008.7495
2023-12-22 05:00:00+00:00,10.25,81.095184,0.2,1008.2537
2023-12-22 06:00:00+00:00,10.5,79.20995,0.0,1007.95624
2023-12-22 07:00:00+00:00,10.7,77.097946,0.0,1008.3566
2023-12-22 08:00:00+00:00,10.7,75.007904,0.0,1008.9555
2023-12-22 09:00:00+00:00,10.75,72.97723,0.0,1009.75433
2023-12-22 10:00:00+00:00,10.9,72.253265,0.0,1010.1547
2023-12-22 11:00:00+00:00,11.0,73.27474,0.0,1010.4549
2023-12-22 12:00:00+00:00,11.1,72.79018,0.0,1010.35565
2023-12-22 13:00:00+00:00,10.7,70.00025,0.0,1010.45264
2023-12-22 14:00:00+00:00,10.75,69.76781,0.0,1010.5528
2023-12-22 15:00:00+00:00,10.5,69.960434,0.0,1011.05023
2023-12-22 16:00:00+00:00,10.0,70.59506,0.0,1011.64557
2023-12-22 17:00:00+00:00,9.65,71.51801,0.0,1012.3417
2023-12-22 18:00:00+00:00,9.2,73.97146,0.0,1012.8378
2023-12-22 19:00:00+00:00,9.45,73.50245,0.0,1013.4383
2023-12-22 20:00:00+00:00,9.7,72.53139,0.0,1013.9393
2023-12-22 21:00:00+00:00,9.25,74.23863,0.0,1014.13556
2023-12-22 22:00:00+00:00,8.75,76.250946,0.0,1013.9325
2023-12-22 23:00:00+00:00,8.25,79.42802,0.0,1014.52783
2023-12-23 00:00:00+00:00,8.4,78.62439,0.0,1014.62854
2023-12-23 01:00:00+00:00,7.75,82.1738,0.0,1013.4266
2023-12-23 02:00:00+00:00,8.1,80.80168,0.0,1012.92975
2023-12-23 03:00:00+00:00,8.0,82.49237,0.0,1012.62964
2023-12-23 04:00:00+00:00,8.0,82.77953,0.0,1012.23047
2023-12-23 05:00:00+00:00,8.05,83.652275,0.0,1011.8315
2023-12-23 06:00:00+00:00,8.8,81.17843,0.0,1011.4377
2023-12-23 07:00:00+00:00,9.15,80.1114,0.0,1011.44025
2023-12-23 08:00:00+00:00,8.55,83.42314,0.0,1011.73517
2023-12-23 09:00:00+00:00,8.65,84.30358,0.0,1011.83594
2023-12-23 10:00:00+00:00,9.3,81.52631,0.0,1012.4393
2023-12-23 11:00:00+00:00,10.45,74.44963,0.0,1012.74664
2023-12-23 12:00:00+00:00,11.0,73.27474,0.0,1012.25146
2023-12-23 13:00:00+00:00,10.95,73.01377,0.0,1011.15314
2023-12-23 14:00:00+00:00,10.85,74.2635,0.0,1010.8528
2023-12-23 15:00:00+00:00,10.25,77.02611,0.0,1010.64905
2023-12-23 16:00:00+00:00,9.8,76.95396,0.0,1010.6462
2023-12-23 17:00:00+00:00,9.55,79.06998,0.0,1010.6442
2023-12-23 18:00:00+00:00,9.45,81.266045,0.0,1010.84326
2023-12-23 19:00:00+00:00,10.2,79.165886,0.0,1010.3493
2023-12-23 20:00:00+00:00,10.25,79.17325,0.0,1010.2499
2023-12-23 21:00:00+00:00,10.3,79.725395,0.0,1009.452
2023-12-23 22:00:00+00:00,10.55,80.58338,0.0,1009.25397
2023-12-23 23:00:00+00:00,11.0,79.01308,0.0,1008.6583
2023-12-24 00:00:00+00:00,11.25,77.1853,0.0,1008.2607
2023-12-24 01:00:00+00:00,10.55,81.69121,0.1,1006.55914
2023-12-24 02:00:00+00:00,10.55,86.55093,0.6,1006.1599
2023-12-24 03:00:00+00:00,10.85,87.75803,0.1,1005.86237
2023-12-24 04:00:00+00:00,11.25,88.386566,0.1,1005.2664
2023-12-24 05:00:00+00:00,11.8,89.02742,0.0,1004.8709
2023-12-24 06:00:00+00:00,12.2,89.05995,0.0,1004.67413
2023-12-24 07:00:00+00:00,12.5,88.19945,0.0,1004.37665
2023-12-24 08:00:00+00:00,12.6,89.38879,0.0,1003.978
2023-12-24 09:00:00+00:00,12.8,89.40452,0.0,1004.0791
2023-12-24 10:00:00+00:00,13.0,89.12457,0.0,1004.1805
2023-12-24 11:00:00+00:00,13.1,86.8,0.0,1004.1811
2023-12-24 12:00:00+00:00,13.15,85.091415,0.0,1003.882
2023-12-24 13:00:00+00:00,13.25,84.25728,0.3,1002.9844
2023-12-24 14:00:00+00:00,13.05,85.08063,0.0,1002.7834
2023-12-24 15:00:00+00:00,12.85,85.34308,0.0,1002.38257
2023-12-24 16:00:00+00:00,12.8,84.206215,0.0,1002.3824
2023-12-24 17:00:00+00:00,12.95,83.942726,0.0,1002.9824
2023-12-24 18:00:00+00:00,13.05,85.08063,0.0,1003.38226
2023-12-24 19:00:00+00:00,13.1,85.08603,0.0,1003.5822
2023-12-24 20:00:00+00:00,13.1,84.80328,0.0,1003.78186
2023-12-24 21:00:00+00:00,13.05,85.3643,0.0,1004.3803
2023-12-24 22:00:00+00:00,12.9,86.49255,0.0,1004.5788
2023-12-24 23:00:00+00:00,12.85,85.62796,0.0,1004.97766
2023-12-25 00:00:00+00:00,12.8,84.77033,0.0,1005.0772
2023-12-25 01:00:00+00:00,12.75,87.92849,0.0,1004.77747
2023-12-25 02:00:00+00:00,12.85,86.77588,0.0,1004.5784
2023-12-25 03:00:00+00:00,12.75,86.76622,0.1,1005.07684
2023-12-25 04:00:00+00:00,12.65,87.04603,0.3,1004.87665
2023-12-25 05:00:00+00:00,12.55,87.618454,0.0,1005.07556
2023-12-25 06:00:00+00:00,12.45,87.609344,0.0,1005.17474
2023-12-25 07:00:00+00:00,12.4,87.89734,0.0,1005.5737
2023-12-25 08:00:00+00:00,12.25,86.42832,0.0,1005.8722
2023-12-25 09:00:00+00:00,12.1,86.41342,0.0,1006.0705
2023-12-25 10:00:00+00:00,12.3,83.86746,0.0,1006.5711
2023-12-25 11:00:00+00:00,12.25,83.02118,0.0,1006.7705
2023-12-25 12:00:00+00:00,12.8,81.43501,0.0,1006.1751
2023-12-25 13:00:00+00:00,12.05,86.698265,0.2,1006.0701
2023-12-25 14:00:00+00:00,11.95,88.15147,0.2,1005.47076
2023-12-25 15:00:00+00:00,12.0,88.45092,0.0,1004.97205
2023-12-25 16:00:00+00:00,12.0,91.45002,0.1,1004.473
2023-12-25 17:00:00+00:00,12.1,90.84998,0.2,1004.274
2023-12-25 18:00:00+00:00,12.15,90.25071,0.1,1003.9749
2023-12-25 19:00:00+00:00,12.0,91.75479,0.4,1003.77435
2023-12-25 20:00:00+00:00,11.7,93.276886,0.9,1004.07184
2023-12-25 21:00:00+00:00,11.45,92.64396,0.6,1004.4692
2023-12-25 22:00:00+00:00,11.25,86.61998,0.1,1004.7674
2023-12-25 23:00:00+00:00,10.35,83.92395,0.0,1005.3602
2023-12-26 00:00:00+00:00,9.45,86.441376,0.0,1006.05255
2023-12-26 01:00:00+00:00,9.3,86.722496,0.0,1006.85004
2023-12-26 02:00:00+00:00,8.65,84.88691,0.0,1007.4445
2023-12-26 03:00:00+00:00,7.8,85.67885,0.0,1008.1371
2023-12-26 04:00:00+00:00,7.5,85.34988,0.0,1008.7338
2023-12-26 05:00:00+00:00,7.25,86.51868,0.0,1009.0316
2023-12-26 06:00:00+00:00,7.35,83.86023,0.0,1009.63104
2023-12-26 07:00:00+00:00,7.0,84.406685,0.0,1010.8262
2023-12-26 08:00:00+00:00,6.4,84.93148,0.0,1012.31915
2023-12-26 09:00:00+00:00,6.3,84.62263,0.0,1013.71576
2023-12-26 10:00:00+00:00,7.3,81.828735,0.0,1014.5212
2023-12-26 11:00:00+00:00,8.3,77.790726,0.0,1015.2268
2023-12-26 12:00:00+00:00,8.75,73.89101,0.0,1015.729
2023-12-26 13:00:00+00:00,8.75,75.457,0.0,1016.0284
2023-12-26 14:00:00+00:00,8.65,74.91444,0.0,1016.12756
2023-12-26 15:00:00+00:00,7.55,85.65229,0.0,1016.51886
2023-12-26 16:00:00+00:00,7.55,81.291855,0.0,1016.61865
2023-12-26 17:00:00+00:00,5.05,91.95031,0.0,1016.8005
2023-12-26 18:00:00+00:00,4.0,93.85664,0.0,1016.89294
2023-12-26 19:00:00+00:00,4.2,94.198105,0.0,1016.994
2023-12-26 20:00:00+00:00,4.75,92.907555,0.0,1016.6987
2023-12-26 21:00:00+00:00,4.9,92.58985,0.0,1016.4003
2023-12-26 22:00:00+00:00,5.65,89.760216,0.0,1016.00653
2023-12-26 23:00:00+00:00,6.2,87.020424,0.2,1015.21185
2023-12-27 00:00:00+00:00,6.65,86.45815,0.2,1014.71606
2023-12-27 01:00:00+00:00,6.85,84.98165,0.1,1014.4183
2023-12-27 02:00:00+00:00,7.05,90.493996,0.7,1013.12195
2023-12-27 03:00:00+00:00,7.5,93.057205,0.2,1011.82776
2023-12-27 04:00:00+00:00,8.35,94.061386,0.2,1010.5363
2023-12-27 05:00:00+00:00,9.7,93.8055,0.3,1009.2483
2023-12-27 06:00:00+00:00,10.2,92.26224,0.1,1008.453
2023-12-27 07:00:00+00:00,10.5,90.73936,0.0,1007.7566
2023-12-27 08:00:00+00:00,10.75,90.75676,0.1,1006.85986
2023-12-27 09:00:00+00:00,11.0,89.26174,0.0,1006.06335
2023-12-27 10:00:00+00:00,11.15,87.785194,0.1,1005.0661
2023-12-27 11:00:00+00:00,11.2,86.615074,0.0,1003.8688
2023-12-27 12:00:00+00:00,11.6,84.35274,0.0,1002.6739
2023-12-27 13:00:00+00:00,11.6,85.784805,0.1,1001.67584
2023-12-27 14:00:00+00:00,11.55,86.0687,0.3,1000.2782
2023-12-27 15:00:00+00:00,11.35,89.28972,2.0,998.9791
2023-12-27 16:00:00+00:00,11.95,86.688515,0.4,998.0849
2023-12-27 17:00:00+00:00,11.75,89.32158,0.9,998.2833
2023-12-27 18:00:00+00:00,11.45,84.335724,0.6,999.2792
2023-12-27 19:00:00+00:00,10.75,80.61096,0.0,1000.4722
2023-12-27 20:00:00+00:00,10.1,80.24545,0.0,1001.06665
2023-12-27 21:00:00+00:00,9.9,77.50303,0.0,1001.6641
2023-12-27 22:00:00+00:00,9.95,76.71283,0.0,1001.86414
2023-12-27 23:00:00+00:00,9.8,77.48729,0.0,1001.86316
2023-12-28 00:00:00+00:00,10.0,74.3708,0.0,1001.7647
2023-12-28 01:00:00+00:00,10.95,74.026054,0.0,1001.47186
2023-12-28 02:00:00+00:00,11.05,74.298584,0.0,1001.77185
2023-12-28 03:00:00+00:00,11.25,73.068436,0.0,1002.2722
2023-12-28 04:00:00+00:00,10.9,73.50938,0.0,1002.46954
2023-12-28 05:00:00+00:00,10.7,74.493286,0.0,1003.1666
2023-12-28 06:00:00+00:00,10.55,74.98216,0.0,1003.56494
2023-12-28 07:00:00+00:00,10.3,75.45813,0.0,1004.0624
2023-12-28 08:00:00+00:00,10.25,75.71042,0.0,1004.66064
2023-12-28 09:00:00+00:00,10.55,74.21075,0.0,1005.062
2023-12-28 10:00:00+00:00,11.1,73.04112,0.0,1005.16565
2023-12-28 11:00:00+00:00,11.6,72.135544,0.0,1005.06934
2023-12-28 12:00:00+00:00,11.65,74.91374,0.0,1004.2711
2023-12-28 13:00:00+00:00,11.55,76.44699,0.0,1003.47205
2023-12-28 14:00:00+00:00,11.6,75.93534,0.0,1003.0732
2023-12-28 15:00:00+00:00,11.2,77.706276,0.0,1002.87067
2023-12-28 16:00:00+00:00,10.6,80.3155,0.0,1002.76685
2023-12-28 17:00:00+00:00,10.55,78.946526,0.1,1002.6666
2023-12-28 18:00:00+00:00,10.45,81.95732,0.1,1002.76587
2023-12-28 19:00:00+00:00,10.05,85.62261,0.1,1003.06244
2023-12-28 20:00:00+00:00,9.8,85.88871,0.1,1003.2605
2023-12-28 21:00:00+00:00,9.45,86.14639,0.0,1003.5574
2023-12-28 22:00:00+00:00,9.05,84.6399,0.0,1004.0536
2023-12-28 23:00:00+00:00,8.95,80.639145,0.0,1004.1528
2023-12-29 00:00:00+00:00,8.6,80.87052,0.0,1004.34985
2023-12-29 01:00:00+00:00,9.25,76.599014,0.0,1004.1549
2023-12-29 02:00:00+00:00,9.05,78.1785,0.0,1003.9538
2023-12-29 03:00:00+00:00,8.75,79.77741,0.0,1003.85205
2023-12-29 04:00:00+00:00,8.7,83.153656,0.1,1003.65216
2023-12-29 05:00:00+00:00,9.15,84.07153,0.0,1003.2561
2023-12-29 06:00:00+00:00,8.95,85.80007,0.0,1003.2545
2023-12-29 07:00:00+00:00,8.7,86.36593,0.0,1003.752
2023-12-29 08:00:00+00:00,7.95,89.013306,0.0,1004.54504
2023-12-29 09:00:00+00:00,8.1,86.30512,0.0,1004.8454
2023-12-29 10:00:00+00:00,8.9,84.332275,0.0,1004.95087
2023-12-29 11:00:00+00:00,9.95,79.675064,0.0,1004.75854
2023-12-29 12:00:00+00:00,10.55,76.283615,1.0,1003.56494
2023-12-29 13:00:00+00:00,10.45,77.32331,0.1,1003.7639
2023-12-29 14:00:00+00:00,9.95,77.244064,0.3,1003.9601
2023-12-29 15:00:00+00:00,9.55,76.38286,0.0,1004.1568
2023-12-29 16:00:00+00:00,8.6,76.75998,0.0,1004.8489
2023-12-29 17:00:00+00:00,8.15,78.58648,0.0,1005.4449
2023-12-29 18:00:00+00:00,7.75,79.354546,0.0,1006.04095
2023-12-29 19:00:00+00:00,7.4,80.4226,0.0,1006.737
2023-12-29 20:00:00+00:00,7.05,81.79572,0.0,1007.33325
2023-12-29 21:00:00+00:00,6.6,82.60277,0.0,1007.929
2023-12-29 22:00:00+00:00,6.2,84.018234,0.0,1008.4252
2023-12-29 23:00:00+00:00,5.8,86.06834,0.0,1008.7218
2023-12-30 00:00:00+00:00,5.9,84.87546,0.0,1009.02216
2023-12-30 01:00:00+00:00,6.05,83.7051,0.0,1009.1228
2023-12-30 02:00:00+00:00,5.95,85.48066,0.0,1009.3218
2023-12-30 03:00:00+00:00,5.55,88.81183,0.0,1009.6183
2023-12-30 04:00:00+00:00,5.1,90.98901,0.0,1009.41565
2023-12-30 05:00:00+00:00,5.35,89.42176,0.0,1008.71857
2023-12-30 06:00:00+00:00,6.65,80.60003,0.0,1007.9294
2023-12-30 07:00:00+00:00,7.3,82.403,1.0,1007.5348
2023-12-30 08:00:00+00:00,8.15,88.41903,0.0,1006.6425
2023-12-30 09:00:00+00:00,8.8,88.47535,0.0,1006.24774
2023-12-30 10:00:00+00:00,9.25,88.514114,1.2,1005.45245
2023-12-30 11:00:00+00:00,10.4,87.420555,0.2,1004.9613
2023-12-30 12:00:00+00:00,10.7,86.85912,0.1,1003.66565
2023-12-30 13:00:00+00:00,11.35,82.07325,0.1,1002.87164
2023-12-30 14:00:00+00:00,11.15,83.45004,0.1,1001.6726
2023-12-30 15:00:00+00:00,11.05,84.29024,0.0,1000.77374
2023-12-30 16:00:00+00:00,10.8,84.835014,0.0,999.9734
2023-12-30 17:00:00+00:00,11.05,84.29024,0.0,998.7776
2023-12-30 18:00:00+00:00,11.1,84.01113,0.0,997.48047
2023-12-30 19:00:00+00:00,11.3,82.62477,0.0,996.3837
2023-12-30 20:00:00+00:00,11.45,81.532,0.1,995.3866
2023-12-30 21:00:00+00:00,11.35,82.07325,0.1,994.0885
2023-12-30 22:00:00+00:00,11.1,82.88039,0.1,992.68964
2023-12-30 23:00:00+00:00,10.5,88.62077,0.6,990.8891
2023-12-31 00:00:00+00:00,10.2,88.29563,1.3,988.99054
2023-12-31 01:00:00+00:00,10.0,89.484024,2.1,987.69183
2023-12-31 02:00:00+00:00,8.75,86.966446,1.6,986.9848
2023-12-31 03:00:00+00:00,8.2,87.514404,1.2,986.0829
2023-12-31 04:00:00+00:00,8.45,86.04364,0.4,984.6871
2023-12-31 05:00:00+00:00,7.95,85.991844,0.6,983.88525
2023-12-31 06:00:00+00:00,7.2,87.117355,0.3,984.4792
2023-12-31 07:00:00+00:00,6.55,87.66467,0.0,985.4726
2023-12-31 08:00:00+00:00,6.4,87.34483,0.0,985.6713
2023-12-31 09:00:00+00:00,7.15,85.01495,0.0,985.6762
2023-12-31 10:00:00+00:00,7.8,83.04284,0.0,985.6808
2023-12-31 11:00:00+00:00,8.75,80.05456,0.0,985.18823
2023-12-31 12:00:00+00:00,9.5,77.439964,0.0,985.0935
2023-12-31 13:00:00+00:00,9.35,75.82172,0.0,985.69135
2023-12-31 14:00:00+00:00,9.6,72.26051,0.0,985.6929
2023-12-31 15:00:00+00:00,9.05,71.90482,0.0,986.1882
2023-12-31 16:00:00+00:00,8.15,74.56524,0.0,986.881
2023-12-31 17:00:00+00:00,7.65,77.145004,0.0,987.3766
2023-12-31 18:00:00+00:00,8.05,74.285995,0.0,987.9779
2023-12-31 19:00:00+00:00,7.95,75.056076,0.1,988.77576
2023-12-31 20:00:00+00:00,7.65,75.800674,0.0,989.6721
2023-12-31 21:00:00+00:00,8.05,75.07337,0.0,990.3732
2023-12-31 22:00:00+00:00,7.65,76.60476,0.0,991.26904
2023-12-31 23:00:00+00:00,7.7,76.61296,0.0,992.1676
2024-01-01 00:00:00+00:00,7.55,76.85819,0.0,993.0646
2024-01-01 01:00:00+00:00,7.35,78.4645,0.0,994.1612
2024-01-01 02:00:00+00:00,7.0,80.36616,0.0,995.057
2024-01-01 03:00:00+00:00,6.95,80.07705,0.0,996.0547
2024-01-01 04:00:00+00:00,6.75,79.48622,0.0,997.0516
2024-01-01 05:00:00+00:00,6.75,75.38022,0.0,997.7502
2024-01-01 06:00:00+00:00,6.45,73.99993,0.0,998.6462
2024-01-01 07:00:00+00:00,6.2,71.356064,0.0,999.7421
2024-01-01 08:00:00+00:00,5.85,70.77675,0.0,1000.7377
2024-01-01 09:00:00+00:00,6.3,68.612114,0.0,1001.53955
2024-01-01 10:00:00+00:00,7.0,69.00472,0.0,1001.9436
2024-01-01 11:00:00+00:00,7.75,68.91404,0.0,1002.448
2024-01-01 12:00:00+00:00,8.35,68.06686,0.0,1002.3522
2024-01-01 13:00:00+00:00,8.45,74.87972,0.0,1002.45264
2024-01-01 14:00:00+00:00,8.65,75.968765,0.0,1001.6557
2024-01-01 15:00:00+00:00,8.5,79.46462,0.5,1001.15546
2024-01-01 16:00:00+00:00,7.95,83.64032,0.1,1000.2534
2024-01-01 17:00:00+00:00,7.9,88.70274,0.5,999.05536
2024-01-01 18:00:00+00:00,8.55,89.983444,0.7,997.5627
2024-01-01 19:00:00+00:00,9.0,90.01743,1.0,995.66956
2024-01-01 20:00:00+00:00,9.3,90.04,1.7,993.7754
2024-01-01 21:00:00+00:00,9.55,90.36529,2.1,991.28174
2024-01-01 22:00:00+00:00,10.05,89.48795,1.7,989.28906
2024-01-01 23:00:00+00:00,10.9,90.7672,2.2,986.79974
2024-01-02 00:00:00+00:00,12.15,88.75937,0.1,986.5084
2024-01-02 01:00:00+00:00,12.3,89.365135,0.0,986.9088
2024-01-02 02:00:00+00:00,12.2,88.173325,0.0,987.20764
2024-01-02 03:00:00+00:00,11.45,86.93147,0.0,988.4
2024-01-02 04:00:00+00:00,11.0,86.88813,0.0,988.89636
2024-01-02 05:00:00+00:00,10.65,88.33474,0.1,988.59436
2024-01-02 06:00:00+00:00,10.65,89.23366,0.0,988.3947
2024-01-02 07:00:00+00:00,10.7,91.36587,0.0,987.79626
2024-01-02 08:00:00+00:00,10.85,91.99118,0.2,986.9988
2024-01-02 09:00:00+00:00,11.0,94.81263,0.9,985.6027
2024-01-02 10:00:00+00:00,11.15,94.502785,1.6,983.5076
2024-01-02 11:00:00+00:00,12.5,91.17926,0.6,981.9196
2024-01-02 12:00:00+00:00,12.6,90.583336,1.8,979.7244
2024-01-02 13:00:00+00:00,12.15,91.7641,1.7,977.0266
2024-01-02 14:00:00+00:00,12.85,87.645706,0.2,975.1347
2024-01-02 15:00:00+00:00,12.15,85.554665,0.2,974.63116
2024-01-02 16:00:00+00:00,10.95,74.53683,0.0,976.42004
2024-01-02 17:00:00+00:00,10.15,77.80965,0.0,979.00946
2024-01-02 18:00:00+00:00,10.25,78.093155,0.0,981.3057
2024-01-02 19:00:00+00:00,9.75,80.47248,0.0,982.8995
2024-01-02 20:00:00+00:00,9.2,80.95266,0.0,984.09357
2024-01-02 21:00:00+00:00,8.9,82.60632,0.0,985.08936
2024-01-02 22:00:00+00:00,8.8,82.87937,0.0,985.7875
2024-01-02 23:00:00+00:00,8.4,84.85911,0.0,986.4833
2024-01-03 00:00:00+00:00,8.35,84.56084,0.0,986.9821
2024-01-03 01:00:00+00:00,8.55,82.56214,0.0,986.8834
2024-01-03 02:00:00+00:00,8.2,85.1307,0.0,986.78156
2024-01-03 03:00:00+00:00,8.3,87.82558,0.0,986.3829
2024-01-03 04:00:00+00:00,8.65,89.07107,0.3,986.48517
2024-01-03 05:00:00+00:00,8.85,85.4952,0.0,986.48645
2024-01-03 06:00:00+00:00,8.25,84.2575,0.0,987.0812
2024-01-03 07:00:00+00:00,7.75,84.4926,0.0,987.2775
2024-01-03 08:00:00+00:00,7.6,85.657616,0.0,987.4758
2024-01-03 09:00:00+00:00,8.25,84.2575,0.0,987.38055
2024-01-03 10:00:00+00:00,9.2,81.7945,0.0,987.5868
2024-01-03 11:00:00+00:00,10.2,76.75329,0.1,987.3936
2024-01-03 12:00:00+00:00,10.35,77.30749,0.0,986.7961
2024-01-03 13:00:00+00:00,10.15,79.15853,0.1,986.5948
2024-01-03 14:00:00+00:00,9.75,81.585915,1.5,986.792
2024-01-03 15:00:00+00:00,9.35,82.37911,0.2,987.5877
2024-01-03 16:00:00+00:00,8.7,83.44125,0.1,988.6812
2024-01-03 17:00:00+00:00,8.1,85.41472,0.0,989.8746
2024-01-03 18:00:00+00:00,7.35,89.271996,0.0,991.2669
2024-01-03 19:00:00+00:00,7.05,91.75575,0.0,992.2627
2024-01-03 20:00:00+00:00,6.8,92.698166,0.0,993.45886
2024-01-03 21:00:00+00:00,6.7,92.692535,0.0,994.3561
2024-01-03 22:00:00+00:00,6.45,92.6784,0.0,995.45245
2024-01-03 23:00:00+00:00,6.25,93.31345,0.0,996.2493
2024-01-04 00:00:00+00:00,6.15,92.66138,0.0,996.9474
2024-01-04 01:00:00+00:00,6.9,92.383644,0.0,997.75104
2024-01-04 02:00:00+00:00,7.5,89.903465,0.0,998.15436
2024-01-04 03:00:00+00:00,7.1,90.18471,0.0,998.85016
2024-01-04 04:00:00+00:00,6.6,89.834145,0.0,999.5454
2024-01-04 05:00:00+00:00,6.25,89.49409,0.0,1000.04193
2024-01-04 06:00:00+00:00,5.9,89.15331,0.0,1000.53876
2024-01-04 07:00:00+00:00,5.45,89.42984,0.0,1001.03436
2024-01-04 08:00:00+00:00,4.95,89.70526,0.0,1001.4301
2024-01-04 09:00:00+00:00,4.95,90.33994,0.0,1001.6297
2024-01-04 10:00:00+00:00,6.1,87.31625,0.0,1001.6378
2024-01-04 11:00:00+00:00,7.25,83.84837,0.0,1001.3466
2024-01-04 12:00:00+00:00,8.05,81.642815,0.0,1000.6532
2024-01-04 13:00:00+00:00,8.25,82.81082,0.0,999.75653
2024-01-04 14:00:00+00:00,8.2,84.54382,0.0,998.75824
2024-01-04 15:00:00+00:00,7.95,87.49105,0.3,997.65845
2024-01-04 16:00:00+00:00,7.6,90.846504,1.6,996.5581
2024-01-04 17:00:00+00:00,7.65,90.22567,4.8,995.4609
2024-01-04 18:00:00+00:00,7.1,90.49763,8.0,993.06146
2024-01-04 19:00:00+00:00,7.25,92.404144,6.3,991.56573
2024-01-04 20:00:00+00:00,7.55,94.02451,1.0,990.46967
2024-01-04 21:00:00+00:00,7.2,95.31162,1.2,989.86865
2024-01-04 22:00:00+00:00,5.95,94.27713,4.5,989.8599
2024-01-04 23:00:00+00:00,5.0,97.589226,2.6,989.75336
2024-01-05 00:00:00+00:00,4.4,95.542816,0.6,990.1485
2024-01-05 01:00:00+00:00,5.85,91.3596,0.3,990.5576
2024-01-05 02:00:00+00:00,5.35,89.42176,0.2,991.65204
2024-01-05 03:00:00+00:00,5.3,89.41774,0.4,993.2487
2024-01-05 04:00:00+00:00,5.55,90.06786,0.2,994.1487
2024-01-05 05:00:00+00:00,5.6,91.984505,0.2,994.9475
2024-01-05 06:00:00+00:00,5.65,90.70889,0.1,995.7463
2024-01-05 07:00:00+00:00,5.5,90.06407,0.0,996.84314
2024-01-05 08:00:00+00:00,5.25,90.36217,0.0,997.7395
2024-01-05 09:00:00+00:00,5.1,91.30949,0.0,998.73663
2024-01-05 10:00:00+00:00,5.2,90.67672,0.0,999.43585
2024-01-05 11:00:00+00:00,5.65,88.198586,0.0,1000.2375
2024-01-05 12:00:00+00:00,6.35,84.925896,0.0,1000.4421
2024-01-05 13:00:00+00:00,6.8,82.33877,0.0,1000.6448
2024-01-05 14:00:00+00:00,7.05,79.53027,0.0,1001.04553
2024-01-05 15:00:00+00:00,6.8,81.19005,0.0,1001.8424
2024-01-05 16:00:00+00:00,6.05,84.5941,0.0,1002.6355
2024-01-05 17:00:00+00:00,6.2,83.7231,0.0,1003.43494
2024-01-05 18:00:00+00:00,6.4,81.70949,0.0,1004.23505
2024-01-05 19:00:00+00:00,6.35,82.86211,0.0,1004.8335
2024-01-05 20:00:00+00:00,5.8,87.28757,0.0,1005.5281
2024-01-05 21:00:00+00:00,5.05,90.98555,0.0,1006.12146
2024-01-05 22:00:00+00:00,4.5,92.24082,0.0,1006.61664
2024-01-05 23:00:00+00:00,4.65,90.31763,0.1,1007.11664
2024-01-06 00:00:00+00:00,4.2,93.205765,0.0,1007.71234
2024-01-06 01:00:00+00:00,5.0,90.66235,0.0,1008.21704
2024-01-06 02:00:00+00:00,4.75,92.255875,0.0,1008.7145
2024-01-06 03:00:00+00:00,4.35,93.87351,0.0,1009.31036
2024-01-06 04:00:00+00:00,4.2,94.198105,0.0,1009.8082
2024-01-06 05:00:00+00:00,4.2,93.86629,0.0,1010.30725
2024-01-06 06:00:00+00:00,4.5,91.2691,0.0,1010.8084
2024-01-06 07:00:00+00:00,3.8,92.854744,0.0,1012.001
2024-01-06 08:00:00+00:00,4.0,91.559326,0.0,1012.7012
2024-01-06 09:00:00+00:00,4.75,86.87795,0.0,1013.505
2024-01-06 10:00:00+00:00,5.2,84.79652,0.0,1014.2068
2024-01-06 11:00:00+00:00,5.9,83.098404,0.0,1014.8108
2024-01-06 12:00:00+00:00,6.35,78.5885,0.0,1015.11334
2024-01-06 13:00:00+00:00,6.3,78.58083,0.1,1015.4124
2024-01-06 14:00:00+00:00,6.35,77.75758,0.0,1015.5126
2024-01-06 15:00:00+00:00,6.1,77.167564,0.0,1016.10944
2024-01-06 16:00:00+00:00,4.9,84.16239,0.0,1016.7995
2024-01-06 17:00:00+00:00,4.35,85.61053,0.0,1017.49426
2024-01-06 18:00:00+00:00,4.55,83.52341,0.0,1017.9946
2024-01-06 19:00:00+00:00,4.45,84.40983,0.0,1018.39325
2024-01-06 20:00:00+00:00,3.75,89.61,0.0,1018.8871
2024-01-06 21:00:00+00:00,4.1,89.63791,0.0,1019.2889
2024-01-06 22:00:00+00:00,4.1,89.63791,0.0,1019.4885
2024-01-06 23:00:00+00:00,3.8,90.254005,0.0,1019.88544
2024-01-07 00:00:00+00:00,4.0,85.57265,0.0,1020.48584
2024-01-07 01:00:00+00:00,4.0,79.07594,0.0,1020.98486
2024-01-07 02:00:00+00:00,2.9,81.23491,0.0,1021.37604
2024-01-07 03:00:00+00:00,2.75,76.33685,0.0,1021.67426
2024-01-07 04:00:00+00:00,2.25,75.694084,0.0,1021.7705
2024-01-07 05:00:00+00:00,1.8,76.175514,0.0,1022.26605
2024-01-07 06:00:00+00:00,1.7,77.86026,0.0,1022.8642
2024-01-07 07:00:00+00:00,1.7,79.59576,0.0,1023.463
2024-01-07 08:00:00+00:00,1.45,83.1385,0.0,1023.96
2024-01-07 09:00:00+00:00,1.8,84.40443,0.0,1024.5614
2024-01-07 10:00:00+00:00,3.25,78.39101,0.0,1025.0713
2024-01-07 11:00:00+00:00,4.05,71.191444,0.0,1025.3766
2024-01-07 12:00:00+00:00,4.5,60.2127,0.0,1025.3798
2024-01-07 13:00:00+00:00,4.7,64.86772,0.0,1025.4811
2024-01-07 14:00:00+00:00,4.4,66.729256,0.0,1025.5787
2024-01-07 15:00:00+00:00,3.85,67.59451,0.0,1026.1733
2024-01-07 16:00:00+00:00,3.15,67.1934,0.0,1026.7671
2024-01-07 17:00:00+00:00,3.45,66.51867,0.0,1027.2683
2024-01-07 18:00:00+00:00,3.6,68.793785,0.0,1027.8684
2024-01-07 19:00:00+00:00,3.4,73.71085,0.0,1028.4656
2024-01-07 20:00:00+00:00,3.05,76.10936,0.0,1028.7625
2024-01-07 21:00:00+00:00,3.1,76.39591,0.0,1028.9623
2024-01-07 22:00:00+00:00,2.9,74.432335,0.0,1029.3602
2024-01-07 23:00:00+00:00,3.05,71.516594,0.0,1029.5608
2024-01-08 00:00:00+00:00,2.65,70.13175,0.0,1029.9572
2024-01-08 01:00:00+00:00,2.3,67.506714,0.0,1029.9546
2024-01-08 02:00:00+00:00,1.95,68.95469,0.0,1029.9519
2024-01-08 03:00:00+00:00,2.65,67.332855,0.0,1029.9572
2024-01-08 04:00:00+00:00,2.75,67.855896,0.0,1030.0576
2024-01-08 05:00:00+00:00,2.05,71.58358,0.0,1030.2521
2024-01-08 06:00:00+00:00,1.6,71.76087,0.0,1030.5481
2024-01-08 07:00:00+00:00,1.3,72.77725,0.0,1030.5459
2024-01-08 08:00:00+00:00,1.1,71.93021,0.0,1030.4446
2024-01-08 09:00:00+00:00,1.4,71.9889,0.0,1030.4468
2024-01-08 10:00:00+00:00,2.55,69.08122,0.0,1030.3557
2024-01-08 11:00:00+00:00,3.3,67.474945,0.0,1030.2615
2024-01-08 12:00:00+00:00,3.25,68.46704,0.10000001,1029.8618
2024-01-08 13:00:00+00:00,2.7,68.09694,0.1,1029.8577
2024-01-08 14:00:00+00:00,2.4,74.06907,0.1,1029.2567
2024-01-08 15:00:00+00:00,2.05,72.11551,0.1,1029.1542
2024-01-08 16:00:00+00:00,1.6,69.91583,0.0,1029.1509
2024-01-08 17:00:00+00:00,1.05,74.09582,0.0,1029.4462
2024-01-08 18:00:00+00:00,1.35,72.78679,0.0,1029.3488
2024-01-08 19:00:00+00:00,1.3,74.417244,0.0,1029.5479
2024-01-08 20:00:00+00:00,1.35,72.78679,0.0,1029.5482
2024-01-08 21:00:00+00:00,1.6,68.11305,0.0,1029.8496
2024-01-08 22:00:00+00:00,1.25,67.528915,0.0,1029.9468
2024-01-08 23:00:00+00:00,0.75,70.2647,0.0,1029.943
2024-01-09 00:00:00+00:00,0.95,69.25994,0.0,1029.8447
2024-01-09 01:00:00+00:00,1.45,70.145996,0.0,1029.1497
2024-01-09 02:00:00+00:00,1.45,69.88482,0.0,1029.0499
2024-01-09 03:00:00+00:00,1.65,68.89116,0.0,1028.9517
2024-01-09 04:00:00+00:00,1.7,69.67653,0.0,1028.7526
2024-01-09 05:00:00+00:00,1.55,72.28622,0.0,1028.7515
2024-01-09 06:00:00+00:00,1.2,73.84849,0.0,1029.0483
2024-01-09 07:00:00+00:00,1.0,74.08664,0.0,1029.1465
2024-01-09 08:00:00+00:00,1.25,72.49743,0.0,1029.348
2024-01-09 09:00:00+00:00,1.3,72.50706,0.0,1029.7476
2024-01-09 10:00:00+00:00,1.8,71.53424,0.0,1029.9507
2024-01-09 11:00:00+00:00,2.45,66.04862,0.0,1029.8557
2024-01-09 12:00:00+00:00,2.7,64.8865,0.0,1029.658
2024-01-09 13:00:00+00:00,4.0,66.396255,0.0,1028.6696
2024-01-09 14:00:00+00:00,3.6,68.793785,0.0,1028.567
2024-01-09 15:00:00+00:00,2.9,71.48706,0.0,1028.3622
2024-01-09 16:00:00+00:00,1.8,74.78346,0.0,1028.2542
2024-01-09 17:00:00+00:00,1.15,74.66675,0.0,1028.5486
2024-01-09 18:00:00+00:00,0.7,73.75581,0.0,1028.6451
2024-01-09 19:00:00+00:00,0.65,72.6527,0.0,1028.7446
2024-01-09 20:00:00+00:00,0.85,74.33539,0.0,1028.4465
2024-01-09 21:00:00+00:00,1.0,77.460396,0.0,1028.5477
2024-01-09 22:00:00+00:00,1.0,76.32097,0.0,1028.5477
2024-01-09 23:00:00+00:00,0.75,75.43227,0.0,1028.5458
2024-01-10 00:00:00+00:00,0.45,76.796776,0.0,1028.5435
2024-01-10 01:00:00+00:00,1.6,82.25015,0.0,1027.7538
2024-01-10 02:00:00+00:00,1.25,84.33962,0.0,1027.6512
2024-01-10 03:00:00+00:00,1.1,84.63131,0.0,1027.4506
2024-01-10 04:00:00+00:00,0.85,86.48324,0.0,1027.3488
2024-01-10 05:00:00+00:00,0.75,88.39232,0.0,1027.5477
2024-01-10 06:00:00+00:00,0.75,88.715866,0.0,1027.448
2024-01-10 07:00:00+00:00,0.7,88.0652,0.0,1027.3478
2024-01-10 08:00:00+00:00,0.65,85.83056,0.0,1027.6467
2024-01-10 09:00:00+00:00,1.1,79.79952,0.0,1027.65
2024-01-10 10:00:00+00:00,2.4,72.18336,0.0,1027.7596
2024-01-10 11:00:00+00:00,3.5,68.5202,0.0,1027.7677
2024-01-10 12:00:00+00:00,4.2,65.95452,0.0,1027.4734
2024-01-10 13:00:00+00:00,4.75,57.65424,0.0,1026.5792
2024-01-10 14:00:00+00:00,4.75,57.65424,0.0,1026.18
2024-01-10 15:00:00+00:00,4.15,60.12493,0.0,1026.2754
2024-01-10 16:00:00+00:00,2.95,60.7258,0.0,1026.566
2024-01-10 17:00:00+00:00,2.1,62.363403,0.0,1027.0586
2024-01-10 18:00:00+00:00,1.55,66.092064,0.0,1027.4541
2024-01-10 19:00:00+00:00,1.1,71.93021,0.0,1027.8497
2024-01-10 20:00:00+00:00,1.1,76.62127,0.0,1028.149
2024-01-10 21:00:00+00:00,1.25,79.235916,0.0,1028.6493
2024-01-10 22:00:00+00:00,1.4,80.72912,0.0,1029.0496
2024-01-10 23:00:00+00:00,1.15,83.71219,0.0,1029.5465
2024-01-11 00:00:00+00:00,0.7,87.1036,0.0,1030.1421
2024-01-11 01:00:00+00:00,0.0,90.62434,0.0,1030.3367
2024-01-11 02:00:00+00:00,-0.25,90.605896,0.0,1030.9335
2024-01-11 03:00:00+00:00,-0.45,91.26009,0.0,1031.4309
2024-01-11 04:00:00+00:00,-0.7,91.24283,0.0,1032.0277
2024-01-11 05:00:00+00:00,-0.85,91.56959,0.0,1032.5258
2024-01-11 06:00:00+00:00,-0.75,91.57626,0.0,1032.9257
2024-01-11 07:00:00+00:00,-0.45,91.26009,0.0,1033.5266
2024-01-11 08:00:00+00:00,-0.45,90.59112,0.0,1033.8262
2024-01-11 09:00:00+00:00,0.2,88.01898,0.0,1034.4297
2024-01-11 10:00:00+00:00,1.65,86.565605,0.0,1034.9398
2024-01-11 11:00:00+00:00,3.65,82.51806,0.0,1035.2542
2024-01-11 12:00:00+00:00,5.05,76.17242,0.0,1035.1643
2024-01-11 13:00:00+00:00,4.2,74.936104,0.0,1035.8568
2024-01-11 14:00:00+00:00,4.6,73.66358,0.0,1035.76
2024-01-11 15:00:00+00:00,4.85,76.68807,0.0,1035.9614
2024-01-11 16:00:00+00:00,4.75,82.659424,0.0,1035.8611
2024-01-11 17:00:00+00:00,4.85,85.66438,0.0,1035.8617
2024-01-11 18:00:00+00:00,4.9,88.44331,0.0,1035.862
2024-01-11 19:00:00+00:00,4.95,86.89774,0.0,1035.6627
2024-01-11 20:00:00+00:00,5.15,85.091805,0.0,1035.864
2024-01-11 21:00:00+00:00,5.15,86.91747,0.0,1035.9637
2024-01-11 22:00:00+00:00,5.5,87.56663,0.0,1035.9664
2024-01-11 23:00:00+00:00,5.35,89.73672,0.0,1035.8652
2024-01-12 00:00:00+00:00,5.45,88.49153,0.0,1035.6663
2024-01-12 01:00:00+00:00,4.75,85.653625,0.0,1035.8611
2024-01-12 02:00:00+00:00,4.4,84.40401,0.0,1035.7587
2024-01-12 03:00:00+00:00,3.85,87.41024,0.0,1035.6545
2024-01-12 04:00:00+00:00,3.9,86.17563,0.0,1035.4553
2024-01-12 05:00:00+00:00,4.2,84.38074,0.0,1035.258
2024-01-12 06:00:00+00:00,4.55,83.52341,0.0,1035.061
2024-01-12 07:00:00+00:00,4.7,84.13885,0.0,1034.7628
2024-01-12 08:00:00+00:00,4.8,85.35543,0.0,1034.8634
2024-01-12 09:00:00+00:00,5.15,85.091805,0.0,1035.0656
2024-01-12 10:00:00+00:00,5.85,82.21578,0.0,1034.771
2024-01-12 11:00:00+00:00,6.55,78.06491,0.0,1034.6763
2024-01-12 12:00:00+00:00,6.8,73.80019,0.0,1034.3789
2024-01-12 13:00:00+00:00,6.05,81.95184,0.0,1033.8744
2024-01-12 14:00:00+00:00,6.05,80.80113,0.0,1033.0758
2024-01-12 15:00:00+00:00,6.05,81.08746,0.0,1032.6766
2024-01-12 16:00:00+00:00,5.6,84.5426,0.0,1032.6735
2024-01-12 17:00:00+00:00,5.25,87.852455,0.0,1032.571
2024-01-12 18:00:00+00:00,5.05,90.029755,0.0,1032.2701
2024-01-12 19:00:00+00:00,4.85,91.93782,0.0,1031.7698
2024-01-12 20:00:00+00:00,4.5,94.876976,0.0,1031.4677
2024-01-12 21:00:00+00:00,4.7,93.23228,0.0,1030.9703
2024-01-12 22:00:00+00:00,4.55,93.8831,0.0,1030.7695
2024-01-12 23:00:00+00:00,4.4,94.53956,0.0,1030.2695
2024-01-13 00:00:00+00:00,4.25,95.20168,0.0,1029.9688
2024-01-13 01:00:00+00:00,4.05,88.36822,0.0,1029.2689
2024-01-13 02:00:00+00:00,3.9,86.17563,0.0,1028.6686
2024-01-13 03:00:00+00:00,3.75,85.85226,0.0,1027.8693
2024-01-13 04:00:00+00:00,3.45,86.43794,0.0,1027.0686
2024-01-13 05:00:00+00:00,3.15,89.241875,0.0,1026.5674
2024-01-13 06:00:00+00:00,3.25,90.21252,0.0,1026.5682
2024-01-13 07:00:00+00:00,3.1,87.33821,0.0,1025.7687
2024-01-13 08:00:00+00:00,1.7,87.837585,0.0,1025.6586
2024-01-13 09:00:00+00:00,1.5,85.60941,0.0,1025.2577
2024-01-13 10:00:00+00:00,2.35,81.75188,0.0,1024.865
2024-01-13 11:00:00+00:00,3.0,81.54355,0.0,1024.4706
2024-01-13 12:00:00+00:00,3.5,80.73258,0.0,1023.87537
2024-01-13 13:00:00+00:00,3.3,82.77078,0.0,1022.97577
2024-01-13 14:00:00+00:00,3.65,82.22166,0.0,1022.0801
2024-01-13 15:00:00+00:00,3.85,81.9528,0.0,1021.3829
2024-01-13 16:00:00+00:00,3.75,82.82814,0.0,1020.9829
2024-01-13 17:00:00+00:00,3.45,85.20643,0.0,1020.68134
2024-01-13 18:00:00+00:00,3.25,86.72816,0.0,1020.38055
2024-01-13 19:00:00+00:00,3.2,87.661705,0.0,1019.7815
2024-01-13 20:00:00+00:00,3.25,87.98115,0.0,1019.2827
2024-01-13 21:00:00+00:00,3.15,89.241875,0.0,1018.58325
2024-01-13 22:00:00+00:00,2.95,90.51331,0.0,1018.0829
2024-01-13 23:00:00+00:00,3.05,90.52067,0.0,1017.38495
2024-01-14 00:00:00+00:00,2.7,92.46145,0.0,1016.7835
2024-01-14 01:00:00+00:00,2.9,91.16002,0.0,1016.18634
2024-01-14 02:00:00+00:00,3.05,90.52067,0.0,1015.788
2024-01-14 03:00:00+00:00,3.05,91.17035,0.2,1015.1893
2024-01-14 04:00:00+00:00,3.05,92.1526,0.1,1014.79004
2024-01-14 05:00:00+00:00,3.05,92.812645,0.0,1013.792
2024-01-14 06:00:00+00:00,2.2,95.806564,0.0,1013.1872
2024-01-14 07:00:00+00:00,1.6,96.82477,0.0,1012.6837
2024-01-14 08:00:00+00:00,1.85,96.484604,0.0,1012.486
2024-01-14 09:00:00+00:00,2.6,94.12443,0.0,1012.49146
2024-01-14 10:00:00+00:00,3.65,87.70395,0.0,1012.00006
2024-01-14 11:00:00+00:00,4.5,84.41563,0.1,1011.70667
2024-01-14 12:00:00+00:00,4.85,80.92165,0.1,1010.91077
2024-01-14 13:00:00+00:00,5.55,75.7128,0.0,1010.1173
2024-01-14 14:00:00+00:00,5.7,69.98606,0.0,1009.5195
2024-01-14 15:00:00+00:00,5.6,68.71308,0.0,1009.1196
2024-01-14 16:00:00+00:00,3.9,79.0608,0.0,1008.8079
2024-01-14 17:00:00+00:00,4.55,78.592545,0.0,1008.6131
2024-01-14 18:00:00+00:00,4.5,82.62744,0.2,1008.61273
2024-01-14 19:00:00+00:00,4.3,88.70476,0.7,1008.412
2024-01-14 20:00:00+00:00,4.05,87.741325,0.1,1008.3102
2024-01-14 21:00:00+00:00,2.85,91.1566,0.0,1008.2019
2024-01-14 22:00:00+00:00,2.8,90.82719,0.1,1008.3011
2024-01-14 23:00:00+00:00,2.4,91.78252,0.0,1008.1984
2024-01-15 00:00:00+00:00,0.9,94.0446,0.0,1008.08777
2024-01-15 01:00:00+00:00,0.25,91.978004,0.0,1007.983
2024-01-15 02:00:00+00:00,-0.45,91.93345,0.0,1007.6785
2024-01-15 03:00:00+00:00,-0.95,90.889206,0.0,1007.67474
2024-01-15 04:00:00+00:00,-1.25,90.196785,0.0,1007.67255
2024-01-15 05:00:00+00:00,-1.25,90.196785,0.0,1007.37317
2024-01-15 06:00:00+00:00,-1.1,91.215096,0.0,1007.27454
2024-01-15 07:00:00+00:00,-1.3,88.864,0.0,1007.4726
2024-01-15 08:00:00+00:00,-1.7,86.21573,0.0,1007.7692
2024-01-15 09:00:00+00:00,-0.95,83.45194,0.0,1008.37335
2024-01-15 10:00:00+00:00,0.55,83.024315,0.0,1008.6839
2024-01-15 11:00:00+00:00,1.6,78.41931,0.0,1009.0908
2024-01-15 12:00:00+00:00,2.05,68.21013,0.0,1009.2937
2024-01-15 13:00:00+00:00,2.45,58.1392,0.0,1009.5958
2024-01-15 14:00:00+00:00,2.2,57.85441,0.0,1009.3947
2024-01-15 15:00:00+00:00,1.6,60.38669,0.0,1009.49005
2024-01-15 16:00:00+00:00,0.0,64.49988,0.0,1010.0772
2024-01-15 17:00:00+00:00,-1.65,71.11206,0.0,1010.7634
2024-01-15 18:00:00+00:00,-2.45,73.72373,0.0,1011.2564
2024-01-15 19:00:00+00:00,-3.0,73.619804,0.0,1011.5517
2024-01-15 20:00:00+00:00,-3.6,75.51883,0.0,1011.6467
2024-01-15 21:00:00+00:00,-3.95,78.42366,0.0,1011.64417
2024-01-15 22:00:00+00:00,-3.75,80.28322,0.0,1011.9451
2024-01-15 23:00:00+00:00,-4.0,85.31461,0.0,1012.0431
2024-01-16 00:00:00+00:00,-4.5,87.90654,0.0,1011.93945
2024-01-16 01:00:00+00:00,-4.35,89.27107,0.0,1011.2418
2024-01-16 02:00:00+00:00,-4.35,90.63975,0.0,1010.8427
2024-01-16 03:00:00+00:00,-4.35,92.02703,0.0,1010.64307
2024-01-16 04:00:00+00:00,-4.05,91.69849,0.0,1010.2464
2024-01-16 05:00:00+00:00,-3.95,92.052666,0.0,1009.5484
2024-01-16 06:00:00+00:00,-3.75,92.06543,0.0,1009.05096
2024-01-16 07:00:00+00:00,-3.15,90.38814,0.0,1009.0554
2024-01-16 08:00:00+00:00,-4.15,92.73948,0.0,1008.9481
2024-01-16 09:00:00+00:00,-2.95,88.385414,0.0,1008.75775
2024-01-16 10:00:00+00:00,-0.95,76.560196,0.0,1008.1737
2024-01-16 11:00:00+00:00,1.05,68.249565,0.0,1007.6896
2024-01-16 12:00:00+00:00,2.4,63.616806,0.0,1006.901
2024-01-16 13:00:00+00:00,3.75,52.833508,0.0,1005.91266
2024-01-16 14:00:00+00:00,3.8,57.191444,0.0,1004.7154
2024-01-16 15:00:00+00:00,3.05,62.128445,0.0,1004.3108
2024-01-16 16:00:00+00:00,0.35,69.91873,0.0,1003.7923
2024-01-16 17:00:00+00:00,-0.85,70.46682,0.0,1003.2845
2024-01-16 18:00:00+00:00,-1.2,72.56883,0.0,1002.5831
2024-01-16 19:00:00+00:00,-1.6,77.321945,0.0,1001.9815
2024-01-16 20:00:00+00:00,-2.2,82.66843,0.0,1001.2785
2024-01-16 21:00:00+00:00,-2.9,84.47513,0.0,1000.47473
2024-01-16 22:00:00+00:00,-1.6,79.39292,0.0,999.5863
2024-01-16 23:00:00+00:00,-0.4,74.38536,0.0,998.6969
2024-01-17 00:00:00+00:00,-0.45,78.094154,0.0,997.8982
2024-01-17 01:00:00+00:00,-0.65,85.688995,0.0,996.8986
2024-01-17 02:00:00+00:00,0.05,79.05238,0.0,995.906
2024-01-17 03:00:00+00:00,-0.8,85.67254,0.0,994.60223
2024-01-17 04:00:00+00:00,-1.15,89.5386,0.0,993.4022
2024-01-17 05:00:00+00:00,-0.55,88.92904,0.0,992.50836
2024-01-17 06:00:00+00:00,-1.15,92.22868,0.0,991.6058
2024-01-17 07:00:00+00:00,-1.05,94.29766,0.0,990.6084
2024-01-17 08:00:00+00:00,-0.75,94.31139,0.0,990.4111
2024-01-17 09:00:00+00:00,-0.25,92.284035,0.0,989.8159
2024-01-17 10:00:00+00:00,0.6,88.37883,0.0,989.423
2024-01-17 11:00:00+00:00,1.6,82.85402,0.0,989.2304
2024-01-17 12:00:00+00:00,2.4,71.652466,0.0,988.73706
2024-01-17 13:00:00+00:00,2.15,75.95549,0.0,988.33594
2024-01-17 14:00:00+00:00,2.0,77.90831,0.0,988.1354
2024-01-17 15:00:00+00:00,2.05,79.35699,0.0,988.2356
2024-01-17 16:00:00+00:00,2.2,80.254456,0.0,988.93536
2024-01-17 17:00:00+00:00,2.0,81.40679,0.0,989.6324
2024-01-17 18:00:00+00:00,1.35,84.04355,0.0,990.52606
2024-01-17 19:00:00+00:00,0.85,83.0625,0.0,991.1211
2024-01-17 20:00:00+00:00,-0.3,84.15489,0.0,991.9114
2024-01-17 21:00:00+00:00,-1.45,86.2423,0.0,992.70135
2024-01-17 22:00:00+00:00,-2.35,87.12275,0.0,993.6925
2024-01-17 23:00:00+00:00,-3.15,86.06017,0.0,994.3852
2024-01-18 00:00:00+00:00,-3.7,81.84185,0.0,995.0797
2024-01-18 01:00:00+00:00,-3.45,71.84851,0.0,995.6804
2024-01-18 02:00:00+00:00,-3.7,71.520424,0.0,996.37714
2024-01-18 03:00:00+00:00,-4.05,71.44953,0.0,997.173
2024-01-18 04:00:00+00:00,-4.35,71.6676,0.0,997.9689
2024-01-18 05:00:00+00:00,-4.25,70.57808,0.0,998.6684
2024-01-18 06:00:00+00:00,-4.4,69.997314,0.0,999.3657
2024-01-18 07:00:00+00:00,-4.75,69.64936,0.0,1000.26135
2024-01-18 08:00:00+00:00,-5.05,69.03942,0.0,1001.55615
2024-01-18 09:00:00+00:00,-3.35,63.20117,0.0,1002.6669
2024-01-18 10:00:00+00:00,-1.25,60.356327,0.0,1003.7804
2024-01-18 11:00:00+00:00,0.5,60.10756,0.0,1004.79126
2024-01-18 12:00:00+00:00,1.45,65.57493,0.0,1005.4968
2024-01-18 13:00:00+00:00,2.15,60.525303,0.0,1006.4001
2024-01-18 14:00:00+00:00,2.5,60.158978,0.0,1007.0018
2024-01-18 15:00:00+00:00,2.1,63.070274,0.0,1008.0963
2024-01-18 16:00:00+00:00,-0.35,75.804596,0.0,1009.27594
2024-01-18 17:00:00+00:00,-1.85,82.094246,0.0,1010.36273
2024-01-18 18:00:00+00:00,-2.45,83.89338,0.0,1011.2564
2024-01-18 19:00:00+00:00,-2.9,83.52082,0.0,1012.3507
2024-01-18 20:00:00+00:00,-3.45,82.5031,0.0,1013.3446
2024-01-18 21:00:00+00:00,-3.8,85.01289,0.0,1014.24023
2024-01-18 22:00:00+00:00,-3.65,86.33336,0.0,1014.7402
2024-01-18 23:00:00+00:00,-3.6,87.32726,0.0,1015.0398
2024-01-19 00:00:00+00:00,-3.5,87.00678,0.0,1015.6396
2024-01-19 01:00:00+00:00,-2.85,87.40136,0.0,1016.14343
2024-01-19 02:00:00+00:00,-2.9,87.72652,0.0,1016.5422
2024-01-19 03:00:00+00:00,-3.0,88.38086,0.0,1017.14044
2024-01-19 04:00:00+00:00,-3.05,88.71006,0.0,1017.5392
2024-01-19 05:00:00+00:00,-3.2,89.03197,0.0,1017.9372
2024-01-19 06:00:00+00:00,-3.55,89.33889,0.0,1018.2341
2024-01-19 07:00:00+00:00,-3.7,90.00493,0.0,1018.83154
2024-01-19 08:00:00+00:00,-3.75,90.00095,0.0,1019.33014
2024-01-19 09:00:00+00:00,-2.5,87.107704,0.0,1019.739
2024-01-19 10:00:00+00:00,-0.5,78.37895,0.0,1020.2529
2024-01-19 11:00:00+00:00,1.6,69.13809,0.0,1020.568
2024-01-19 12:00:00+00:00,3.35,62.43341,0.0,1020.3813
2024-01-19 13:00:00+00:00,4.25,61.730675,0.0,1020.687
2024-01-19 14:00:00+00:00,4.75,57.227386,0.0,1020.2917
2024-01-19 15:00:00+00:00,4.2,59.03034,0.0,1020.68677
2024-01-19 16:00:00+00:00,1.65,75.58983,0.0,1021.26697
2024-01-19 17:00:00+00:00,-0.2,83.85573,0.0,1021.5526
2024-01-19 18:00:00+00:00,-0.6,85.06108,0.0,1022.1485
2024-01-19 19:00:00+00:00,-0.75,87.605484,0.0,1022.4467
2024-01-19 20:00:00+00:00,-0.6,87.61988,0.0,1022.5477
2024-01-19 21:00:00+00:00,-0.7,86.963806,0.0,1022.7464
2024-01-19 22:00:00+00:00,-0.75,86.316284,0.0,1022.94574
2024-01-19 23:00:00+00:00,-0.95,85.33804,0.0,1023.14355
2024-01-20 00:00:00+00:00,-0.95,84.70518,0.0,1023.24347
2024-01-20 01:00:00+00:00,-0.8,86.63185,0.0,1023.3446
2024-01-20 02:00:00+00:00,-0.15,88.31109,0.0,1023.2496
2024-01-20 03:00:00+00:00,1.1,86.50906,0.0,1023.3587
2024-01-20 04:00:00+00:00,1.45,83.74888,0.0,1023.2615
2024-01-20 05:00:00+00:00,1.15,84.01949,0.0,1023.25916
2024-01-20 06:00:00+00:00,1.35,82.51902,0.0,1023.36066
2024-01-20 07:00:00+00:00,1.75,81.96979,0.0,1023.2637
2024-01-20 08:00:00+00:00,1.55,85.614876,0.0,1023.36224
2024-01-20 09:00:00+00:00,2.75,81.50949,0.0,1023.57043
2024-01-20 10:00:00+00:00,3.75,77.341255,0.0,1023.47797
2024-01-20 11:00:00+00:00,4.7,70.03639,0.0,1023.08575
2024-01-20 12:00:00+00:00,4.85,71.60794,0.0,1022.3882
2024-01-20 13:00:00+00:00,5.15,73.23468,0.0,1021.9913
2024-01-20 14:00:00+00:00,4.95,70.341835,0.0,1021.291
2024-01-20 15:00:00+00:00,4.3,67.9401,0.0,1020.8874
2024-01-20 16:00:00+00:00,3.55,67.529366,0.0,1020.283
2024-01-20 17:00:00+00:00,2.65,65.848366,0.0,1020.0767
2024-01-20 18:00:00+00:00,2.55,60.853912,0.0,1019.47723
2024-01-20 19:00:00+00:00,2.6,59.958355,0.0,1018.6792
2024-01-20 20:00:00+00:00,2.7,64.16499,0.0,1018.1808
2024-01-20 21:00:00+00:00,3.75,61.15201,0.0,1016.59155
2024-01-20 22:00:00+00:00,4.25,54.384537,0.0,1015.49725
2024-01-20 23:00:00+00:00,4.3,52.194096,0.0,1014.20056
2024-01-21 00:00:00+00:00,4.4,54.62975,0.0,1013.8019
2024-01-21 01:00:00+00:00,4.3,66.2196,0.0,1013.3023
2024-01-21 02:00:00+00:00,4.4,67.21978,0.0,1012.50446
2024-01-21 03:00:00+00:00,4.15,74.11682,0.3,1011.5045
2024-01-21 04:00:00+00:00,4.7,82.06525,0.0,1010.51056
2024-01-21 05:00:00+00:00,6.05,85.49146,0.0,1009.6218
2024-01-21 06:00:00+00:00,7.6,87.7616,0.0,1009.1336
2024-01-21 07:00:00+00:00,8.95,88.4883,0.0,1009.84174
2024-01-21 08:00:00+00:00,9.7,88.25194,0.0,1010.446
2024-01-21 09:00:00+00:00,9.6,87.94314,0.0,1010.84424
2024-01-21 10:00:00+00:00,10.5,84.514175,0.0,1011.3497
2024-01-21 11:00:00+00:00,11.05,82.874214,0.0,1011.7526
2024-01-21 12:00:00+00:00,11.75,81.29616,0.0,1011.0588
2024-01-21 13:00:00+00:00,11.75,82.12445,0.0,1010.16046
2024-01-21 14:00:00+00:00,11.35,84.32438,0.0,1008.95996
2024-01-21 15:00:00+00:00,10.95,82.58105,0.0,1008.4584
2024-01-21 16:00:00+00:00,10.55,81.97025,0.0,1007.5572
2024-01-21 17:00:00+00:00,10.7,77.89487,0.0,1006.4603
2024-01-21 18:00:00+00:00,11.15,74.5716,0.0,1004.6668
2024-01-21 19:00:00+00:00,11.35,76.15379,0.3,1003.4705
2024-01-21 20:00:00+00:00,11.3,78.25358,0.2,1002.9711
2024-01-21 21:00:00+00:00,11.4,79.61148,0.3,1001.2751
2024-01-21 22:00:00+00:00,11.7,81.01496,0.2,1000.17926
2024-01-21 23:00:00+00:00,11.45,86.93147,0.9,998.7801
2024-01-22 00:00:00+00:00,11.6,88.416664,1.0,997.6835
2024-01-22 01:00:00+00:00,11.9,88.44237,0.3,995.5894
2024-01-22 02:00:00+00:00,12.4,85.867485,0.3,995.29346
2024-01-22 03:00:00+00:00,12.05,82.4399,0.0,996.5883
2024-01-22 04:00:00+00:00,10.95,87.17702,1.4,997.3797
2024-01-22 05:00:00+00:00,10.45,91.34954,1.7,998.77356
2024-01-22 06:00:00+00:00,9.95,86.49134,0.4,1000.16736
2024-01-22 07:00:00+00:00,8.6,85.46845,0.0,1002.0543
2024-01-22 08:00:00+00:00,8.0,85.99704,0.0,1003.54736
2024-01-22 09:00:00+00:00,8.0,83.937,0.0,1005.04443
2024-01-22 10:00:00+00:00,8.65,80.04031,0.0,1006.147
2024-01-22 11:00:00+00:00,9.35,74.5152,0.0,1006.8504
2024-01-22 12:00:00+00:00,9.7,71.030304,0.0,1007.05255
2024-01-22 13:00:00+00:00,10.3,66.58665,0.0,1006.857
2024-01-22 14:00:00+00:00,10.25,65.87983,0.0,1007.2557
2024-01-22 15:00:00+00:00,9.85,66.489105,0.0,1008.2512
2024-01-22 16:00:00+00:00,9.15,67.27977,0.0,1009.24445
2024-01-22 17:00:00+00:00,8.5,68.82494,0.0,1010.4375
2024-01-22 18:00:00+00:00,8.05,69.71337,0.0,1011.53204
2024-01-22 19:00:00+00:00,7.75,69.90029,0.0,1013.02734
2024-01-22 20:00:00+00:00,7.4,71.843414,0.0,1014.02277
2024-01-22 21:00:00+00:00,7.2,69.04608,0.0,1015.21924
2024-01-22 22:00:00+00:00,6.85,68.97366,0.0,1016.2147
2024-01-22 23:00:00+00:00,6.5,68.65401,0.0,1017.809
2024-01-23 00:00:00+00:00,6.1,68.323456,0.0,1019.1036
2024-01-23 01:00:00+00:00,5.75,76.836334,0.0,1019.7997
2024-01-23 02:00:00+00:00,5.35,80.130844,0.0,1020.3956
2024-01-23 03:00:00+00:00,4.9,83.863754,0.0,1021.09106
2024-01-23 04:00:00+00:00,4.45,87.46744,0.0,1021.5869
2024-01-23 05:00:00+00:00,4.4,89.66175,0.0,1021.886
2024-01-23 06:00:00+00:00,4.05,90.27279,0.0,1021.68384
2024-01-23 07:00:00+00:00,5.8,84.26776,0.0,1021.896
2024-01-23 08:00:00+00:00,6.6,83.47758,0.2,1021.40265
2024-01-23 09:00:00+00:00,7.25,90.50848,0.6,1021.0083
2024-01-23 10:00:00+00:00,8.4,92.78759,0.6,1020.2177
2024-01-23 11:00:00+00:00,9.3,92.83715,0.7,1018.82684
2024-01-23 12:00:00+00:00,9.55,89.75314,0.4,1016.9321
2024-01-23 13:00:00+00:00,9.95,89.177155,0.1,1015.0387
2024-01-23 14:00:00+00:00,10.95,90.162796,0.1,1014.0476
2024-01-23 15:00:00+00:00,11.5,90.80873,0.1,1013.15283
2024-01-23 16:00:00+00:00,11.95,91.75169,0.0,1012.3575
2024-01-23 17:00:00+00:00,12.3,91.16603,0.0,1012.45984
2024-01-23 18:00:00+00:00,12.45,91.47886,0.0,1012.1614
2024-01-23 19:00:00+00:00,12.55,91.18255,0.0,1011.9624
2024-01-23 20:00:00+00:00,12.5,91.482056,0.1,1011.16364
2024-01-23 21:00:00+00:00,12.55,91.18255,0.0,1010.6648
2024-01-23 22:00:00+00:00,12.85,90.00292,0.0,1010.7666
2024-01-23 23:00:00+00:00,12.95,88.23851,0.0,1011.2666
2024-01-24 00:00:00+00:00,12.25,84.42614,0.0,1011.9606
2024-01-24 01:00:00+00:00,11.95,85.82107,0.1,1011.9583
2024-01-24 02:00:00+00:00,11.45,83.20419,0.0,1012.75323
2024-01-24 03:00:00+00:00,10.65,81.983185,0.0,1013.64606
2024-01-24 04:00:00+00:00,9.55,82.68794,0.0,1014.8362
2024-01-24 05:00:00+00:00,9.0,80.36766,0.0,1016.3295
2024-01-24 06:00:00+00:00,8.35,81.96644,0.0,1017.82214
2024-01-24 07:00:00+00:00,8.25,80.82238,0.0,1019.0191
2024-01-24 08:00:00+00:00,8.25,80.82238,0.0,1020.21674
2024-01-24 09:00:00+00:00,8.55,79.471924,0.0,1020.91736
2024-01-24 10:00:00+00:00,9.55,75.06982,0.0,1021.9225
2024-01-24 11:00:00+00:00,10.3,71.89117,0.0,1022.7263
2024-01-24 12:00:00+00:00,10.7,71.47056,0.0,1023.1282
2024-01-24 13:00:00+00:00,10.8,66.00041,0.0,1023.528
2024-01-24 14:00:00+00:00,11.0,64.0017,0.0,1023.92896
2024-01-24 15:00:00+00:00,10.7,65.97854,0.0,1024.7251
2024-01-24 16:00:00+00:00,10.2,66.7985,0.0,1024.8214
2024-01-24 17:00:00+00:00,9.7,69.31383,0.0,1025.0178
2024-01-24 18:00:00+00:00,8.6,77.028145,0.0,1025.7084
2024-01-24 19:00:00+00:00,7.95,81.629555,0.0,1026.4026
2024-01-24 20:00:00+00:00,7.4,85.93454,0.0,1027.0973
2024-01-24 21:00:00+00:00,7.05,89.55776,0.0,1027.4939
2024-01-24 22:00:00+00:00,6.65,92.689705,0.0,1027.8904
2024-01-24 23:00:00+00:00,5.75,94.597115,0.0,1027.8839
2024-01-25 00:00:00+00:00,5.15,95.90372,0.0,1027.7799
2024-01-25 01:00:00+00:00,4.05,96.5459,0.0,1027.9714
2024-01-25 02:00:00+00:00,3.6,97.5621,0.0,1027.4692
2024-01-25 03:00:00+00:00,4.2,96.550026,0.0,1027.0741
2024-01-25 04:00:00+00:00,5.4,94.58228,0.0,1026.3843
2024-01-25 05:00:00+00:00,6.85,91.109344,0.0,1025.796
2024-01-25 06:00:00+00:00,7.6,94.67457,0.0,1025.1024
2024-01-25 07:00:00+00:00,8.55,93.75045,0.0,1024.71
2024-01-25 08:00:00+00:00,9.3,95.38761,0.0,1024.1166
2024-01-25 09:00:00+00:00,9.75,95.40366,0.0,1024.1198
2024-01-25 10:00:00+00:00,10.45,92.276924,0.0,1023.8253
2024-01-25 11:00:00+00:00,10.8,90.76024,0.0,1023.528
2024-01-25 12:00:00+00:00,11.8,84.9449,0.1,1022.7366
2024-01-25 13:00:00+00:00,11.65,87.24299,0.0,1022.4362
2024-01-25 14:00:00+00:00,11.55,87.52699,0.0,1021.83673
2024-01-25 15:00:00+00:00,11.65,87.24299,0.0,1021.3383
2024-01-25 16:00:00+00:00,11.15,89.87539,0.0,1021.03534
2024-01-25 17:00:00+00:00,10.7,92.601974,0.0,1020.93243
2024-01-25 18:00:00+00:00,10.4,93.83866,0.0,1020.631
2024-01-25 19:00:00+00:00,10.5,94.158875,0.0,1020.532
2024-01-25 20:00:00+00:00,10.7,95.1185,0.0,1019.9343
2024-01-25 21:00:00+00:00,11.25,93.56574,0.0,1019.1397
2024-01-25 22:00:00+00:00,11.4,93.261536,0.0,1018.5419
2024-01-25 23:00:00+00:00,11.35,92.329445,0.0,1017.9427
2024-01-26 00:00:00+00:00,11.4,90.80182,0.0,1017.2444
2024-01-26 01:00:00+00:00,11.8,91.742355,0.2,1016.2491
2024-01-26 02:00:00+00:00,11.65,92.65509,0.4,1015.25
2024-01-26 03:00:00+00:00,11.9,91.44358,0.0,1015.05206
2024-01-26 04:00:00+00:00,12.05,91.757904,0.0,1014.9531
2024-01-26 05:00:00+00:00,11.45,92.02744,0.8,1015.64764
2024-01-26 06:00:00+00:00,10.4,78.116165,0.2,1017.3374
2024-01-26 07:00:00+00:00,8.85,70.61596,0.0,1020.02136
2024-01-26 08:00:00+00:00,6.95,69.24157,0.0,1022.1038
2024-01-26 09:00:00+00:00,6.7,66.74992,0.0,1023.99817
2024-01-26 10:00:00+00:00,7.2,64.03842,0.0,1025.6987
2024-01-26 11:00:00+00:00,7.85,59.51817,0.0,1027.1006
2024-01-26 12:00:00+00:00,8.3,56.487022,0.0,1028.002
2024-01-26 13:00:00+00:00,8.65,53.781208,0.0,1028.8031
2024-01-26 14:00:00+00:00,8.65,55.364124,0.0,1029.3021
2024-01-26 15:00:00+00:00,8.4,57.33636,0.0,1029.8989
2024-01-26 16:00:00+00:00,7.15,64.7221,0.0,1030.6884
2024-01-26 17:00:00+00:00,4.9,74.52032,0.0,1031.4707
2024-01-26 18:00:00+00:00,4.15,79.67007,0.0,1031.9641
2024-01-26 19:00:00+00:00,3.8,83.73136,0.0,1032.3608
2024-01-26 20:00:00+00:00,3.25,87.98115,0.0,1032.2571
2024-01-26 21:00:00+00:00,2.9,89.221146,0.0,1032.6537
2024-01-26 22:00:00+00:00,2.55,90.15933,0.0,1033.0503
2024-01-26 23:00:00+00:00,2.2,90.45789,0.0,1033.0477
2024-01-27 00:00:00+00:00,1.95,91.094315,0.0,1033.0458
2024-01-27 01:00:00+00:00,1.65,93.06818,0.0,1033.0436
2024-01-27 02:00:00+00:00,1.15,93.716774,0.0,1032.7402
2024-01-27 03:00:00+00:00,0.8,93.3598,0.0,1032.7377
2024-01-27 04:00:00+00:00,0.4,93.33866,0.0,1032.7349
2024-01-27 05:00:00+00:00,-0.1,92.97136,0.0,1032.3317
2024-01-27 06:00:00+00:00,-0.4,92.27486,0.0,1031.8304
2024-01-27 07:00:00+00:00,0.4,92.323654,0.0,1031.8367
2024-01-27 08:00:00+00:00,1.05,94.05171,0.0,1031.8414
2024-01-27 09:00:00+00:00,3.65,90.24272,0.0,1032.0604
2024-01-27 10:00:00+00:00,5.65,86.0527,0.0,1032.075
2024-01-27 11:00:00+00:00,7.35,80.13424,0.0,1031.9874
2024-01-27 12:00:00+00:00,7.9,72.193596,0.0,1031.4923
2024-01-27 13:00:00+00:00,8.2,73.01764,0.0,1031.295
2024-01-27 14:00:00+00:00,8.45,69.548164,0.0,1030.6976
2024-01-27 15:00:00+00:00,8.1,70.96765,0.0,1029.8967
2024-01-27 16:00:00+00:00,6.85,78.664764,0.0,1029.6884
2024-01-27 17:00:00+00:00,4.6,88.7306,0.0,1029.5721
2024-01-27 18:00:00+00:00,3.85,90.90159,0.0,1029.3671
2024-01-27 19:00:00+00:00,3.35,90.86627,0.0,1029.1638
2024-01-27 20:00:00+00:00,3.3,88.618004,0.0,1028.6644
2024-01-27 21:00:00+00:00,3.85,84.946205,0.0,1028.369
2024-01-27 22:00:00+00:00,4.8,79.1965,0.0,1027.4779
2024-01-27 23:00:00+00:00,4.85,76.68807,0.0,1026.8794
2024-01-28 00:00:00+00:00,4.8,75.04161,0.0,1026.3801
2024-01-28 01:00:00+00:00,2.05,85.04955,0.0,1025.9606
2024-01-28 02:00:00+00:00,2.4,84.474686,0.0,1024.8654
2024-01-28 03:00:00+00:00,2.3,86.0073,0.0,1024.166
2024-01-28 04:00:00+00:00,2.05,87.236336,0.0,1023.6651
2024-01-28 05:00:00+00:00,2.0,88.18415,0.0,1023.0659
2024-01-28 06:00:00+00:00,1.45,89.42377,0.0,1022.5628
2024-01-28 07:00:00+00:00,1.35,89.74083,0.0,1022.0632
2024-01-28 08:00:00+00:00,1.95,89.14186,0.0,1021.7682
2024-01-28 09:00:00+00:00,4.55,83.82181,0.0,1021.5875
2024-01-28 10:00:00+00:00,6.55,80.87054,0.0,1021.10284
2024-01-28 11:00:00+00:00,8.4,78.07821,0.0,1020.41736
2024-01-28 12:00:00+00:00,9.6,76.12692,0.0,1019.9267
2024-01-28 13:00:00+00:00,10.75,75.27489,0.0,1019.63525
2024-01-28 14:00:00+00:00,10.75,74.758835,0.0,1019.03644
2024-01-28 15:00:00+00:00,10.2,78.08548,0.0,1018.4337
2024-01-28 16:00:00+00:00,9.15,79.01064,0.0,1018.32684
2024-01-28 17:00:00+00:00,7.6,85.36072,0.0,1018.71497
2024-01-28 18:00:00+00:00,7.05,87.71097,0.0,1018.71106
2024-01-28 19:00:00+00:00,6.75,89.84574,0.0,1019.00867
2024-01-28 20:00:00+00:00,6.7,91.73356,0.0,1019.00793
2024-01-28 21:00:00+00:00,7.1,91.44215,0.0,1018.9111
2024-01-28 22:00:00+00:00,7.6,91.47485,0.0,1019.3138
2024-01-28 23:00:00+00:00,7.7,92.4304,0.0,1019.714
2024-01-29 00:00:00+00:00,8.4,92.470955,0.0,1020.1179
2024-01-29 01:00:00+00:00,9.4,93.791214,0.0,1019.8255
2024-01-29 02:00:00+00:00,9.35,94.426186,0.0,1020.0249
2024-01-29 03:00:00+00:00,9.55,94.43477,0.0,1020.0261
2024-01-29 04:00:00+00:00,9.9,94.13191,0.0,1020.0287
2024-01-29 05:00:00+00:00,9.95,94.77057,0.0,1020.02905
2024-01-29 06:00:00+00:00,9.95,94.4519,0.0,1020.4283
2024-01-29 07:00:00+00:00,9.95,93.81738,0.0,1020.7277
2024-01-29 08:00:00+00:00,9.9,93.49903,0.0,1021.1265
2024-01-29 09:00:00+00:00,10.25,91.6451,0.0,1021.02905
2024-01-29 10:00:00+00:00,10.85,89.55072,0.0,1021.13293
2024-01-29 11:00:00+00:00,11.95,85.53363,0.0,1021.2405
2024-01-29 12:00:00+00:00,12.85,81.71495,0.0,1020.7475
2024-01-29 13:00:00+00:00,12.85,85.059044,0.0,1020.64764
2024-01-29 14:00:00+00:00,12.85,84.2119,0.0,1020.3482
2024-01-29 15:00:00+00:00,12.15,84.98309,0.0,1020.04407
2024-01-29 16:00:00+00:00,10.95,87.17702,0.0,1020.0361
2024-01-29 17:00:00+00:00,9.95,89.48008,0.0,1020.12885
2024-01-29 18:00:00+00:00,9.9,87.6715,0.0,1020.1285
2024-01-29 19:00:00+00:00,10.35,85.36368,0.0,1020.1317
2024-01-29 20:00:00+00:00,10.8,83.69182,0.0,1020.0347
2024-01-29 21:00:00+00:00,12.1,78.374695,0.0,1019.5447
2024-01-29 22:00:00+00:00,12.35,77.8839,0.0,1019.2472
2024-01-29 23:00:00+00:00,12.55,79.24001,0.0,1019.04877
2024-01-30 00:00:00+00:00,12.0,84.11484,0.0,1019.04504
2024-01-30 01:00:00+00:00,11.7,85.50726,0.0,1018.9433
2024-01-30 02:00:00+00:00,10.45,87.721725,0.0,1018.9347
2024-01-30 03:00:00+00:00,9.8,88.561226,0.0,1019.02997
2024-01-30 04:00:00+00:00,9.55,88.53984,0.0,1018.9283
2024-01-30 05:00:00+00:00,9.6,88.84597,0.0,1019.228
2024-01-30 06:00:00+00:00,9.3,85.54317,0.0,1020.1243
2024-01-30 07:00:00+00:00,8.3,81.959915,0.0,1021.2152
2024-01-30 08:00:00+00:00,7.95,79.66165,0.0,1022.70966
2024-01-30 09:00:00+00:00,7.75,77.70435,0.0,1024.006
2024-01-30 10:00:00+00:00,8.05,76.13467,0.0,1025.1056
2024-01-30 11:00:00+00:00,8.55,74.11442,0.0,1026.0074
2024-01-30 12:00:00+00:00,8.8,72.87229,0.0,1026.708
2024-01-30 13:00:00+00:00,8.45,72.04358,0.0,1027.3043
2024-01-30 14:00:00+00:00,8.3,72.0151,0.0,1027.9022
2024-01-30 15:00:00+00:00,7.9,74.25937,0.0,1028.3983
2024-01-30 16:00:00+00:00,7.85,75.03877,0.0,1029.2964
2024-01-30 17:00:00+00:00,7.55,77.40044,0.0,1029.5934
2024-01-30 18:00:00+00:00,6.8,84.67941,0.0,1029.9874
2024-01-30 19:00:00+00:00,6.4,84.93148,0.0,1030.9827
2024-01-30 20:00:00+00:00,6.1,86.40232,0.0,1031.8787
2024-01-30 21:00:00+00:00,6.1,86.09957,0.0,1032.4774
2024-01-30 22:00:00+00:00,5.95,87.60878,0.0,1032.5762
2024-01-30 23:00:00+00:00,4.9,90.97511,0.0,1032.6682
